history_id,project_id,snapshot_date,land_required_ha,land_acquired_ha,parcels_total,parcels_completed,parcels_in_progress,parcels_blocked,compensation_paid_total,compensation_pending_total,stages_snapshot,metadata_json
90897094-c9be-496e-9cf2-5440808bd9ab,PROJ-1000,2025-01-01T00:00:00+00:00,290.67,1.58,735,4,723,8,197957408.36,520789737.52,"{""SURVEY"": 216, ""VERIFICATION"": 216, ""OBJECTION"": 4, ""AWARD"": 144, ""COMPENSATION"": 144}","{""officers_count"": 4, ""sla_breaches"": 10, ""disputes_count"": 13, ""avg_days_per_stage"": 114.5, ""stage_complexity"": 0.8466}"
cc76bf6d-cc58-48a1-8196-c6c1c6174bf0,PROJ-1000,2025-01-16T00:00:00+00:00,290.67,2.37,735,6,717,12,365495192.59,616971902.09,"{""SURVEY"": 215, ""VERIFICATION"": 215, ""OBJECTION"": 7, ""AWARD"": 143, ""COMPENSATION"": 143}","{""officers_count"": 2, ""sla_breaches"": 5, ""disputes_count"": 15, ""avg_days_per_stage"": 87.4, ""stage_complexity"": 0.8653}"
c0dbb06d-e6f8-4a0f-93d1-3158612a74b3,PROJ-1000,2025-01-31T00:00:00+00:00,290.67,4.75,735,12,702,21,214323265.87,591585592.76,"{""SURVEY"": 210, ""VERIFICATION"": 210, ""OBJECTION"": 12, ""AWARD"": 140, ""COMPENSATION"": 140}","{""officers_count"": 2, ""sla_breaches"": 6, ""disputes_count"": 24, ""avg_days_per_stage"": 112.4, ""stage_complexity"": 0.9064}"
49cb81c5-4c65-4ebd-87a3-4b3747447009,PROJ-1000,2025-02-15T00:00:00+00:00,290.67,7.12,735,18,685,32,238935152.64,943917805.95,"{""SURVEY"": 205, ""VERIFICATION"": 205, ""OBJECTION"": 19, ""AWARD"": 137, ""COMPENSATION"": 137}","{""officers_count"": 5, ""sla_breaches"": 9, ""disputes_count"": 35, ""avg_days_per_stage"": 110.9, ""stage_complexity"": 0.8528}"
29366543-2cfd-404d-945e-10d68a084101,PROJ-1000,2025-03-02T00:00:00+00:00,290.67,7.51,735,19,674,42,139811401.58,520972218.1,"{""SURVEY"": 202, ""VERIFICATION"": 202, ""OBJECTION"": 25, ""AWARD"": 134, ""COMPENSATION"": 134}","{""officers_count"": 3, ""sla_breaches"": 7, ""disputes_count"": 45, ""avg_days_per_stage"": 129.9, ""stage_complexity"": 0.905}"
2801a34c-89ce-43f7-9f96-d31c70ed483b,PROJ-1000,2025-03-17T00:00:00+00:00,290.67,9.89,735,25,656,54,176662046.4,753159008.64,"{""SURVEY"": 196, ""VERIFICATION"": 196, ""OBJECTION"": 32, ""AWARD"": 131, ""COMPENSATION"": 131}","{""officers_count"": 3, ""sla_breaches"": 4, ""disputes_count"": 64, ""avg_days_per_stage"": 74.3, ""stage_complexity"": 0.76}"
7a54e48d-5d56-4c3e-baed-e9639865572f,PROJ-1000,2025-04-01T00:00:00+00:00,290.67,12.26,735,31,639,65,249733185.15,593164098.8,"{""SURVEY"": 191, ""VERIFICATION"": 191, ""OBJECTION"": 39, ""AWARD"": 127, ""COMPENSATION"": 127}","{""officers_count"": 5, ""sla_breaches"": 6, ""disputes_count"": 75, ""avg_days_per_stage"": 82.2, ""stage_complexity"": 0.7964}"
681e035e-2240-4b37-a1b8-6becd42634c4,PROJ-1000,2025-04-16T00:00:00+00:00,290.67,14.63,735,37,628,70,215615014.32,788318228.78,"{""SURVEY"": 188, ""VERIFICATION"": 188, ""OBJECTION"": 42, ""AWARD"": 125, ""COMPENSATION"": 125}","{""officers_count"": 3, ""sla_breaches"": 11, ""disputes_count"": 78, ""avg_days_per_stage"": 130.6, ""stage_complexity"": 0.899}"
84a1046a-85f1-4687-a577-c90aa5e9f0b0,PROJ-1000,2025-05-01T00:00:00+00:00,290.67,15.82,735,40,614,81,167737306.31,879806701.93,"{""SURVEY"": 184, ""VERIFICATION"": 184, ""OBJECTION"": 48, ""AWARD"": 122, ""COMPENSATION"": 122}","{""officers_count"": 5, ""sla_breaches"": 9, ""disputes_count"": 83, ""avg_days_per_stage"": 131.5, ""stage_complexity"": 0.8955}"
2c4eb439-829c-4b5c-9524-aec54d1b49c6,PROJ-1000,2025-05-16T00:00:00+00:00,290.67,16.21,735,41,609,85,160066980.24,673198383.62,"{""SURVEY"": 182, ""VERIFICATION"": 182, ""OBJECTION"": 51, ""AWARD"": 121, ""COMPENSATION"": 121}","{""officers_count"": 3, ""sla_breaches"": 10, ""disputes_count"": 89, ""avg_days_per_stage"": 87.6, ""stage_complexity"": 0.8506}"
8a9b418c-8086-41d2-80e3-afa1f0f135da,PROJ-1000,2025-05-31T00:00:00+00:00,290.67,18.19,735,46,593,96,355445001.88,525380845.85,"{""SURVEY"": 177, ""VERIFICATION"": 177, ""OBJECTION"": 57, ""AWARD"": 118, ""COMPENSATION"": 118}","{""officers_count"": 2, ""sla_breaches"": 4, ""disputes_count"": 99, ""avg_days_per_stage"": 128.7, ""stage_complexity"": 0.892}"
8d6845a2-39ae-43ae-9b67-ce97df3e0f1c,PROJ-1001,2025-01-01T00:00:00+00:00,692.92,10.46,530,8,513,9,316066385.76,1546995269.47,"{""SURVEY"": 153, ""VERIFICATION"": 153, ""OBJECTION"": 5, ""AWARD"": 102, ""COMPENSATION"": 102}","{""officers_count"": 3, ""sla_breaches"": 6, ""disputes_count"": 6, ""avg_days_per_stage"": 104.6, ""stage_complexity"": 0.8815}"
ec5b0df7-82b6-4d93-a705-22bd27508d3e,PROJ-1001,2025-01-16T00:00:00+00:00,692.92,20.92,530,16,500,14,277068180.58,1665289289.12,"{""SURVEY"": 150, ""VERIFICATION"": 150, ""OBJECTION"": 8, ""AWARD"": 100, ""COMPENSATION"": 100}","{""officers_count"": 5, ""sla_breaches"": 7, ""disputes_count"": 6, ""avg_days_per_stage"": 71.7, ""stage_complexity"": 0.8984}"
c990a937-4dbe-4ef0-8336-4a980a9ea5f1,PROJ-1001,2025-01-31T00:00:00+00:00,692.92,27.46,530,21,492,17,361068929.6,1349294520.55,"{""SURVEY"": 147, ""VERIFICATION"": 147, ""OBJECTION"": 10, ""AWARD"": 98, ""COMPENSATION"": 98}","{""officers_count"": 5, ""sla_breaches"": 8, ""disputes_count"": 8, ""avg_days_per_stage"": 105.1, ""stage_complexity"": 0.7563}"
57b006b2-2490-4e28-a8fd-46977c17dcd0,PROJ-1001,2025-02-15T00:00:00+00:00,692.92,36.61,530,28,481,21,106681974.35,1723121241.23,"{""SURVEY"": 144, ""VERIFICATION"": 144, ""OBJECTION"": 12, ""AWARD"": 96, ""COMPENSATION"": 96}","{""officers_count"": 3, ""sla_breaches"": 6, ""disputes_count"": 7, ""avg_days_per_stage"": 84.8, ""stage_complexity"": 0.7193}"
f1a5dae3-7d2e-4f53-b323-248f68814c32,PROJ-1001,2025-03-02T00:00:00+00:00,692.92,40.53,530,31,473,26,448624734.15,1797462868.12,"{""SURVEY"": 141, ""VERIFICATION"": 141, ""OBJECTION"": 15, ""AWARD"": 94, ""COMPENSATION"": 94}","{""officers_count"": 5, ""sla_breaches"": 5, ""disputes_count"": 7, ""avg_days_per_stage"": 104.0, ""stage_complexity"": 0.7775}"
7bc325e4-bcd6-4640-b991-04fa57e12993,PROJ-1001,2025-03-17T00:00:00+00:00,692.92,48.37,530,37,465,28,221159390.54,1403171009.61,"{""SURVEY"": 139, ""VERIFICATION"": 139, ""OBJECTION"": 16, ""AWARD"": 93, ""COMPENSATION"": 93}","{""officers_count"": 6, ""sla_breaches"": 5, ""disputes_count"": 4, ""avg_days_per_stage"": 95.4, ""stage_complexity"": 0.846}"
eb2db3b4-5abe-4418-b4b0-a9a4198abbee,PROJ-1001,2025-04-01T00:00:00+00:00,692.92,52.3,530,40,459,31,148477782.16,1785231101.2,"{""SURVEY"": 137, ""VERIFICATION"": 137, ""OBJECTION"": 18, ""AWARD"": 91, ""COMPENSATION"": 91}","{""officers_count"": 3, ""sla_breaches"": 7, ""disputes_count"": 8, ""avg_days_per_stage"": 89.2, ""stage_complexity"": 0.7806}"
2fee4738-fc00-4bc3-b8fc-4ead6bcdb240,PROJ-1001,2025-04-16T00:00:00+00:00,692.92,54.91,530,42,453,35,246846670.69,1659810397.52,"{""SURVEY"": 135, ""VERIFICATION"": 135, ""OBJECTION"": 21, ""AWARD"": 90, ""COMPENSATION"": 90}","{""officers_count"": 3, ""sla_breaches"": 10, ""disputes_count"": 3, ""avg_days_per_stage"": 59.0, ""stage_complexity"": 0.7547}"
bbb0c3a8-a489-4721-a6bf-ace227475848,PROJ-1001,2025-05-01T00:00:00+00:00,692.92,61.45,530,47,443,40,439680595.44,1428514849.94,"{""SURVEY"": 132, ""VERIFICATION"": 132, ""OBJECTION"": 24, ""AWARD"": 88, ""COMPENSATION"": 88}","{""officers_count"": 4, ""sla_breaches"": 5, ""disputes_count"": 5, ""avg_days_per_stage"": 70.9, ""stage_complexity"": 0.8669}"
afd25284-ef40-40d3-a8c3-0a7effa1d044,PROJ-1001,2025-05-16T00:00:00+00:00,692.92,67.98,530,52,436,42,124400760.85,1459772298.61,"{""SURVEY"": 130, ""VERIFICATION"": 130, ""OBJECTION"": 25, ""AWARD"": 87, ""COMPENSATION"": 87}","{""officers_count"": 4, ""sla_breaches"": 5, ""disputes_count"": 6, ""avg_days_per_stage"": 88.9, ""stage_complexity"": 0.8156}"
ee5f0a89-c7a8-434e-a18c-d81161c79e73,PROJ-1001,2025-05-31T00:00:00+00:00,692.92,73.21,530,56,428,46,282145333.98,1509714326.63,"{""SURVEY"": 128, ""VERIFICATION"": 128, ""OBJECTION"": 27, ""AWARD"": 85, ""COMPENSATION"": 85}","{""officers_count"": 3, ""sla_breaches"": 9, ""disputes_count"": 5, ""avg_days_per_stage"": 57.0, ""stage_complexity"": 0.713}"
7f57e0da-826a-4ebf-9175-b393342c991a,PROJ-1001,2025-06-15T00:00:00+00:00,692.92,83.67,530,64,414,52,131414546.16,1586999395.51,"{""SURVEY"": 124, ""VERIFICATION"": 124, ""OBJECTION"": 31, ""AWARD"": 82, ""COMPENSATION"": 82}","{""officers_count"": 5, ""sla_breaches"": 10, ""disputes_count"": 5, ""avg_days_per_stage"": 63.8, ""stage_complexity"": 0.8822}"
d238c51a-eba3-40b0-b683-e7b511843cd2,PROJ-1001,2025-06-30T00:00:00+00:00,692.92,86.29,530,66,407,57,141409858.16,1454898915.46,"{""SURVEY"": 122, ""VERIFICATION"": 122, ""OBJECTION"": 34, ""AWARD"": 81, ""COMPENSATION"": 81}","{""officers_count"": 4, ""sla_breaches"": 8, ""disputes_count"": 3, ""avg_days_per_stage"": 99.3, ""stage_complexity"": 0.895}"
4bea9166-e05f-46d0-a098-9554443265f1,PROJ-1002,2025-01-01T00:00:00+00:00,261.48,1.69,774,5,769,0,325536229.91,474830623.89,"{""SURVEY"": 230, ""VERIFICATION"": 230, ""OBJECTION"": 0, ""AWARD"": 153, ""COMPENSATION"": 153}","{""officers_count"": 5, ""sla_breaches"": 5, ""disputes_count"": 4, ""avg_days_per_stage"": 42.2, ""stage_complexity"": 0.4896}"
c2810f95-6fef-4f9f-be87-26662dcb7c0b,PROJ-1002,2025-01-16T00:00:00+00:00,261.48,3.72,774,11,761,2,307533848.14,339678683.15,"{""SURVEY"": 228, ""VERIFICATION"": 228, ""OBJECTION"": 1, ""AWARD"": 152, ""COMPENSATION"": 152}","{""officers_count"": 3, ""sla_breaches"": 4, ""disputes_count"": 3, ""avg_days_per_stage"": 42.4, ""stage_complexity"": 0.4387}"
53409cd1-0e7c-4a45-8a1f-647676c76e62,PROJ-1002,2025-01-31T00:00:00+00:00,261.48,6.42,774,19,753,2,365792510.99,245223094.84,"{""SURVEY"": 225, ""VERIFICATION"": 225, ""OBJECTION"": 1, ""AWARD"": 150, ""COMPENSATION"": 150}","{""officers_count"": 3, ""sla_breaches"": 2, ""disputes_count"": 2, ""avg_days_per_stage"": 50.3, ""stage_complexity"": 0.5107}"
646e5686-e5f5-4db1-a73c-6ae98099f188,PROJ-1002,2025-02-15T00:00:00+00:00,261.48,9.12,774,27,744,3,302026356.36,446741760.37,"{""SURVEY"": 223, ""VERIFICATION"": 223, ""OBJECTION"": 1, ""AWARD"": 148, ""COMPENSATION"": 148}","{""officers_count"": 6, ""sla_breaches"": 5, ""disputes_count"": 7, ""avg_days_per_stage"": 54.5, ""stage_complexity"": 0.6709}"
34d98f87-3b55-4e94-8bca-42338f75b0a2,PROJ-1002,2025-03-02T00:00:00+00:00,261.48,13.18,774,39,729,6,175644408.79,302024850.38,"{""SURVEY"": 218, ""VERIFICATION"": 218, ""OBJECTION"": 3, ""AWARD"": 145, ""COMPENSATION"": 145}","{""officers_count"": 6, ""sla_breaches"": 5, ""disputes_count"": 6, ""avg_days_per_stage"": 35.2, ""stage_complexity"": 0.6293}"
0cdbb4a9-34b2-4fa0-bbc6-909a3d311234,PROJ-1002,2025-03-17T00:00:00+00:00,261.48,15.54,774,46,721,7,245118953.76,262354394.02,"{""SURVEY"": 216, ""VERIFICATION"": 216, ""OBJECTION"": 4, ""AWARD"": 144, ""COMPENSATION"": 144}","{""officers_count"": 5, ""sla_breaches"": 5, ""disputes_count"": 4, ""avg_days_per_stage"": 62.7, ""stage_complexity"": 0.4788}"
2daa76ce-f205-4cec-bffa-2c0fb0ce7f2f,PROJ-1002,2025-04-01T00:00:00+00:00,261.48,17.23,774,51,716,7,302255225.38,267403171.68,"{""SURVEY"": 214, ""VERIFICATION"": 214, ""OBJECTION"": 4, ""AWARD"": 143, ""COMPENSATION"": 143}","{""officers_count"": 5, ""sla_breaches"": 2, ""disputes_count"": 4, ""avg_days_per_stage"": 47.6, ""stage_complexity"": 0.6896}"
edfccdc0-394c-4000-91b2-792963872a4d,PROJ-1002,2025-04-16T00:00:00+00:00,261.48,21.96,774,65,702,7,183282385.99,453617233.9,"{""SURVEY"": 210, ""VERIFICATION"": 210, ""OBJECTION"": 4, ""AWARD"": 140, ""COMPENSATION"": 140}","{""officers_count"": 4, ""sla_breaches"": 5, ""disputes_count"": 3, ""avg_days_per_stage"": 40.2, ""stage_complexity"": 0.6202}"
5182390c-805f-430a-8eec-c11e2098b287,PROJ-1002,2025-05-01T00:00:00+00:00,261.48,27.03,774,80,688,6,263844887.54,472226222.57,"{""SURVEY"": 206, ""VERIFICATION"": 206, ""OBJECTION"": 3, ""AWARD"": 137, ""COMPENSATION"": 137}","{""officers_count"": 4, ""sla_breaches"": 5, ""disputes_count"": 6, ""avg_days_per_stage"": 59.3, ""stage_complexity"": 0.4231}"
379c3fd4-a91e-40ce-8331-0e52f5e16d6d,PROJ-1003,2025-01-01T00:00:00+00:00,552.17,0.94,589,1,580,8,376654337.88,1401548395.84,"{""SURVEY"": 174, ""VERIFICATION"": 174, ""OBJECTION"": 4, ""AWARD"": 116, ""COMPENSATION"": 116}","{""officers_count"": 4, ""sla_breaches"": 4, ""disputes_count"": 12, ""avg_days_per_stage"": 103.4, ""stage_complexity"": 0.9135}"
d35ed53b-d278-4608-9898-d834575c92be,PROJ-1003,2025-01-16T00:00:00+00:00,552.17,1.87,589,2,571,16,770795018.01,1936288342.06,"{""SURVEY"": 171, ""VERIFICATION"": 171, ""OBJECTION"": 9, ""AWARD"": 114, ""COMPENSATION"": 114}","{""officers_count"": 5, ""sla_breaches"": 9, ""disputes_count"": 21, ""avg_days_per_stage"": 108.9, ""stage_complexity"": 0.8048}"
bc16b6ef-dc2b-4c1e-8093-2adfc2e9e4b9,PROJ-1003,2025-01-31T00:00:00+00:00,552.17,7.5,589,8,555,26,749763319.04,1203172486.86,"{""SURVEY"": 166, ""VERIFICATION"": 166, ""OBJECTION"": 15, ""AWARD"": 111, ""COMPENSATION"": 111}","{""officers_count"": 2, ""sla_breaches"": 5, ""disputes_count"": 28, ""avg_days_per_stage"": 135.4, ""stage_complexity"": 0.801}"
2a568ddd-a2e5-46f7-b347-ee0521a41f0d,PROJ-1003,2025-02-15T00:00:00+00:00,552.17,10.31,589,11,543,35,523068141.73,1429673048.58,"{""SURVEY"": 162, ""VERIFICATION"": 162, ""OBJECTION"": 21, ""AWARD"": 108, ""COMPENSATION"": 108}","{""officers_count"": 3, ""sla_breaches"": 4, ""disputes_count"": 38, ""avg_days_per_stage"": 80.4, ""stage_complexity"": 0.9433}"
f4860d66-7cc5-40c5-bdbf-a5a3e1d3aeb2,PROJ-1003,2025-03-02T00:00:00+00:00,552.17,11.25,589,12,536,41,493037561.11,1205697768.22,"{""SURVEY"": 160, ""VERIFICATION"": 160, ""OBJECTION"": 24, ""AWARD"": 107, ""COMPENSATION"": 107}","{""officers_count"": 5, ""sla_breaches"": 9, ""disputes_count"": 46, ""avg_days_per_stage"": 111.5, ""stage_complexity"": 0.8972}"
213389bc-8e01-43cb-aa40-cca2cebebaf2,PROJ-1003,2025-03-17T00:00:00+00:00,552.17,12.19,589,13,525,51,785017958.96,2173988773.69,"{""SURVEY"": 157, ""VERIFICATION"": 157, ""OBJECTION"": 30, ""AWARD"": 105, ""COMPENSATION"": 105}","{""officers_count"": 5, ""sla_breaches"": 5, ""disputes_count"": 60, ""avg_days_per_stage"": 90.9, ""stage_complexity"": 0.7849}"
ee5448d7-3b40-4388-9573-3788abc6b0c9,PROJ-1004,2025-01-01T00:00:00+00:00,534.98,4.78,448,4,428,16,408700530.48,903625953.55,"{""SURVEY"": 128, ""VERIFICATION"": 128, ""OBJECTION"": 9, ""AWARD"": 85, ""COMPENSATION"": 85}","{""officers_count"": 3, ""sla_breaches"": 10, ""disputes_count"": 19, ""avg_days_per_stage"": 74.4, ""stage_complexity"": 0.7868}"
45e23895-7b5b-4296-88d1-9586debe0cba,PROJ-1004,2025-01-16T00:00:00+00:00,534.98,8.36,448,7,421,20,521717352.99,927800502.83,"{""SURVEY"": 126, ""VERIFICATION"": 126, ""OBJECTION"": 12, ""AWARD"": 84, ""COMPENSATION"": 84}","{""officers_count"": 3, ""sla_breaches"": 4, ""disputes_count"": 22, ""avg_days_per_stage"": 123.7, ""stage_complexity"": 0.7544}"
d209ce66-27ff-44f8-b6e9-b958d050d2ee,PROJ-1004,2025-01-31T00:00:00+00:00,534.98,15.52,448,13,406,29,484167930.39,1385726987.56,"{""SURVEY"": 121, ""VERIFICATION"": 121, ""OBJECTION"": 17, ""AWARD"": 81, ""COMPENSATION"": 81}","{""officers_count"": 2, ""sla_breaches"": 7, ""disputes_count"": 32, ""avg_days_per_stage"": 135.1, ""stage_complexity"": 0.9252}"
9516ad97-14ff-48c6-a2ec-629554a0384e,PROJ-1004,2025-02-15T00:00:00+00:00,534.98,22.69,448,19,389,40,534743852.17,1481074625.3,"{""SURVEY"": 116, ""VERIFICATION"": 116, ""OBJECTION"": 24, ""AWARD"": 77, ""COMPENSATION"": 77}","{""officers_count"": 2, ""sla_breaches"": 8, ""disputes_count"": 47, ""avg_days_per_stage"": 124.3, ""stage_complexity"": 0.8803}"
38c8b8e8-7452-487e-a3ba-c9acc6ace759,PROJ-1004,2025-03-02T00:00:00+00:00,534.98,26.27,448,22,380,46,454559474.03,1433698327.56,"{""SURVEY"": 114, ""VERIFICATION"": 114, ""OBJECTION"": 27, ""AWARD"": 76, ""COMPENSATION"": 76}","{""officers_count"": 3, ""sla_breaches"": 8, ""disputes_count"": 48, ""avg_days_per_stage"": 116.4, ""stage_complexity"": 0.8232}"
1652864b-e841-471f-91d9-e5f38bbb089d,PROJ-1004,2025-03-17T00:00:00+00:00,534.98,27.47,448,23,371,54,483137568.19,1047738975.76,"{""SURVEY"": 111, ""VERIFICATION"": 111, ""OBJECTION"": 32, ""AWARD"": 74, ""COMPENSATION"": 74}","{""officers_count"": 3, ""sla_breaches"": 8, ""disputes_count"": 64, ""avg_days_per_stage"": 140.0, ""stage_complexity"": 0.8226}"
bc98fede-fb40-4501-8384-c4886e42b591,PROJ-1005,2025-01-01T00:00:00+00:00,120.44,4.39,576,21,551,4,0.0,76603986.26,"{""SURVEY"": 165, ""VERIFICATION"": 165, ""OBJECTION"": 2, ""AWARD"": 110, ""COMPENSATION"": 110}","{""officers_count"": 7, ""sla_breaches"": 1, ""disputes_count"": 1, ""avg_days_per_stage"": 30.5, ""stage_complexity"": 0.2413}"
8100dfb9-10a5-400d-a4eb-5630370c7677,PROJ-1005,2025-01-16T00:00:00+00:00,120.44,7.74,576,37,535,2,12767331.04,74050520.05,"{""SURVEY"": 160, ""VERIFICATION"": 160, ""OBJECTION"": 1, ""AWARD"": 107, ""COMPENSATION"": 107}","{""officers_count"": 7, ""sla_breaches"": 2, ""disputes_count"": 2, ""avg_days_per_stage"": 17.1, ""stage_complexity"": 0.2008}"
82eab0e9-0cf1-469e-9f92-4c1b772d016e,PROJ-1005,2025-01-31T00:00:00+00:00,120.44,12.34,576,59,515,3,38301993.13,68943587.63,"{""SURVEY"": 154, ""VERIFICATION"": 154, ""OBJECTION"": 1, ""AWARD"": 103, ""COMPENSATION"": 103}","{""officers_count"": 11, ""sla_breaches"": 1, ""disputes_count"": 0, ""avg_days_per_stage"": 30.4, ""stage_complexity"": 0.2168}"
e484d089-5eab-4199-a19e-1155396c950d,PROJ-1005,2025-02-15T00:00:00+00:00,120.44,19.03,576,91,482,2,76603986.26,61283189.0,"{""SURVEY"": 144, ""VERIFICATION"": 144, ""OBJECTION"": 1, ""AWARD"": 96, ""COMPENSATION"": 96}","{""officers_count"": 5, ""sla_breaches"": 0, ""disputes_count"": 3, ""avg_days_per_stage"": 34.6, ""stage_complexity"": 0.3432}"
6de719e2-2fa0-4d5b-ac92-10d804992b6c,PROJ-1006,2025-01-01T00:00:00+00:00,664.51,12.12,329,6,313,10,488847968.99,1567837499.07,"{""SURVEY"": 93, ""VERIFICATION"": 93, ""OBJECTION"": 6, ""AWARD"": 62, ""COMPENSATION"": 62}","{""officers_count"": 4, ""sla_breaches"": 8, ""disputes_count"": 13, ""avg_days_per_stage"": 67.0, ""stage_complexity"": 0.9008}"
d458f675-7732-47fc-a337-556731951771,PROJ-1006,2025-01-16T00:00:00+00:00,664.51,18.18,329,9,305,15,538782173.48,1118510129.64,"{""SURVEY"": 91, ""VERIFICATION"": 91, ""OBJECTION"": 9, ""AWARD"": 61, ""COMPENSATION"": 61}","{""officers_count"": 5, ""sla_breaches"": 7, ""disputes_count"": 23, ""avg_days_per_stage"": 76.9, ""stage_complexity"": 0.9276}"
247e6825-1fed-47b9-bd0f-7d32f530bf09,PROJ-1006,2025-01-31T00:00:00+00:00,664.51,20.2,329,10,294,25,243007021.81,1274410920.33,"{""SURVEY"": 88, ""VERIFICATION"": 88, ""OBJECTION"": 15, ""AWARD"": 58, ""COMPENSATION"": 58}","{""officers_count"": 2, ""sla_breaches"": 4, ""disputes_count"": 32, ""avg_days_per_stage"": 87.5, ""stage_complexity"": 0.9094}"
27b45811-7a20-4627-9a6f-3bc45d3f50f7,PROJ-1006,2025-02-15T00:00:00+00:00,664.51,32.32,329,16,276,37,489212693.11,919030070.33,"{""SURVEY"": 82, ""VERIFICATION"": 82, ""OBJECTION"": 22, ""AWARD"": 55, ""COMPENSATION"": 55}","{""officers_count"": 2, ""sla_breaches"": 11, ""disputes_count"": 44, ""avg_days_per_stage"": 122.3, ""stage_complexity"": 0.8315}"
fc3ffa56-f123-4026-9f05-541e26c2478c,PROJ-1006,2025-03-02T00:00:00+00:00,664.51,38.38,329,19,261,49,270819536.26,1438716558.69,"{""SURVEY"": 78, ""VERIFICATION"": 78, ""OBJECTION"": 29, ""AWARD"": 52, ""COMPENSATION"": 52}","{""officers_count"": 2, ""sla_breaches"": 5, ""disputes_count"": 55, ""avg_days_per_stage"": 106.8, ""stage_complexity"": 0.846}"
4152e6db-56cd-4f20-989c-7daa32e01a0c,PROJ-1007,2025-01-01T00:00:00+00:00,89.9,0.68,396,3,382,11,126742426.2,329817623.52,"{""SURVEY"": 114, ""VERIFICATION"": 114, ""OBJECTION"": 6, ""AWARD"": 76, ""COMPENSATION"": 76}","{""officers_count"": 2, ""sla_breaches"": 4, ""disputes_count"": 15, ""avg_days_per_stage"": 126.1, ""stage_complexity"": 0.8998}"
5f0d1027-1e12-40d8-91e8-4414d57027ec,PROJ-1007,2025-01-16T00:00:00+00:00,89.9,0.91,396,4,374,18,142116820.12,317572401.49,"{""SURVEY"": 112, ""VERIFICATION"": 112, ""OBJECTION"": 10, ""AWARD"": 74, ""COMPENSATION"": 74}","{""officers_count"": 3, ""sla_breaches"": 8, ""disputes_count"": 21, ""avg_days_per_stage"": 83.1, ""stage_complexity"": 0.949}"
19fd1c23-e0b0-4866-8bf5-4a28d25f6036,PROJ-1007,2025-01-31T00:00:00+00:00,89.9,1.36,396,6,360,30,50135665.13,351362960.16,"{""SURVEY"": 108, ""VERIFICATION"": 108, ""OBJECTION"": 18, ""AWARD"": 72, ""COMPENSATION"": 72}","{""officers_count"": 5, ""sla_breaches"": 4, ""disputes_count"": 38, ""avg_days_per_stage"": 128.9, ""stage_complexity"": 0.8663}"
255fb4a9-8eca-438b-a213-85c5f9cbfadf,PROJ-1008,2025-01-01T00:00:00+00:00,634.08,13.69,695,15,676,2,0.0,782559513.73,"{""SURVEY"": 202, ""VERIFICATION"": 202, ""OBJECTION"": 1, ""AWARD"": 135, ""COMPENSATION"": 135}","{""officers_count"": 8, ""sla_breaches"": 0, ""disputes_count"": 0, ""avg_days_per_stage"": 28.0, ""stage_complexity"": 0.4069}"
52fbc484-0cd5-4e43-a316-0d1454b7a23d,PROJ-1008,2025-01-16T00:00:00+00:00,634.08,22.81,695,25,668,2,130426585.62,756474196.6,"{""SURVEY"": 200, ""VERIFICATION"": 200, ""OBJECTION"": 1, ""AWARD"": 133, ""COMPENSATION"": 133}","{""officers_count"": 6, ""sla_breaches"": 2, ""disputes_count"": 0, ""avg_days_per_stage"": 32.2, ""stage_complexity"": 0.2502}"
69951df2-e126-4688-b1c9-4b6414e14c98,PROJ-1008,2025-01-31T00:00:00+00:00,634.08,45.62,695,50,643,2,391279756.86,704303562.35,"{""SURVEY"": 192, ""VERIFICATION"": 192, ""OBJECTION"": 1, ""AWARD"": 128, ""COMPENSATION"": 128}","{""officers_count"": 8, ""sla_breaches"": 0, ""disputes_count"": 3, ""avg_days_per_stage"": 26.0, ""stage_complexity"": 0.2806}"
a15a642c-4c96-471b-a098-6331d1bfe877,PROJ-1008,2025-02-15T00:00:00+00:00,634.08,56.57,695,62,631,2,782559513.73,626047610.98,"{""SURVEY"": 189, ""VERIFICATION"": 189, ""OBJECTION"": 1, ""AWARD"": 126, ""COMPENSATION"": 126}","{""officers_count"": 12, ""sla_breaches"": 1, ""disputes_count"": 2, ""avg_days_per_stage"": 25.0, ""stage_complexity"": 0.2256}"
948b7015-ceb4-4c50-aca8-23ca847fd040,PROJ-1008,2025-03-02T00:00:00+00:00,634.08,83.94,695,92,601,0,1304265856.21,521706342.48,"{""SURVEY"": 180, ""VERIFICATION"": 180, ""OBJECTION"": 0, ""AWARD"": 120, ""COMPENSATION"": 120}","{""officers_count"": 5, ""sla_breaches"": 2, ""disputes_count"": 2, ""avg_days_per_stage"": 32.9, ""stage_complexity"": 0.4369}"
a6b83dc5-de6a-4303-9a04-6ee6c77ff1db,PROJ-1008,2025-03-17T00:00:00+00:00,634.08,96.71,695,106,589,0,1956398784.32,391279756.86,"{""SURVEY"": 176, ""VERIFICATION"": 176, ""OBJECTION"": 0, ""AWARD"": 117, ""COMPENSATION"": 117}","{""officers_count"": 5, ""sla_breaches"": 1, ""disputes_count"": 2, ""avg_days_per_stage"": 21.5, ""stage_complexity"": 0.3692}"
3808b69d-aab9-468d-8850-8ebd14ac512c,PROJ-1008,2025-04-01T00:00:00+00:00,634.08,105.83,695,116,579,1,2608531712.42,260853171.24,"{""SURVEY"": 173, ""VERIFICATION"": 173, ""OBJECTION"": 0, ""AWARD"": 115, ""COMPENSATION"": 115}","{""officers_count"": 6, ""sla_breaches"": 2, ""disputes_count"": 3, ""avg_days_per_stage"": 24.3, ""stage_complexity"": 0.4157}"
c8f42441-92c7-407e-b029-9b0f61946665,PROJ-1008,2025-04-16T00:00:00+00:00,634.08,119.52,695,131,563,0,2608531712.42,260853171.24,"{""SURVEY"": 168, ""VERIFICATION"": 168, ""OBJECTION"": 0, ""AWARD"": 112, ""COMPENSATION"": 112}","{""officers_count"": 10, ""sla_breaches"": 1, ""disputes_count"": 2, ""avg_days_per_stage"": 31.6, ""stage_complexity"": 0.3799}"
f0bc6a37-fff8-4736-9002-c42d50f9d463,PROJ-1008,2025-05-01T00:00:00+00:00,634.08,134.11,695,147,548,0,2608531712.42,260853171.24,"{""SURVEY"": 164, ""VERIFICATION"": 164, ""OBJECTION"": 0, ""AWARD"": 109, ""COMPENSATION"": 109}","{""officers_count"": 7, ""sla_breaches"": 0, ""disputes_count"": 0, ""avg_days_per_stage"": 25.0, ""stage_complexity"": 0.3087}"
d6b4409c-533f-4882-8d34-bb56ec534b9a,PROJ-1008,2025-05-16T00:00:00+00:00,634.08,166.05,695,182,513,0,2608531712.42,260853171.24,"{""SURVEY"": 153, ""VERIFICATION"": 153, ""OBJECTION"": 0, ""AWARD"": 102, ""COMPENSATION"": 102}","{""officers_count"": 10, ""sla_breaches"": 2, ""disputes_count"": 1, ""avg_days_per_stage"": 16.4, ""stage_complexity"": 0.3394}"
8925d9b2-b78d-4959-979f-4b964d38d680,PROJ-1008,2025-05-31T00:00:00+00:00,634.08,186.12,695,204,491,0,2608531712.42,260853171.24,"{""SURVEY"": 147, ""VERIFICATION"": 147, ""OBJECTION"": 0, ""AWARD"": 98, ""COMPENSATION"": 98}","{""officers_count"": 11, ""sla_breaches"": 2, ""disputes_count"": 3, ""avg_days_per_stage"": 23.7, ""stage_complexity"": 0.2735}"
ff2f9239-811e-4f75-aa13-b4cb9f73e922,PROJ-1008,2025-06-15T00:00:00+00:00,634.08,215.31,695,236,459,0,2608531712.42,260853171.24,"{""SURVEY"": 137, ""VERIFICATION"": 137, ""OBJECTION"": 0, ""AWARD"": 91, ""COMPENSATION"": 91}","{""officers_count"": 5, ""sla_breaches"": 2, ""disputes_count"": 2, ""avg_days_per_stage"": 15.0, ""stage_complexity"": 0.246}"
e719965d-1e2b-4e90-b3bc-12bdf49aa767,PROJ-1008,2025-06-30T00:00:00+00:00,634.08,225.35,695,247,448,1,2608531712.42,260853171.24,"{""SURVEY"": 134, ""VERIFICATION"": 134, ""OBJECTION"": 0, ""AWARD"": 89, ""COMPENSATION"": 89}","{""officers_count"": 10, ""sla_breaches"": 1, ""disputes_count"": 0, ""avg_days_per_stage"": 15.3, ""stage_complexity"": 0.4154}"
7eb67120-117c-45f5-abae-b2675139c039,PROJ-1009,2025-01-01T00:00:00+00:00,879.12,7.94,775,7,762,6,787815844.29,2793550909.71,"{""SURVEY"": 228, ""VERIFICATION"": 228, ""OBJECTION"": 3, ""AWARD"": 152, ""COMPENSATION"": 152}","{""officers_count"": 5, ""sla_breaches"": 5, ""disputes_count"": 8, ""avg_days_per_stage"": 62.5, ""stage_complexity"": 0.7918}"
aa21591a-46ad-4347-9956-5b71b0e274ed,PROJ-1009,2025-01-16T00:00:00+00:00,879.12,10.21,775,9,758,8,718901737.92,2310262695.26,"{""SURVEY"": 227, ""VERIFICATION"": 227, ""OBJECTION"": 4, ""AWARD"": 151, ""COMPENSATION"": 151}","{""officers_count"": 4, ""sla_breaches"": 6, ""disputes_count"": 7, ""avg_days_per_stage"": 100.9, ""stage_complexity"": 0.8762}"
d400633b-c8b6-4c9d-a913-bd1e077b952b,PROJ-1009,2025-01-31T00:00:00+00:00,879.12,15.88,775,14,750,11,428581147.3,3008180363.66,"{""SURVEY"": 225, ""VERIFICATION"": 225, ""OBJECTION"": 6, ""AWARD"": 150, ""COMPENSATION"": 150}","{""officers_count"": 4, ""sla_breaches"": 8, ""disputes_count"": 7, ""avg_days_per_stage"": 85.5, ""stage_complexity"": 0.8747}"
2132924d-7e6a-44e0-9bd9-de2461294918,PROJ-1009,2025-02-15T00:00:00+00:00,879.12,24.96,775,22,736,17,227565215.61,3262063792.93,"{""SURVEY"": 220, ""VERIFICATION"": 220, ""OBJECTION"": 10, ""AWARD"": 147, ""COMPENSATION"": 147}","{""officers_count"": 4, ""sla_breaches"": 8, ""disputes_count"": 6, ""avg_days_per_stage"": 72.9, ""stage_complexity"": 0.757}"
d00a44e8-503d-42c8-8baa-1ccb51dbd755,PROJ-1009,2025-03-02T00:00:00+00:00,879.12,27.22,775,24,728,23,330934944.07,2690650321.63,"{""SURVEY"": 218, ""VERIFICATION"": 218, ""OBJECTION"": 13, ""AWARD"": 145, ""COMPENSATION"": 145}","{""officers_count"": 6, ""sla_breaches"": 9, ""disputes_count"": 3, ""avg_days_per_stage"": 85.1, ""stage_complexity"": 0.7874}"
ad856264-7750-49d5-b43a-1308cfb31e2f,PROJ-1009,2025-03-17T00:00:00+00:00,879.12,36.3,775,32,718,25,624157081.62,2618180409.88,"{""SURVEY"": 215, ""VERIFICATION"": 215, ""OBJECTION"": 15, ""AWARD"": 143, ""COMPENSATION"": 143}","{""officers_count"": 4, ""sla_breaches"": 5, ""disputes_count"": 4, ""avg_days_per_stage"": 98.9, ""stage_complexity"": 0.8994}"
23dbfdc3-673b-45a6-9f7f-4f4caff738b7,PROJ-1009,2025-04-01T00:00:00+00:00,879.12,38.57,775,34,711,30,541073930.87,2941072551.98,"{""SURVEY"": 213, ""VERIFICATION"": 213, ""OBJECTION"": 18, ""AWARD"": 142, ""COMPENSATION"": 142}","{""officers_count"": 3, ""sla_breaches"": 5, ""disputes_count"": 8, ""avg_days_per_stage"": 80.2, ""stage_complexity"": 0.7803}"
463c0f63-e098-4efb-931c-e385370e97fb,PROJ-1009,2025-04-16T00:00:00+00:00,879.12,43.11,775,38,705,32,789009624.82,2976333373.83,"{""SURVEY"": 211, ""VERIFICATION"": 211, ""OBJECTION"": 19, ""AWARD"": 141, ""COMPENSATION"": 141}","{""officers_count"": 3, ""sla_breaches"": 9, ""disputes_count"": 5, ""avg_days_per_stage"": 90.4, ""stage_complexity"": 0.8898}"
2bf68d7c-720f-40a1-854b-34b44dd8c9d9,PROJ-1009,2025-05-01T00:00:00+00:00,879.12,52.18,775,46,694,35,804850857.17,2981067556.89,"{""SURVEY"": 208, ""VERIFICATION"": 208, ""OBJECTION"": 21, ""AWARD"": 138, ""COMPENSATION"": 138}","{""officers_count"": 4, ""sla_breaches"": 6, ""disputes_count"": 7, ""avg_days_per_stage"": 66.7, ""stage_complexity"": 0.8177}"
d3ef0c09-331e-4f59-b06d-bf22ecfb42c2,PROJ-1009,2025-05-16T00:00:00+00:00,879.12,54.45,775,48,686,41,634885763.65,2571900790.49,"{""SURVEY"": 205, ""VERIFICATION"": 205, ""OBJECTION"": 24, ""AWARD"": 137, ""COMPENSATION"": 137}","{""officers_count"": 3, ""sla_breaches"": 5, ""disputes_count"": 3, ""avg_days_per_stage"": 76.4, ""stage_complexity"": 0.7994}"
f7ec94e1-c88e-4d2f-aab0-0205c64bdefa,PROJ-1009,2025-05-31T00:00:00+00:00,879.12,62.39,775,55,673,47,882007196.18,2880901948.91,"{""SURVEY"": 201, ""VERIFICATION"": 201, ""OBJECTION"": 28, ""AWARD"": 134, ""COMPENSATION"": 134}","{""officers_count"": 4, ""sla_breaches"": 7, ""disputes_count"": 8, ""avg_days_per_stage"": 77.4, ""stage_complexity"": 0.8894}"
f803891a-d4c2-4798-bcd6-758b5f22bde1,PROJ-1009,2025-06-15T00:00:00+00:00,879.12,64.66,775,57,666,52,697741129.22,2367409051.14,"{""SURVEY"": 199, ""VERIFICATION"": 199, ""OBJECTION"": 31, ""AWARD"": 133, ""COMPENSATION"": 133}","{""officers_count"": 4, ""sla_breaches"": 7, ""disputes_count"": 6, ""avg_days_per_stage"": 107.8, ""stage_complexity"": 0.7543}"
e4374f19-ee04-482b-8fee-441f8da87a9c,PROJ-1009,2025-06-30T00:00:00+00:00,879.12,71.46,775,63,655,57,259318566.67,2403863159.41,"{""SURVEY"": 196, ""VERIFICATION"": 196, ""OBJECTION"": 34, ""AWARD"": 131, ""COMPENSATION"": 131}","{""officers_count"": 6, ""sla_breaches"": 7, ""disputes_count"": 3, ""avg_days_per_stage"": 58.8, ""stage_complexity"": 0.7744}"
40083c12-1bc2-4333-88d8-bef1fe859157,PROJ-1009,2025-07-15T00:00:00+00:00,879.12,78.27,775,69,647,59,790556379.04,2552470062.03,"{""SURVEY"": 194, ""VERIFICATION"": 194, ""OBJECTION"": 35, ""AWARD"": 129, ""COMPENSATION"": 129}","{""officers_count"": 3, ""sla_breaches"": 8, ""disputes_count"": 4, ""avg_days_per_stage"": 109.6, ""stage_complexity"": 0.8797}"
51e70506-0cb4-4442-a4a2-321f853f91fd,PROJ-1009,2025-07-30T00:00:00+00:00,879.12,86.21,775,76,635,64,620076277.2,2960594004.23,"{""SURVEY"": 190, ""VERIFICATION"": 190, ""OBJECTION"": 38, ""AWARD"": 127, ""COMPENSATION"": 127}","{""officers_count"": 6, ""sla_breaches"": 6, ""disputes_count"": 4, ""avg_days_per_stage"": 67.0, ""stage_complexity"": 0.8094}"
773e496a-4dc7-42a8-b6f3-237bfc4c6cef,PROJ-1009,2025-08-14T00:00:00+00:00,879.12,88.48,775,78,629,68,645547688.28,2535704305.16,"{""SURVEY"": 188, ""VERIFICATION"": 188, ""OBJECTION"": 40, ""AWARD"": 125, ""COMPENSATION"": 125}","{""officers_count"": 3, ""sla_breaches"": 5, ""disputes_count"": 5, ""avg_days_per_stage"": 76.3, ""stage_complexity"": 0.7818}"
46c62a60-be1f-4b3b-80c5-3ab5468ce338,PROJ-1009,2025-08-29T00:00:00+00:00,879.12,97.55,775,86,617,72,534510996.17,2376523051.77,"{""SURVEY"": 185, ""VERIFICATION"": 185, ""OBJECTION"": 43, ""AWARD"": 123, ""COMPENSATION"": 123}","{""officers_count"": 3, ""sla_breaches"": 7, ""disputes_count"": 3, ""avg_days_per_stage"": 108.1, ""stage_complexity"": 0.7371}"
882023c7-f51c-4a3a-a754-499f79b736cc,PROJ-1010,2025-01-01T00:00:00+00:00,591.65,8.4,352,5,339,8,340855932.09,1805467813.17,"{""SURVEY"": 101, ""VERIFICATION"": 101, ""OBJECTION"": 4, ""AWARD"": 67, ""COMPENSATION"": 67}","{""officers_count"": 3, ""sla_breaches"": 7, ""disputes_count"": 7, ""avg_days_per_stage"": 75.1, ""stage_complexity"": 0.7836}"
c3cea7e2-34ac-4a60-b815-e810109f3a1f,PROJ-1010,2025-01-16T00:00:00+00:00,591.65,21.85,352,13,329,10,600051474.8,2399879628.47,"{""SURVEY"": 98, ""VERIFICATION"": 98, ""OBJECTION"": 6, ""AWARD"": 65, ""COMPENSATION"": 65}","{""officers_count"": 5, ""sla_breaches"": 6, ""disputes_count"": 5, ""avg_days_per_stage"": 102.1, ""stage_complexity"": 0.7703}"
58485ee2-35f7-4755-b3c0-f3855f323131,PROJ-1010,2025-01-31T00:00:00+00:00,591.65,26.89,352,16,324,12,612236584.95,1985931552.08,"{""SURVEY"": 97, ""VERIFICATION"": 97, ""OBJECTION"": 7, ""AWARD"": 64, ""COMPENSATION"": 64}","{""officers_count"": 5, ""sla_breaches"": 10, ""disputes_count"": 4, ""avg_days_per_stage"": 77.0, ""stage_complexity"": 0.7557}"
9bf60cba-9272-4065-ad03-cbf13f4ac3b8,PROJ-1010,2025-02-15T00:00:00+00:00,591.65,38.66,352,23,312,17,188613693.31,2375428345.08,"{""SURVEY"": 93, ""VERIFICATION"": 93, ""OBJECTION"": 10, ""AWARD"": 62, ""COMPENSATION"": 62}","{""officers_count"": 4, ""sla_breaches"": 5, ""disputes_count"": 3, ""avg_days_per_stage"": 96.1, ""stage_complexity"": 0.8879}"
5c305e8d-203c-4da8-8d60-ed415517be4d,PROJ-1010,2025-03-02T00:00:00+00:00,591.65,42.02,352,25,304,23,498540616.28,2210558745.5,"{""SURVEY"": 91, ""VERIFICATION"": 91, ""OBJECTION"": 13, ""AWARD"": 60, ""COMPENSATION"": 60}","{""officers_count"": 3, ""sla_breaches"": 9, ""disputes_count"": 5, ""avg_days_per_stage"": 71.1, ""stage_complexity"": 0.7158}"
2ecca2e4-9ef2-4b1b-93cd-73f4a518c2b8,PROJ-1010,2025-03-17T00:00:00+00:00,591.65,53.79,352,32,294,26,142072386.03,2542973553.59,"{""SURVEY"": 88, ""VERIFICATION"": 88, ""OBJECTION"": 15, ""AWARD"": 58, ""COMPENSATION"": 58}","{""officers_count"": 6, ""sla_breaches"": 5, ""disputes_count"": 8, ""avg_days_per_stage"": 102.2, ""stage_complexity"": 0.8102}"
35135af3-60bc-4fe2-9b92-c1dd5c53998a,PROJ-1010,2025-04-01T00:00:00+00:00,591.65,63.87,352,38,283,31,216343837.3,1801822453.45,"{""SURVEY"": 84, ""VERIFICATION"": 84, ""OBJECTION"": 18, ""AWARD"": 56, ""COMPENSATION"": 56}","{""officers_count"": 6, ""sla_breaches"": 10, ""disputes_count"": 8, ""avg_days_per_stage"": 109.9, ""stage_complexity"": 0.7341}"
e08f3556-da6b-4974-8447-ee364de4c82e,PROJ-1010,2025-04-16T00:00:00+00:00,591.65,75.64,352,45,270,37,370214871.01,2279021381.93,"{""SURVEY"": 81, ""VERIFICATION"": 81, ""OBJECTION"": 22, ""AWARD"": 54, ""COMPENSATION"": 54}","{""officers_count"": 3, ""sla_breaches"": 9, ""disputes_count"": 7, ""avg_days_per_stage"": 90.0, ""stage_complexity"": 0.7828}"
818eae2f-5a88-4f42-a606-2f05e3fa3034,PROJ-1010,2025-05-01T00:00:00+00:00,591.65,80.68,352,48,262,42,678653186.39,1980561637.9,"{""SURVEY"": 78, ""VERIFICATION"": 78, ""OBJECTION"": 25, ""AWARD"": 52, ""COMPENSATION"": 52}","{""officers_count"": 4, ""sla_breaches"": 6, ""disputes_count"": 3, ""avg_days_per_stage"": 105.7, ""stage_complexity"": 0.899}"
4f5fdd03-3ddd-4a27-9cba-43d105c4e8d6,PROJ-1010,2025-05-16T00:00:00+00:00,591.65,85.72,352,51,253,48,571112500.68,2389687567.32,"{""SURVEY"": 75, ""VERIFICATION"": 75, ""OBJECTION"": 28, ""AWARD"": 50, ""COMPENSATION"": 50}","{""officers_count"": 3, ""sla_breaches"": 9, ""disputes_count"": 3, ""avg_days_per_stage"": 79.4, ""stage_complexity"": 0.786}"
1b03e675-fa2c-4a3c-8a35-566632e259a2,PROJ-1010,2025-05-31T00:00:00+00:00,591.65,89.08,352,53,247,52,158786984.06,1809144968.96,"{""SURVEY"": 74, ""VERIFICATION"": 74, ""OBJECTION"": 31, ""AWARD"": 49, ""COMPENSATION"": 49}","{""officers_count"": 6, ""sla_breaches"": 7, ""disputes_count"": 6, ""avg_days_per_stage"": 79.7, ""stage_complexity"": 0.8992}"
0f03b944-91b1-4a62-a54f-fb21c9e691aa,PROJ-1010,2025-06-15T00:00:00+00:00,591.65,99.17,352,59,235,58,212355548.1,2132063337.5,"{""SURVEY"": 70, ""VERIFICATION"": 70, ""OBJECTION"": 34, ""AWARD"": 47, ""COMPENSATION"": 47}","{""officers_count"": 5, ""sla_breaches"": 7, ""disputes_count"": 6, ""avg_days_per_stage"": 75.8, ""stage_complexity"": 0.8435}"
ed46b9ad-2b4e-4c2d-a58f-9afac3bfe961,PROJ-1010,2025-06-30T00:00:00+00:00,591.65,112.62,352,67,225,60,265201104.83,2295065053.22,"{""SURVEY"": 67, ""VERIFICATION"": 67, ""OBJECTION"": 36, ""AWARD"": 45, ""COMPENSATION"": 45}","{""officers_count"": 4, ""sla_breaches"": 8, ""disputes_count"": 6, ""avg_days_per_stage"": 77.5, ""stage_complexity"": 0.8513}"
f51ec1b5-dcd7-47c0-a55e-68992cc0d8e5,PROJ-1010,2025-07-15T00:00:00+00:00,591.65,119.34,352,71,215,66,384904804.65,2341880199.87,"{""SURVEY"": 64, ""VERIFICATION"": 64, ""OBJECTION"": 39, ""AWARD"": 43, ""COMPENSATION"": 43}","{""officers_count"": 3, ""sla_breaches"": 7, ""disputes_count"": 6, ""avg_days_per_stage"": 76.8, ""stage_complexity"": 0.8019}"
1675e916-34e0-4cf0-84b4-9fe54bcc90a3,PROJ-1011,2025-01-01T00:00:00+00:00,1151.66,14.1,490,6,474,10,466143695.81,2264053781.9,"{""SURVEY"": 142, ""VERIFICATION"": 142, ""OBJECTION"": 6, ""AWARD"": 94, ""COMPENSATION"": 94}","{""officers_count"": 6, ""sla_breaches"": 6, ""disputes_count"": 3, ""avg_days_per_stage"": 76.2, ""stage_complexity"": 0.7592}"
89e03981-3aaf-4e79-84ae-a96b752be2df,PROJ-1011,2025-01-16T00:00:00+00:00,1151.66,32.9,490,14,464,12,544810916.58,2397029592.39,"{""SURVEY"": 139, ""VERIFICATION"": 139, ""OBJECTION"": 7, ""AWARD"": 92, ""COMPENSATION"": 92}","{""officers_count"": 6, ""sla_breaches"": 10, ""disputes_count"": 8, ""avg_days_per_stage"": 85.2, ""stage_complexity"": 0.8663}"
b84b1176-1ae1-4139-bdff-b79f58e3fbbe,PROJ-1011,2025-01-31T00:00:00+00:00,1151.66,39.96,490,17,459,14,510622963.36,2368926962.59,"{""SURVEY"": 137, ""VERIFICATION"": 137, ""OBJECTION"": 8, ""AWARD"": 91, ""COMPENSATION"": 91}","{""officers_count"": 5, ""sla_breaches"": 7, ""disputes_count"": 7, ""avg_days_per_stage"": 61.9, ""stage_complexity"": 0.7187}"
5233ce92-bf86-4c29-bb06-f835b78a069f,PROJ-1011,2025-02-15T00:00:00+00:00,1151.66,51.71,490,22,452,16,407800291.33,2282331601.7,"{""SURVEY"": 135, ""VERIFICATION"": 135, ""OBJECTION"": 9, ""AWARD"": 90, ""COMPENSATION"": 90}","{""officers_count"": 4, ""sla_breaches"": 5, ""disputes_count"": 3, ""avg_days_per_stage"": 91.8, ""stage_complexity"": 0.8045}"
e4ce4511-5d8c-41b0-adaa-9126dbc6acc0,PROJ-1011,2025-03-02T00:00:00+00:00,1151.66,65.81,490,28,444,18,695464974.36,2586700921.49,"{""SURVEY"": 133, ""VERIFICATION"": 133, ""OBJECTION"": 10, ""AWARD"": 88, ""COMPENSATION"": 88}","{""officers_count"": 3, ""sla_breaches"": 6, ""disputes_count"": 5, ""avg_days_per_stage"": 55.2, ""stage_complexity"": 0.7676}"
f9f03715-df4b-4afb-a05e-9a58ffcee2d7,PROJ-1011,2025-03-17T00:00:00+00:00,1151.66,75.21,490,32,438,20,416586156.88,2479389064.08,"{""SURVEY"": 131, ""VERIFICATION"": 131, ""OBJECTION"": 12, ""AWARD"": 87, ""COMPENSATION"": 87}","{""officers_count"": 5, ""sla_breaches"": 5, ""disputes_count"": 6, ""avg_days_per_stage"": 67.5, ""stage_complexity"": 0.7689}"
f16ba4d0-0a84-4b40-8623-59a8f44403b9,PROJ-1011,2025-04-01T00:00:00+00:00,1151.66,79.91,490,34,430,26,591777315.26,2177987760.61,"{""SURVEY"": 129, ""VERIFICATION"": 129, ""OBJECTION"": 15, ""AWARD"": 86, ""COMPENSATION"": 86}","{""officers_count"": 3, ""sla_breaches"": 5, ""disputes_count"": 8, ""avg_days_per_stage"": 108.8, ""stage_complexity"": 0.8346}"
cae7b84c-a46f-4665-aa94-3fc84bf2b0f3,PROJ-1011,2025-04-16T00:00:00+00:00,1151.66,91.66,490,39,423,28,405232457.75,2453917071.13,"{""SURVEY"": 126, ""VERIFICATION"": 126, ""OBJECTION"": 16, ""AWARD"": 84, ""COMPENSATION"": 84}","{""officers_count"": 5, ""sla_breaches"": 9, ""disputes_count"": 4, ""avg_days_per_stage"": 69.8, ""stage_complexity"": 0.8222}"
584cb167-f2b9-410b-8b80-2e138d8d2182,PROJ-1011,2025-05-01T00:00:00+00:00,1151.66,103.41,490,44,416,30,149366917.26,2395630336.38,"{""SURVEY"": 124, ""VERIFICATION"": 124, ""OBJECTION"": 18, ""AWARD"": 83, ""COMPENSATION"": 83}","{""officers_count"": 3, ""sla_breaches"": 5, ""disputes_count"": 5, ""avg_days_per_stage"": 71.3, ""stage_complexity"": 0.8728}"
861ad97b-b6f2-4650-8b17-5f3cee290fdd,PROJ-1011,2025-05-16T00:00:00+00:00,1151.66,119.87,490,51,406,33,464116254.8,2550196304.49,"{""SURVEY"": 121, ""VERIFICATION"": 121, ""OBJECTION"": 19, ""AWARD"": 81, ""COMPENSATION"": 81}","{""officers_count"": 4, ""sla_breaches"": 9, ""disputes_count"": 6, ""avg_days_per_stage"": 64.4, ""stage_complexity"": 0.8465}"
8a5fbb27-1279-4223-bf37-49beac74337c,PROJ-1012,2025-01-01T00:00:00+00:00,854.09,40.19,425,20,403,3,0.0,570092527.19,"{""SURVEY"": 120, ""VERIFICATION"": 120, ""OBJECTION"": 1, ""AWARD"": 80, ""COMPENSATION"": 80}","{""officers_count"": 10, ""sla_breaches"": 0, ""disputes_count"": 1, ""avg_days_per_stage"": 21.7, ""stage_complexity"": 0.3359}"
0bce5c89-3dd4-4723-8f98-f6af8af94e17,PROJ-1012,2025-01-16T00:00:00+00:00,854.09,110.53,425,55,367,3,95015421.2,551089442.95,"{""SURVEY"": 110, ""VERIFICATION"": 110, ""OBJECTION"": 1, ""AWARD"": 73, ""COMPENSATION"": 73}","{""officers_count"": 5, ""sla_breaches"": 2, ""disputes_count"": 2, ""avg_days_per_stage"": 32.9, ""stage_complexity"": 0.3369}"
0dd7448c-c4b8-4623-a890-b9fc3e913fd9,PROJ-1012,2025-01-31T00:00:00+00:00,854.09,130.63,425,65,357,1,285046263.59,513083274.47,"{""SURVEY"": 107, ""VERIFICATION"": 107, ""OBJECTION"": 0, ""AWARD"": 71, ""COMPENSATION"": 71}","{""officers_count"": 7, ""sla_breaches"": 0, ""disputes_count"": 3, ""avg_days_per_stage"": 16.6, ""stage_complexity"": 0.3907}"
1e1cd9e0-f5e1-4c51-b5b7-1576e60cd96c,PROJ-1012,2025-02-15T00:00:00+00:00,854.09,190.91,425,95,329,0,570092527.19,456074021.75,"{""SURVEY"": 98, ""VERIFICATION"": 98, ""OBJECTION"": 0, ""AWARD"": 65, ""COMPENSATION"": 65}","{""officers_count"": 8, ""sla_breaches"": 2, ""disputes_count"": 0, ""avg_days_per_stage"": 34.8, ""stage_complexity"": 0.3414}"
f7f5c859-4b72-4e25-bfd5-a18dc364b196,PROJ-1013,2025-01-01T00:00:00+00:00,325.03,5.27,432,7,421,4,240176323.83,837150729.05,"{""SURVEY"": 126, ""VERIFICATION"": 126, ""OBJECTION"": 2, ""AWARD"": 84, ""COMPENSATION"": 84}","{""officers_count"": 6, ""sla_breaches"": 6, ""disputes_count"": 7, ""avg_days_per_stage"": 63.5, ""stage_complexity"": 0.8399}"
e28130e5-c526-41cf-be62-e7ee76d27982,PROJ-1013,2025-01-16T00:00:00+00:00,325.03,6.77,432,9,415,8,114695127.33,1061745934.36,"{""SURVEY"": 124, ""VERIFICATION"": 124, ""OBJECTION"": 4, ""AWARD"": 83, ""COMPENSATION"": 83}","{""officers_count"": 5, ""sla_breaches"": 7, ""disputes_count"": 6, ""avg_days_per_stage"": 74.3, ""stage_complexity"": 0.8068}"
a713a769-da20-4a54-95ef-7da8e877e01a,PROJ-1013,2025-01-31T00:00:00+00:00,325.03,12.79,432,17,402,13,64098594.33,1001530230.86,"{""SURVEY"": 120, ""VERIFICATION"": 120, ""OBJECTION"": 7, ""AWARD"": 80, ""COMPENSATION"": 80}","{""officers_count"": 3, ""sla_breaches"": 6, ""disputes_count"": 3, ""avg_days_per_stage"": 109.1, ""stage_complexity"": 0.7779}"
ebc88cc8-0a0a-4f18-a8df-4ca0e0fff746,PROJ-1013,2025-02-15T00:00:00+00:00,325.03,18.81,432,25,391,16,86759695.01,983347968.4,"{""SURVEY"": 117, ""VERIFICATION"": 117, ""OBJECTION"": 9, ""AWARD"": 78, ""COMPENSATION"": 78}","{""officers_count"": 5, ""sla_breaches"": 5, ""disputes_count"": 8, ""avg_days_per_stage"": 59.6, ""stage_complexity"": 0.8659}"
b9858eec-70a4-4aeb-a782-45596089563d,PROJ-1013,2025-03-02T00:00:00+00:00,325.03,23.32,432,31,383,18,169441267.23,1038582123.72,"{""SURVEY"": 114, ""VERIFICATION"": 114, ""OBJECTION"": 10, ""AWARD"": 76, ""COMPENSATION"": 76}","{""officers_count"": 6, ""sla_breaches"": 7, ""disputes_count"": 6, ""avg_days_per_stage"": 76.1, ""stage_complexity"": 0.7547}"
92407455-90ce-49e1-a9a5-275049459977,PROJ-1013,2025-03-17T00:00:00+00:00,325.03,27.84,432,37,371,24,170879290.0,1044862355.58,"{""SURVEY"": 111, ""VERIFICATION"": 111, ""OBJECTION"": 14, ""AWARD"": 74, ""COMPENSATION"": 74}","{""officers_count"": 6, ""sla_breaches"": 8, ""disputes_count"": 3, ""avg_days_per_stage"": 92.9, ""stage_complexity"": 0.8963}"
8b034162-0cbb-4d26-b748-28cc4b430f59,PROJ-1013,2025-04-01T00:00:00+00:00,325.03,30.1,432,40,362,30,146755725.83,806981824.93,"{""SURVEY"": 108, ""VERIFICATION"": 108, ""OBJECTION"": 18, ""AWARD"": 72, ""COMPENSATION"": 72}","{""officers_count"": 3, ""sla_breaches"": 5, ""disputes_count"": 7, ""avg_days_per_stage"": 108.2, ""stage_complexity"": 0.7735}"
380737be-3e9a-42e1-8a34-3696141c9922,PROJ-1013,2025-04-16T00:00:00+00:00,325.03,33.1,432,44,355,33,65101416.82,930616856.81,"{""SURVEY"": 106, ""VERIFICATION"": 106, ""OBJECTION"": 19, ""AWARD"": 71, ""COMPENSATION"": 71}","{""officers_count"": 6, ""sla_breaches"": 7, ""disputes_count"": 8, ""avg_days_per_stage"": 97.7, ""stage_complexity"": 0.8549}"
ca641db9-5066-4ba6-bc0e-6b7b4138bbd8,PROJ-1013,2025-05-01T00:00:00+00:00,325.03,34.61,432,46,351,35,205466868.4,885192446.94,"{""SURVEY"": 105, ""VERIFICATION"": 105, ""OBJECTION"": 21, ""AWARD"": 70, ""COMPENSATION"": 70}","{""officers_count"": 4, ""sla_breaches"": 7, ""disputes_count"": 6, ""avg_days_per_stage"": 94.7, ""stage_complexity"": 0.8524}"
2cd9186a-b01d-4097-8d35-2792b85f4a22,PROJ-1013,2025-05-16T00:00:00+00:00,325.03,36.87,432,49,346,37,147792901.98,1024108314.46,"{""SURVEY"": 103, ""VERIFICATION"": 103, ""OBJECTION"": 22, ""AWARD"": 69, ""COMPENSATION"": 69}","{""officers_count"": 6, ""sla_breaches"": 8, ""disputes_count"": 4, ""avg_days_per_stage"": 80.6, ""stage_complexity"": 0.7672}"
e8e5acd3-d346-42ba-aa81-8546281a8b9f,PROJ-1013,2025-05-31T00:00:00+00:00,325.03,41.38,432,55,336,41,183494342.87,913721910.28,"{""SURVEY"": 100, ""VERIFICATION"": 100, ""OBJECTION"": 24, ""AWARD"": 67, ""COMPENSATION"": 67}","{""officers_count"": 3, ""sla_breaches"": 6, ""disputes_count"": 6, ""avg_days_per_stage"": 95.7, ""stage_complexity"": 0.8362}"
0efb3404-8070-45cf-8588-799ea8172f48,PROJ-1013,2025-06-15T00:00:00+00:00,325.03,45.14,432,60,325,47,286656287.91,801450600.38,"{""SURVEY"": 97, ""VERIFICATION"": 97, ""OBJECTION"": 28, ""AWARD"": 65, ""COMPENSATION"": 65}","{""officers_count"": 6, ""sla_breaches"": 5, ""disputes_count"": 3, ""avg_days_per_stage"": 104.1, ""stage_complexity"": 0.8694}"
20cbed64-9169-4a3d-be10-00f0fa707f68,PROJ-1013,2025-06-30T00:00:00+00:00,325.03,51.16,432,68,312,52,85291236.75,992640690.51,"{""SURVEY"": 93, ""VERIFICATION"": 93, ""OBJECTION"": 31, ""AWARD"": 62, ""COMPENSATION"": 62}","{""officers_count"": 4, ""sla_breaches"": 9, ""disputes_count"": 7, ""avg_days_per_stage"": 66.8, ""stage_complexity"": 0.7254}"
b114fe34-bfd1-40b2-84bd-44bdc9833388,PROJ-1014,2025-01-01T00:00:00+00:00,431.7,1.9,455,2,451,5,134338471.1,678900274.55,"{""SURVEY"": 135, ""VERIFICATION"": 135, ""OBJECTION"": 3, ""AWARD"": 90, ""COMPENSATION"": 90}","{""officers_count"": 1, ""sla_breaches"": 12, ""disputes_count"": 2, ""avg_days_per_stage"": 103.6, ""stage_complexity"": 0.6365}"
3a49579e-ad41-4b36-bf16-f87304483916,PROJ-1014,2025-01-16T00:00:00+00:00,431.7,4.74,455,5,445,6,225024767.64,608341017.82,"{""SURVEY"": 133, ""VERIFICATION"": 133, ""OBJECTION"": 3, ""AWARD"": 89, ""COMPENSATION"": 89}","{""officers_count"": 1, ""sla_breaches"": 11, ""disputes_count"": 5, ""avg_days_per_stage"": 100.6, ""stage_complexity"": 0.5746}"
87ff0aa5-0b4c-46b9-82b7-eede12a4215e,PROJ-1014,2025-01-31T00:00:00+00:00,431.7,6.64,455,7,442,8,154059655.88,564046999.56,"{""SURVEY"": 132, ""VERIFICATION"": 132, ""OBJECTION"": 4, ""AWARD"": 88, ""COMPENSATION"": 88}","{""officers_count"": 1, ""sla_breaches"": 11, ""disputes_count"": 5, ""avg_days_per_stage"": 95.3, ""stage_complexity"": 0.788}"
01c1d59a-b45e-45c5-aa0e-160234656f45,PROJ-1015,2025-01-01T00:00:00+00:00,786.09,53.09,459,31,424,2,0.0,1113413190.8,"{""SURVEY"": 127, ""VERIFICATION"": 127, ""OBJECTION"": 1, ""AWARD"": 84, ""COMPENSATION"": 84}","{""officers_count"": 5, ""sla_breaches"": 0, ""disputes_count"": 3, ""avg_days_per_stage"": 17.0, ""stage_complexity"": 0.4047}"
3f5fa4c9-04d4-42fb-bde1-abd0b09f101a,PROJ-1015,2025-01-16T00:00:00+00:00,786.09,102.76,459,60,397,2,185568865.13,1076299417.77,"{""SURVEY"": 119, ""VERIFICATION"": 119, ""OBJECTION"": 1, ""AWARD"": 79, ""COMPENSATION"": 79}","{""officers_count"": 7, ""sla_breaches"": 2, ""disputes_count"": 0, ""avg_days_per_stage"": 17.2, ""stage_complexity"": 0.2166}"
48f9c9d4-7492-4d24-9573-a44af2b4af8c,PROJ-1015,2025-01-31T00:00:00+00:00,786.09,126.73,459,74,383,1,556706595.4,1002071871.72,"{""SURVEY"": 114, ""VERIFICATION"": 114, ""OBJECTION"": 0, ""AWARD"": 76, ""COMPENSATION"": 76}","{""officers_count"": 5, ""sla_breaches"": 1, ""disputes_count"": 0, ""avg_days_per_stage"": 33.0, ""stage_complexity"": 0.4061}"
95be9563-4d5f-4319-9dda-226cac972187,PROJ-1015,2025-02-15T00:00:00+00:00,786.09,174.69,459,102,356,2,1113413190.8,890730552.64,"{""SURVEY"": 106, ""VERIFICATION"": 106, ""OBJECTION"": 1, ""AWARD"": 71, ""COMPENSATION"": 71}","{""officers_count"": 12, ""sla_breaches"": 2, ""disputes_count"": 0, ""avg_days_per_stage"": 29.8, ""stage_complexity"": 0.4029}"
7998bd2a-551b-4b3f-bd8c-d630abe9f2a5,PROJ-1015,2025-03-02T00:00:00+00:00,786.09,202.09,459,118,339,0,1855688651.33,742275460.53,"{""SURVEY"": 101, ""VERIFICATION"": 101, ""OBJECTION"": 0, ""AWARD"": 67, ""COMPENSATION"": 67}","{""officers_count"": 5, ""sla_breaches"": 0, ""disputes_count"": 3, ""avg_days_per_stage"": 24.4, ""stage_complexity"": 0.321}"
171d71f0-53c3-4769-9fef-122c1b665ab6,PROJ-1015,2025-03-17T00:00:00+00:00,786.09,255.18,459,149,310,0,2783532976.99,556706595.4,"{""SURVEY"": 93, ""VERIFICATION"": 93, ""OBJECTION"": 0, ""AWARD"": 62, ""COMPENSATION"": 62}","{""officers_count"": 10, ""sla_breaches"": 1, ""disputes_count"": 1, ""avg_days_per_stage"": 22.4, ""stage_complexity"": 0.2458}"
d6c91512-f970-48f9-bdcc-d55df6784255,PROJ-1015,2025-04-01T00:00:00+00:00,786.09,272.31,459,159,300,0,3711377302.66,371137730.27,"{""SURVEY"": 90, ""VERIFICATION"": 90, ""OBJECTION"": 0, ""AWARD"": 60, ""COMPENSATION"": 60}","{""officers_count"": 12, ""sla_breaches"": 1, ""disputes_count"": 1, ""avg_days_per_stage"": 31.8, ""stage_complexity"": 0.2029}"
707ce629-d15d-40b5-8362-e4eb907fab6f,PROJ-1015,2025-04-16T00:00:00+00:00,786.09,309.98,459,181,278,0,3711377302.66,371137730.27,"{""SURVEY"": 83, ""VERIFICATION"": 83, ""OBJECTION"": 0, ""AWARD"": 55, ""COMPENSATION"": 55}","{""officers_count"": 10, ""sla_breaches"": 1, ""disputes_count"": 0, ""avg_days_per_stage"": 23.3, ""stage_complexity"": 0.2498}"
8a08d3cb-9194-44e7-a293-04e100a16f23,PROJ-1015,2025-05-01T00:00:00+00:00,786.09,339.1,459,198,261,1,3711377302.66,371137730.27,"{""SURVEY"": 78, ""VERIFICATION"": 78, ""OBJECTION"": 0, ""AWARD"": 52, ""COMPENSATION"": 52}","{""officers_count"": 12, ""sla_breaches"": 2, ""disputes_count"": 3, ""avg_days_per_stage"": 20.0, ""stage_complexity"": 0.3555}"
a14f6006-b2e2-40b8-97f1-6d695b311e8a,PROJ-1015,2025-05-16T00:00:00+00:00,786.09,378.49,459,221,237,0,3711377302.66,371137730.27,"{""SURVEY"": 71, ""VERIFICATION"": 71, ""OBJECTION"": 0, ""AWARD"": 47, ""COMPENSATION"": 47}","{""officers_count"": 5, ""sla_breaches"": 2, ""disputes_count"": 1, ""avg_days_per_stage"": 31.3, ""stage_complexity"": 0.4495}"
856befbd-4277-4b4e-930a-67cc8043ad2d,PROJ-1015,2025-05-31T00:00:00+00:00,786.09,407.6,459,238,221,0,3711377302.66,371137730.27,"{""SURVEY"": 66, ""VERIFICATION"": 66, ""OBJECTION"": 0, ""AWARD"": 44, ""COMPENSATION"": 44}","{""officers_count"": 6, ""sla_breaches"": 1, ""disputes_count"": 3, ""avg_days_per_stage"": 32.1, ""stage_complexity"": 0.4278}"
13429bf6-3f14-4ff4-b9aa-50d85a103ff7,PROJ-1015,2025-06-15T00:00:00+00:00,786.09,431.58,459,252,207,1,3711377302.66,371137730.27,"{""SURVEY"": 62, ""VERIFICATION"": 62, ""OBJECTION"": 0, ""AWARD"": 41, ""COMPENSATION"": 41}","{""officers_count"": 7, ""sla_breaches"": 0, ""disputes_count"": 1, ""avg_days_per_stage"": 27.7, ""stage_complexity"": 0.364}"
f4713176-ee5f-4ed7-b847-11f3fb2235e8,PROJ-1015,2025-06-30T00:00:00+00:00,786.09,474.39,459,277,181,0,3711377302.66,371137730.27,"{""SURVEY"": 54, ""VERIFICATION"": 54, ""OBJECTION"": 0, ""AWARD"": 36, ""COMPENSATION"": 36}","{""officers_count"": 9, ""sla_breaches"": 0, ""disputes_count"": 3, ""avg_days_per_stage"": 17.6, ""stage_complexity"": 0.4054}"
da80d5d5-6f4e-49e4-9d6c-84ce0a427a6d,PROJ-1015,2025-07-15T00:00:00+00:00,786.09,510.36,459,298,161,0,3711377302.66,371137730.27,"{""SURVEY"": 48, ""VERIFICATION"": 48, ""OBJECTION"": 0, ""AWARD"": 32, ""COMPENSATION"": 32}","{""officers_count"": 10, ""sla_breaches"": 1, ""disputes_count"": 2, ""avg_days_per_stage"": 19.8, ""stage_complexity"": 0.2171}"
47f601f9-d2c3-4042-8565-bc4a432121b5,PROJ-1016,2025-01-01T00:00:00+00:00,176.11,4.34,609,15,591,3,190616017.41,381462370.94,"{""SURVEY"": 177, ""VERIFICATION"": 177, ""OBJECTION"": 1, ""AWARD"": 118, ""COMPENSATION"": 118}","{""officers_count"": 4, ""sla_breaches"": 5, ""disputes_count"": 5, ""avg_days_per_stage"": 56.1, ""stage_complexity"": 0.6536}"
6a4f6efb-f8e8-4de3-8a49-7e7f81f23d2e,PROJ-1016,2025-01-16T00:00:00+00:00,176.11,6.65,609,23,584,2,323082496.66,213921951.18,"{""SURVEY"": 175, ""VERIFICATION"": 175, ""OBJECTION"": 1, ""AWARD"": 116, ""COMPENSATION"": 116}","{""officers_count"": 4, ""sla_breaches"": 4, ""disputes_count"": 3, ""avg_days_per_stage"": 56.8, ""stage_complexity"": 0.4063}"
0e83d981-91c0-4e3d-ae70-4891ba5e1b56,PROJ-1016,2025-01-31T00:00:00+00:00,176.11,10.99,609,38,570,1,280097650.75,232990099.79,"{""SURVEY"": 171, ""VERIFICATION"": 171, ""OBJECTION"": 0, ""AWARD"": 114, ""COMPENSATION"": 114}","{""officers_count"": 5, ""sla_breaches"": 4, ""disputes_count"": 3, ""avg_days_per_stage"": 56.2, ""stage_complexity"": 0.4006}"
3b937eb0-a33e-4190-ba35-4b4debc5c749,PROJ-1016,2025-02-15T00:00:00+00:00,176.11,14.75,609,51,554,4,306184498.41,271383934.28,"{""SURVEY"": 166, ""VERIFICATION"": 166, ""OBJECTION"": 2, ""AWARD"": 110, ""COMPENSATION"": 110}","{""officers_count"": 3, ""sla_breaches"": 5, ""disputes_count"": 6, ""avg_days_per_stage"": 64.7, ""stage_complexity"": 0.4991}"
bfc5a942-2edf-41a1-9378-0aab89e8a3b2,PROJ-1016,2025-03-02T00:00:00+00:00,176.11,17.35,609,60,543,6,322572496.16,210511141.32,"{""SURVEY"": 162, ""VERIFICATION"": 162, ""OBJECTION"": 3, ""AWARD"": 108, ""COMPENSATION"": 108}","{""officers_count"": 5, ""sla_breaches"": 2, ""disputes_count"": 4, ""avg_days_per_stage"": 63.0, ""stage_complexity"": 0.6507}"
bf3e74a1-ebcd-4c8a-8b93-55cd50a4b80c,PROJ-1016,2025-03-17T00:00:00+00:00,176.11,21.69,609,75,529,5,259692275.11,326762426.32,"{""SURVEY"": 158, ""VERIFICATION"": 158, ""OBJECTION"": 3, ""AWARD"": 105, ""COMPENSATION"": 105}","{""officers_count"": 4, ""sla_breaches"": 5, ""disputes_count"": 7, ""avg_days_per_stage"": 36.6, ""stage_complexity"": 0.4812}"
bf0c3487-a4fa-4621-b4c0-daf8aae54327,PROJ-1016,2025-04-01T00:00:00+00:00,176.11,23.42,609,81,520,8,197998635.73,414788501.47,"{""SURVEY"": 156, ""VERIFICATION"": 156, ""OBJECTION"": 4, ""AWARD"": 104, ""COMPENSATION"": 104}","{""officers_count"": 5, ""sla_breaches"": 4, ""disputes_count"": 7, ""avg_days_per_stage"": 48.7, ""stage_complexity"": 0.6385}"
6d8d1e17-d3a7-47a6-a896-5e55e32ae715,PROJ-1016,2025-04-16T00:00:00+00:00,176.11,26.6,609,92,506,11,176983357.71,312640091.17,"{""SURVEY"": 151, ""VERIFICATION"": 151, ""OBJECTION"": 6, ""AWARD"": 101, ""COMPENSATION"": 101}","{""officers_count"": 5, ""sla_breaches"": 4, ""disputes_count"": 4, ""avg_days_per_stage"": 55.7, ""stage_complexity"": 0.4633}"
0b6421d6-b9b2-43a5-a8b7-23f21e569d65,PROJ-1016,2025-05-01T00:00:00+00:00,176.11,28.63,609,99,499,11,317866660.34,249628522.46,"{""SURVEY"": 149, ""VERIFICATION"": 149, ""OBJECTION"": 6, ""AWARD"": 99, ""COMPENSATION"": 99}","{""officers_count"": 6, ""sla_breaches"": 4, ""disputes_count"": 3, ""avg_days_per_stage"": 54.9, ""stage_complexity"": 0.4456}"
6debf897-2510-4271-97a5-3f8617fa30f2,PROJ-1016,2025-05-16T00:00:00+00:00,176.11,32.39,609,112,486,11,226237399.45,312415357.05,"{""SURVEY"": 145, ""VERIFICATION"": 145, ""OBJECTION"": 6, ""AWARD"": 97, ""COMPENSATION"": 97}","{""officers_count"": 5, ""sla_breaches"": 5, ""disputes_count"": 5, ""avg_days_per_stage"": 57.6, ""stage_complexity"": 0.5414}"
6d14c9f8-1176-47cf-a5eb-be1178d844db,PROJ-1016,2025-05-31T00:00:00+00:00,176.11,33.83,609,117,479,13,254360151.67,261263377.36,"{""SURVEY"": 143, ""VERIFICATION"": 143, ""OBJECTION"": 7, ""AWARD"": 95, ""COMPENSATION"": 95}","{""officers_count"": 6, ""sla_breaches"": 5, ""disputes_count"": 5, ""avg_days_per_stage"": 60.8, ""stage_complexity"": 0.5769}"
adaa0162-7df4-4de3-85a9-45e3bc313fb6,PROJ-1016,2025-06-15T00:00:00+00:00,176.11,37.59,609,130,463,16,187574323.32,331361900.07,"{""SURVEY"": 138, ""VERIFICATION"": 138, ""OBJECTION"": 9, ""AWARD"": 92, ""COMPENSATION"": 92}","{""officers_count"": 6, ""sla_breaches"": 2, ""disputes_count"": 3, ""avg_days_per_stage"": 61.7, ""stage_complexity"": 0.4916}"
1644ae80-be28-4ea5-8728-a8ad178c81c5,PROJ-1016,2025-06-30T00:00:00+00:00,176.11,41.06,609,142,450,17,262357916.89,403001691.33,"{""SURVEY"": 135, ""VERIFICATION"": 135, ""OBJECTION"": 10, ""AWARD"": 90, ""COMPENSATION"": 90}","{""officers_count"": 4, ""sla_breaches"": 3, ""disputes_count"": 5, ""avg_days_per_stage"": 41.9, ""stage_complexity"": 0.4558}"
cc47b730-7dc6-4103-af89-fe1b6be41d55,PROJ-1017,2025-01-01T00:00:00+00:00,1097.25,26.12,168,4,160,6,573484121.11,3165031918.92,"{""SURVEY"": 48, ""VERIFICATION"": 48, ""OBJECTION"": 3, ""AWARD"": 32, ""COMPENSATION"": 32}","{""officers_count"": 2, ""sla_breaches"": 12, ""disputes_count"": 6, ""avg_days_per_stage"": 137.8, ""stage_complexity"": 0.7292}"
bb0ba49f-5b76-4459-8b5f-983dce1fbf92,PROJ-1017,2025-01-16T00:00:00+00:00,1097.25,32.66,168,5,157,10,1011531959.34,2570772281.02,"{""SURVEY"": 47, ""VERIFICATION"": 47, ""OBJECTION"": 6, ""AWARD"": 31, ""COMPENSATION"": 31}","{""officers_count"": 2, ""sla_breaches"": 7, ""disputes_count"": 2, ""avg_days_per_stage"": 146.3, ""stage_complexity"": 0.7291}"
9473b34f-f5cc-4729-a039-58a1d6479e3f,PROJ-1017,2025-01-31T00:00:00+00:00,1097.25,32.66,168,5,153,13,716096045.42,2695607912.59,"{""SURVEY"": 45, ""VERIFICATION"": 45, ""OBJECTION"": 7, ""AWARD"": 30, ""COMPENSATION"": 30}","{""officers_count"": 2, ""sla_breaches"": 6, ""disputes_count"": 4, ""avg_days_per_stage"": 125.0, ""stage_complexity"": 0.5504}"
0c908625-bb64-45e5-b9e5-bff4592f2756,PROJ-1017,2025-02-15T00:00:00+00:00,1097.25,39.19,168,6,149,17,968560154.96,2391723802.57,"{""SURVEY"": 44, ""VERIFICATION"": 44, ""OBJECTION"": 10, ""AWARD"": 29, ""COMPENSATION"": 29}","{""officers_count"": 1, ""sla_breaches"": 11, ""disputes_count"": 2, ""avg_days_per_stage"": 115.8, ""stage_complexity"": 0.6081}"
67f7c66b-7b71-46ed-9e51-677912244abf,PROJ-1017,2025-03-02T00:00:00+00:00,1097.25,52.25,168,8,143,21,914336956.32,2945841846.76,"{""SURVEY"": 42, ""VERIFICATION"": 42, ""OBJECTION"": 12, ""AWARD"": 28, ""COMPENSATION"": 28}","{""officers_count"": 2, ""sla_breaches"": 8, ""disputes_count"": 2, ""avg_days_per_stage"": 95.6, ""stage_complexity"": 0.6261}"
de8c27e2-a6f3-45ad-9052-5e71c29182d1,PROJ-1017,2025-03-17T00:00:00+00:00,1097.25,78.38,168,12,135,25,1127917055.33,2368458728.55,"{""SURVEY"": 40, ""VERIFICATION"": 40, ""OBJECTION"": 15, ""AWARD"": 27, ""COMPENSATION"": 27}","{""officers_count"": 1, ""sla_breaches"": 10, ""disputes_count"": 4, ""avg_days_per_stage"": 93.3, ""stage_complexity"": 0.5825}"
b3e1bd46-a6aa-4f36-baf3-3f2574a35594,PROJ-1017,2025-04-01T00:00:00+00:00,1097.25,78.38,168,12,131,28,542121265.23,2426137422.67,"{""SURVEY"": 39, ""VERIFICATION"": 39, ""OBJECTION"": 16, ""AWARD"": 26, ""COMPENSATION"": 26}","{""officers_count"": 1, ""sla_breaches"": 12, ""disputes_count"": 5, ""avg_days_per_stage"": 123.5, ""stage_complexity"": 0.5614}"
21cf4939-0b4b-4064-9bb0-a9ef6f14610e,PROJ-1017,2025-04-16T00:00:00+00:00,1097.25,91.44,168,14,126,32,1042702372.49,2419554212.21,"{""SURVEY"": 37, ""VERIFICATION"": 37, ""OBJECTION"": 19, ""AWARD"": 25, ""COMPENSATION"": 25}","{""officers_count"": 2, ""sla_breaches"": 12, ""disputes_count"": 3, ""avg_days_per_stage"": 149.4, ""stage_complexity"": 0.67}"
f3549531-160c-4f64-ac63-28405fa64350,PROJ-1017,2025-05-01T00:00:00+00:00,1097.25,111.03,168,17,119,35,1239769273.35,2501420403.69,"{""SURVEY"": 35, ""VERIFICATION"": 35, ""OBJECTION"": 21, ""AWARD"": 23, ""COMPENSATION"": 23}","{""officers_count"": 1, ""sla_breaches"": 11, ""disputes_count"": 2, ""avg_days_per_stage"": 118.9, ""stage_complexity"": 0.6714}"
8f10dbbe-6fb0-4ebb-b143-573d1c547048,PROJ-1017,2025-05-16T00:00:00+00:00,1097.25,130.62,168,20,113,36,584842609.13,3030115357.44,"{""SURVEY"": 33, ""VERIFICATION"": 33, ""OBJECTION"": 21, ""AWARD"": 22, ""COMPENSATION"": 22}","{""officers_count"": 2, ""sla_breaches"": 8, ""disputes_count"": 4, ""avg_days_per_stage"": 80.6, ""stage_complexity"": 0.7469}"
43c832cb-eaee-4dd8-8297-c775603fb7ba,PROJ-1017,2025-05-31T00:00:00+00:00,1097.25,130.62,168,20,112,37,817091533.21,3051206784.32,"{""SURVEY"": 33, ""VERIFICATION"": 33, ""OBJECTION"": 22, ""AWARD"": 22, ""COMPENSATION"": 22}","{""officers_count"": 1, ""sla_breaches"": 11, ""disputes_count"": 5, ""avg_days_per_stage"": 105.5, ""stage_complexity"": 0.6055}"
0ea933b1-40f3-42b5-9814-40034f179cd0,PROJ-1017,2025-06-15T00:00:00+00:00,1097.25,137.16,168,21,110,41,1131077600.46,2411229510.88,"{""SURVEY"": 33, ""VERIFICATION"": 33, ""OBJECTION"": 24, ""AWARD"": 22, ""COMPENSATION"": 22}","{""officers_count"": 2, ""sla_breaches"": 7, ""disputes_count"": 4, ""avg_days_per_stage"": 103.7, ""stage_complexity"": 0.7512}"
4691f6b1-902a-46ce-82b6-1c8948e6daae,PROJ-1017,2025-06-30T00:00:00+00:00,1097.25,150.22,168,23,104,43,657896578.84,2369454258.24,"{""SURVEY"": 31, ""VERIFICATION"": 31, ""OBJECTION"": 25, ""AWARD"": 20, ""COMPENSATION"": 20}","{""officers_count"": 2, ""sla_breaches"": 10, ""disputes_count"": 4, ""avg_days_per_stage"": 107.6, ""stage_complexity"": 0.7733}"
7352a8b3-ae5c-4503-a5a6-dd2ee05da2ff,PROJ-1017,2025-07-15T00:00:00+00:00,1097.25,169.81,168,26,99,45,937909587.53,2208000142.04,"{""SURVEY"": 29, ""VERIFICATION"": 29, ""OBJECTION"": 27, ""AWARD"": 19, ""COMPENSATION"": 19}","{""officers_count"": 1, ""sla_breaches"": 7, ""disputes_count"": 5, ""avg_days_per_stage"": 82.8, ""stage_complexity"": 0.6072}"
f9d3d6f4-39ff-4359-b62d-f7951e3a742f,PROJ-1017,2025-07-30T00:00:00+00:00,1097.25,182.88,168,28,95,47,1201282715.72,2140886044.51,"{""SURVEY"": 28, ""VERIFICATION"": 28, ""OBJECTION"": 28, ""AWARD"": 19, ""COMPENSATION"": 19}","{""officers_count"": 2, ""sla_breaches"": 8, ""disputes_count"": 3, ""avg_days_per_stage"": 76.3, ""stage_complexity"": 0.7914}"
7422cae0-46ab-454f-a815-2cb144be2405,PROJ-1017,2025-08-14T00:00:00+00:00,1097.25,189.41,168,29,92,50,1050938902.35,2254638759.46,"{""SURVEY"": 27, ""VERIFICATION"": 27, ""OBJECTION"": 30, ""AWARD"": 18, ""COMPENSATION"": 18}","{""officers_count"": 1, ""sla_breaches"": 10, ""disputes_count"": 4, ""avg_days_per_stage"": 98.4, ""stage_complexity"": 0.5761}"
e23aa25f-7f7d-43e1-a8ec-e6d235bcd846,PROJ-1017,2025-08-29T00:00:00+00:00,1097.25,209.0,168,32,86,54,1008590690.36,2981373213.62,"{""SURVEY"": 25, ""VERIFICATION"": 25, ""OBJECTION"": 32, ""AWARD"": 17, ""COMPENSATION"": 17}","{""officers_count"": 2, ""sla_breaches"": 6, ""disputes_count"": 6, ""avg_days_per_stage"": 137.9, ""stage_complexity"": 0.7186}"
a9ad4b60-7195-4b4c-803e-6b90ee106403,PROJ-1018,2025-01-01T00:00:00+00:00,968.61,33.3,320,11,306,3,1526013138.3,1729840926.47,"{""SURVEY"": 91, ""VERIFICATION"": 91, ""OBJECTION"": 1, ""AWARD"": 61, ""COMPENSATION"": 61}","{""officers_count"": 5, ""sla_breaches"": 2, ""disputes_count"": 4, ""avg_days_per_stage"": 50.7, ""stage_complexity"": 0.4704}"
ad5dbd00-86fb-4582-b275-9e784a7d6da5,PROJ-1018,2025-01-16T00:00:00+00:00,968.61,78.7,320,26,292,2,947059622.79,1853019317.61,"{""SURVEY"": 87, ""VERIFICATION"": 87, ""OBJECTION"": 1, ""AWARD"": 58, ""COMPENSATION"": 58}","{""officers_count"": 4, ""sla_breaches"": 5, ""disputes_count"": 6, ""avg_days_per_stage"": 35.0, ""stage_complexity"": 0.5697}"
f8011af2-0a03-4a03-9ffb-fd42d5f4727f,PROJ-1018,2025-01-31T00:00:00+00:00,968.61,121.08,320,40,278,2,1298903706.84,1762541198.17,"{""SURVEY"": 83, ""VERIFICATION"": 83, ""OBJECTION"": 1, ""AWARD"": 55, ""COMPENSATION"": 55}","{""officers_count"": 3, ""sla_breaches"": 2, ""disputes_count"": 2, ""avg_days_per_stage"": 35.3, ""stage_complexity"": 0.6149}"
cd4cce3c-0529-4948-be47-1cbe76c76587,PROJ-1018,2025-02-15T00:00:00+00:00,968.61,148.32,320,49,267,4,794212436.44,1148646806.54,"{""SURVEY"": 80, ""VERIFICATION"": 80, ""OBJECTION"": 2, ""AWARD"": 53, ""COMPENSATION"": 53}","{""officers_count"": 5, ""sla_breaches"": 5, ""disputes_count"": 3, ""avg_days_per_stage"": 37.9, ""stage_complexity"": 0.558}"
e0af21c2-a41e-4cfe-b597-b882bd360920,PROJ-1018,2025-03-02T00:00:00+00:00,968.61,178.59,320,59,256,5,866437411.25,1488482332.9,"{""SURVEY"": 76, ""VERIFICATION"": 76, ""OBJECTION"": 3, ""AWARD"": 51, ""COMPENSATION"": 51}","{""officers_count"": 4, ""sla_breaches"": 4, ""disputes_count"": 6, ""avg_days_per_stage"": 55.2, ""stage_complexity"": 0.4051}"
c0f9d8ab-4ce9-47e6-83fe-5a6b92a97e5e,PROJ-1018,2025-03-17T00:00:00+00:00,968.61,223.99,320,74,238,8,1309635423.33,1020780155.29,"{""SURVEY"": 71, ""VERIFICATION"": 71, ""OBJECTION"": 4, ""AWARD"": 47, ""COMPENSATION"": 47}","{""officers_count"": 3, ""sla_breaches"": 4, ""disputes_count"": 6, ""avg_days_per_stage"": 60.3, ""stage_complexity"": 0.4826}"
4970b5fa-8919-4655-85ab-48e831d969b5,PROJ-1018,2025-04-01T00:00:00+00:00,968.61,263.34,320,87,222,11,1228654744.14,1827768383.85,"{""SURVEY"": 66, ""VERIFICATION"": 66, ""OBJECTION"": 6, ""AWARD"": 44, ""COMPENSATION"": 44}","{""officers_count"": 4, ""sla_breaches"": 3, ""disputes_count"": 6, ""avg_days_per_stage"": 44.2, ""stage_complexity"": 0.552}"
5b351831-2382-403c-91c5-481586826002,PROJ-1018,2025-04-16T00:00:00+00:00,968.61,290.58,320,96,212,12,1529286731.5,1075287728.68,"{""SURVEY"": 63, ""VERIFICATION"": 63, ""OBJECTION"": 7, ""AWARD"": 42, ""COMPENSATION"": 42}","{""officers_count"": 6, ""sla_breaches"": 2, ""disputes_count"": 7, ""avg_days_per_stage"": 45.0, ""stage_complexity"": 0.6922}"
70bf81e9-2b30-4316-acd1-4ba1e9ae2796,PROJ-1018,2025-05-01T00:00:00+00:00,968.61,335.99,320,111,198,11,1568665957.25,1668053904.32,"{""SURVEY"": 59, ""VERIFICATION"": 59, ""OBJECTION"": 6, ""AWARD"": 39, ""COMPENSATION"": 39}","{""officers_count"": 3, ""sla_breaches"": 5, ""disputes_count"": 6, ""avg_days_per_stage"": 42.0, ""stage_complexity"": 0.4408}"
e0996a94-7963-4e0c-b6a1-1718862895ab,PROJ-1018,2025-05-16T00:00:00+00:00,968.61,357.17,320,118,192,10,1115599855.86,1357756462.55,"{""SURVEY"": 57, ""VERIFICATION"": 57, ""OBJECTION"": 6, ""AWARD"": 38, ""COMPENSATION"": 38}","{""officers_count"": 6, ""sla_breaches"": 4, ""disputes_count"": 3, ""avg_days_per_stage"": 42.1, ""stage_complexity"": 0.592}"
2633738f-c476-488c-82ef-c59450aaf112,PROJ-1018,2025-05-31T00:00:00+00:00,968.61,390.47,320,129,178,13,956992020.47,1509244926.44,"{""SURVEY"": 53, ""VERIFICATION"": 53, ""OBJECTION"": 7, ""AWARD"": 35, ""COMPENSATION"": 35}","{""officers_count"": 5, ""sla_breaches"": 2, ""disputes_count"": 4, ""avg_days_per_stage"": 61.4, ""stage_complexity"": 0.6788}"
7a28f581-b185-490a-bc8c-735564489b75,PROJ-1018,2025-06-15T00:00:00+00:00,968.61,426.79,320,141,166,13,1101391519.44,1105081209.12,"{""SURVEY"": 49, ""VERIFICATION"": 49, ""OBJECTION"": 7, ""AWARD"": 33, ""COMPENSATION"": 33}","{""officers_count"": 4, ""sla_breaches"": 5, ""disputes_count"": 6, ""avg_days_per_stage"": 36.1, ""stage_complexity"": 0.5053}"
c3986d02-f03e-44d3-8401-67b9395de0ea,PROJ-1018,2025-06-30T00:00:00+00:00,968.61,472.2,320,156,151,13,1477325881.84,1614970768.35,"{""SURVEY"": 45, ""VERIFICATION"": 45, ""OBJECTION"": 7, ""AWARD"": 30, ""COMPENSATION"": 30}","{""officers_count"": 6, ""sla_breaches"": 2, ""disputes_count"": 4, ""avg_days_per_stage"": 43.3, ""stage_complexity"": 0.4394}"
be64c5cf-245a-45ea-a4af-12cf8be1ba0a,PROJ-1018,2025-07-15T00:00:00+00:00,968.61,517.6,320,171,135,14,758763161.54,1906109375.4,"{""SURVEY"": 40, ""VERIFICATION"": 40, ""OBJECTION"": 8, ""AWARD"": 27, ""COMPENSATION"": 27}","{""officers_count"": 6, ""sla_breaches"": 2, ""disputes_count"": 7, ""avg_days_per_stage"": 51.7, ""stage_complexity"": 0.5115}"
097a4b64-a38b-449a-89a2-030aeef99f71,PROJ-1019,2025-01-01T00:00:00+00:00,666.01,49.95,440,33,404,1,0.0,464954211.89,"{""SURVEY"": 121, ""VERIFICATION"": 121, ""OBJECTION"": 0, ""AWARD"": 80, ""COMPENSATION"": 80}","{""officers_count"": 12, ""sla_breaches"": 0, ""disputes_count"": 1, ""avg_days_per_stage"": 16.8, ""stage_complexity"": 0.3605}"
e3f9ef15-7d51-4fb2-9f2d-7e7167af1c9f,PROJ-1019,2025-01-16T00:00:00+00:00,666.01,80.22,440,53,386,1,77492368.65,449455738.16,"{""SURVEY"": 115, ""VERIFICATION"": 115, ""OBJECTION"": 0, ""AWARD"": 77, ""COMPENSATION"": 77}","{""officers_count"": 9, ""sla_breaches"": 2, ""disputes_count"": 0, ""avg_days_per_stage"": 32.8, ""stage_complexity"": 0.2026}"
73bd11c0-2c9b-4864-91b0-10f6326bdad6,PROJ-1019,2025-01-31T00:00:00+00:00,666.01,105.96,440,70,369,1,232477105.94,418458790.7,"{""SURVEY"": 110, ""VERIFICATION"": 110, ""OBJECTION"": 0, ""AWARD"": 73, ""COMPENSATION"": 73}","{""officers_count"": 11, ""sla_breaches"": 2, ""disputes_count"": 3, ""avg_days_per_stage"": 31.0, ""stage_complexity"": 0.2203}"
acb1e398-ce70-4699-8c26-ae88be7c2ac6,PROJ-1019,2025-02-15T00:00:00+00:00,666.01,140.77,440,93,346,0,464954211.89,371963369.51,"{""SURVEY"": 103, ""VERIFICATION"": 103, ""OBJECTION"": 0, ""AWARD"": 69, ""COMPENSATION"": 69}","{""officers_count"": 10, ""sla_breaches"": 1, ""disputes_count"": 2, ""avg_days_per_stage"": 31.4, ""stage_complexity"": 0.4283}"
2a8f706b-756f-4a0d-a446-92b2d48a2694,PROJ-1019,2025-03-02T00:00:00+00:00,666.01,174.07,440,115,325,0,774923686.48,309969474.59,"{""SURVEY"": 97, ""VERIFICATION"": 97, ""OBJECTION"": 0, ""AWARD"": 65, ""COMPENSATION"": 65}","{""officers_count"": 12, ""sla_breaches"": 0, ""disputes_count"": 2, ""avg_days_per_stage"": 19.4, ""stage_complexity"": 0.3685}"
246120d6-1f79-405e-8d01-f54e172e60b8,PROJ-1019,2025-03-17T00:00:00+00:00,666.01,196.78,440,130,310,0,1162385529.71,232477105.94,"{""SURVEY"": 93, ""VERIFICATION"": 93, ""OBJECTION"": 0, ""AWARD"": 62, ""COMPENSATION"": 62}","{""officers_count"": 8, ""sla_breaches"": 2, ""disputes_count"": 1, ""avg_days_per_stage"": 25.6, ""stage_complexity"": 0.2941}"
f5717569-84bf-46c6-bb1e-103dc1a9331d,PROJ-1019,2025-04-01T00:00:00+00:00,666.01,246.73,440,163,277,0,1549847372.95,154984737.3,"{""SURVEY"": 83, ""VERIFICATION"": 83, ""OBJECTION"": 0, ""AWARD"": 55, ""COMPENSATION"": 55}","{""officers_count"": 10, ""sla_breaches"": 0, ""disputes_count"": 1, ""avg_days_per_stage"": 25.1, ""stage_complexity"": 0.3414}"
fc0cc8e8-4903-4365-9804-01bab048b7d6,PROJ-1019,2025-04-16T00:00:00+00:00,666.01,286.08,440,189,251,0,1549847372.95,154984737.3,"{""SURVEY"": 75, ""VERIFICATION"": 75, ""OBJECTION"": 0, ""AWARD"": 50, ""COMPENSATION"": 50}","{""officers_count"": 9, ""sla_breaches"": 1, ""disputes_count"": 3, ""avg_days_per_stage"": 32.4, ""stage_complexity"": 0.2915}"
56447fbd-f2f6-400b-82c3-45e06d309b5f,PROJ-1019,2025-05-01T00:00:00+00:00,666.01,316.35,440,209,231,1,1549847372.95,154984737.3,"{""SURVEY"": 69, ""VERIFICATION"": 69, ""OBJECTION"": 0, ""AWARD"": 46, ""COMPENSATION"": 46}","{""officers_count"": 12, ""sla_breaches"": 2, ""disputes_count"": 3, ""avg_days_per_stage"": 26.1, ""stage_complexity"": 0.2154}"
e2f1bfac-1d81-4f5d-aa1b-2ce5f04b4339,PROJ-1020,2025-01-01T00:00:00+00:00,369.21,38.38,202,21,179,3,0.0,331448101.49,"{""SURVEY"": 53, ""VERIFICATION"": 53, ""OBJECTION"": 1, ""AWARD"": 35, ""COMPENSATION"": 35}","{""officers_count"": 6, ""sla_breaches"": 1, ""disputes_count"": 0, ""avg_days_per_stage"": 33.4, ""stage_complexity"": 0.2017}"
59d42b62-a3e0-4988-ae94-cc5cbe014bef,PROJ-1020,2025-01-16T00:00:00+00:00,369.21,56.66,202,31,168,2,55241350.25,320399831.44,"{""SURVEY"": 50, ""VERIFICATION"": 50, ""OBJECTION"": 1, ""AWARD"": 33, ""COMPENSATION"": 33}","{""officers_count"": 6, ""sla_breaches"": 2, ""disputes_count"": 0, ""avg_days_per_stage"": 26.2, ""stage_complexity"": 0.4259}"
81c62888-78cc-48ba-8f3e-f3d42105978a,PROJ-1020,2025-01-31T00:00:00+00:00,369.21,106.01,202,58,142,3,165724050.75,298303291.34,"{""SURVEY"": 42, ""VERIFICATION"": 42, ""OBJECTION"": 1, ""AWARD"": 28, ""COMPENSATION"": 28}","{""officers_count"": 12, ""sla_breaches"": 2, ""disputes_count"": 2, ""avg_days_per_stage"": 20.2, ""stage_complexity"": 0.224}"
829920bb-a50b-4fa9-ad06-dbf3a332d9c0,PROJ-1020,2025-02-15T00:00:00+00:00,369.21,159.02,202,87,112,1,331448101.49,265158481.19,"{""SURVEY"": 33, ""VERIFICATION"": 33, ""OBJECTION"": 0, ""AWARD"": 22, ""COMPENSATION"": 22}","{""officers_count"": 8, ""sla_breaches"": 1, ""disputes_count"": 2, ""avg_days_per_stage"": 35.0, ""stage_complexity"": 0.3284}"
9405d4d3-d32e-46e7-b94f-c9535467b02e,PROJ-1020,2025-03-02T00:00:00+00:00,369.21,208.37,202,114,87,0,552413502.49,220965401.0,"{""SURVEY"": 26, ""VERIFICATION"": 26, ""OBJECTION"": 0, ""AWARD"": 17, ""COMPENSATION"": 17}","{""officers_count"": 8, ""sla_breaches"": 1, ""disputes_count"": 2, ""avg_days_per_stage"": 29.0, ""stage_complexity"": 0.2526}"
50ce8ce3-90ac-4267-adbe-c68d02b35c7a,PROJ-1020,2025-03-17T00:00:00+00:00,369.21,248.58,202,136,66,0,828620253.73,165724050.75,"{""SURVEY"": 19, ""VERIFICATION"": 19, ""OBJECTION"": 0, ""AWARD"": 13, ""COMPENSATION"": 13}","{""officers_count"": 12, ""sla_breaches"": 2, ""disputes_count"": 0, ""avg_days_per_stage"": 25.8, ""stage_complexity"": 0.4002}"
b8d40c4b-a9e1-4d50-b66b-f3b722fc3df2,PROJ-1020,2025-04-01T00:00:00+00:00,369.21,307.07,202,168,34,0,1104827004.98,110482700.5,"{""SURVEY"": 10, ""VERIFICATION"": 10, ""OBJECTION"": 0, ""AWARD"": 6, ""COMPENSATION"": 6}","{""officers_count"": 6, ""sla_breaches"": 1, ""disputes_count"": 3, ""avg_days_per_stage"": 29.5, ""stage_complexity"": 0.2395}"
2ccad4ee-8fb7-4f65-bd5e-533f66f9413e,PROJ-1020,2025-04-16T00:00:00+00:00,369.21,367.38,202,201,1,0,1104827004.98,110482700.5,"{""SURVEY"": 0, ""VERIFICATION"": 0, ""OBJECTION"": 0, ""AWARD"": 0, ""COMPENSATION"": 0}","{""officers_count"": 6, ""sla_breaches"": 0, ""disputes_count"": 3, ""avg_days_per_stage"": 18.9, ""stage_complexity"": 0.4047}"
32cca54d-410e-4209-9053-80f719ec270b,PROJ-1020,2025-05-01T00:00:00+00:00,369.21,369.21,202,202,0,1,1104827004.98,110482700.5,"{""SURVEY"": 0, ""VERIFICATION"": 0, ""OBJECTION"": 0, ""AWARD"": 0, ""COMPENSATION"": 0}","{""officers_count"": 11, ""sla_breaches"": 2, ""disputes_count"": 3, ""avg_days_per_stage"": 22.8, ""stage_complexity"": 0.4411}"
0c32fd52-c69d-4bb8-97b0-492d8ec0c711,PROJ-1020,2025-05-16T00:00:00+00:00,369.21,369.21,202,202,0,1,1104827004.98,110482700.5,"{""SURVEY"": 0, ""VERIFICATION"": 0, ""OBJECTION"": 0, ""AWARD"": 0, ""COMPENSATION"": 0}","{""officers_count"": 12, ""sla_breaches"": 1, ""disputes_count"": 1, ""avg_days_per_stage"": 20.1, ""stage_complexity"": 0.3574}"
f3e85c89-a361-411a-a39b-d675dcda79a3,PROJ-1020,2025-05-31T00:00:00+00:00,369.21,369.21,202,202,0,2,1104827004.98,110482700.5,"{""SURVEY"": 0, ""VERIFICATION"": 0, ""OBJECTION"": 1, ""AWARD"": 0, ""COMPENSATION"": 0}","{""officers_count"": 11, ""sla_breaches"": 0, ""disputes_count"": 3, ""avg_days_per_stage"": 29.0, ""stage_complexity"": 0.3139}"
16c51e32-52d6-4cad-ae63-a8242f6b5354,PROJ-1020,2025-06-15T00:00:00+00:00,369.21,369.21,202,202,0,3,1104827004.98,110482700.5,"{""SURVEY"": 0, ""VERIFICATION"": 0, ""OBJECTION"": 1, ""AWARD"": 0, ""COMPENSATION"": 0}","{""officers_count"": 6, ""sla_breaches"": 0, ""disputes_count"": 0, ""avg_days_per_stage"": 24.3, ""stage_complexity"": 0.2236}"
92c0bb2e-8623-475d-ba2f-c016787ca479,PROJ-1020,2025-06-30T00:00:00+00:00,369.21,369.21,202,202,0,2,1104827004.98,110482700.5,"{""SURVEY"": 0, ""VERIFICATION"": 0, ""OBJECTION"": 1, ""AWARD"": 0, ""COMPENSATION"": 0}","{""officers_count"": 9, ""sla_breaches"": 1, ""disputes_count"": 3, ""avg_days_per_stage"": 27.8, ""stage_complexity"": 0.3167}"
9321bc78-2d52-4e29-bed4-8471b22b7a71,PROJ-1020,2025-07-15T00:00:00+00:00,369.21,369.21,202,202,0,2,1104827004.98,110482700.5,"{""SURVEY"": 0, ""VERIFICATION"": 0, ""OBJECTION"": 1, ""AWARD"": 0, ""COMPENSATION"": 0}","{""officers_count"": 8, ""sla_breaches"": 0, ""disputes_count"": 2, ""avg_days_per_stage"": 17.6, ""stage_complexity"": 0.325}"
b95f5ba8-4b29-4ff5-802b-4a3c5bae771a,PROJ-1020,2025-07-30T00:00:00+00:00,369.21,369.21,202,202,0,3,1104827004.98,110482700.5,"{""SURVEY"": 0, ""VERIFICATION"": 0, ""OBJECTION"": 1, ""AWARD"": 0, ""COMPENSATION"": 0}","{""officers_count"": 12, ""sla_breaches"": 1, ""disputes_count"": 0, ""avg_days_per_stage"": 26.8, ""stage_complexity"": 0.3975}"
274cb6e3-8b25-4210-af4a-a6b068343847,PROJ-1020,2025-08-14T00:00:00+00:00,369.21,369.21,202,202,0,4,1104827004.98,110482700.5,"{""SURVEY"": 0, ""VERIFICATION"": 0, ""OBJECTION"": 2, ""AWARD"": 0, ""COMPENSATION"": 0}","{""officers_count"": 6, ""sla_breaches"": 0, ""disputes_count"": 3, ""avg_days_per_stage"": 21.9, ""stage_complexity"": 0.3348}"
52cbc427-0b34-41d6-a1dc-977f4bfcf20b,PROJ-1021,2025-01-01T00:00:00+00:00,71.09,5.19,219,16,203,0,0.0,61935521.46,"{""SURVEY"": 60, ""VERIFICATION"": 60, ""OBJECTION"": 0, ""AWARD"": 40, ""COMPENSATION"": 40}","{""officers_count"": 8, ""sla_breaches"": 2, ""disputes_count"": 3, ""avg_days_per_stage"": 20.6, ""stage_complexity"": 0.3411}"
3100959d-806c-4f16-8076-d5a2ab3e5106,PROJ-1021,2025-01-16T00:00:00+00:00,71.09,10.71,219,33,186,1,10322586.91,59871004.08,"{""SURVEY"": 55, ""VERIFICATION"": 55, ""OBJECTION"": 0, ""AWARD"": 37, ""COMPENSATION"": 37}","{""officers_count"": 6, ""sla_breaches"": 1, ""disputes_count"": 1, ""avg_days_per_stage"": 31.8, ""stage_complexity"": 0.2275}"
4945d219-7e3b-4c76-9dbe-a12eb9c15024,PROJ-1021,2025-01-31T00:00:00+00:00,71.09,21.75,219,67,151,2,30967760.73,55741969.32,"{""SURVEY"": 45, ""VERIFICATION"": 45, ""OBJECTION"": 1, ""AWARD"": 30, ""COMPENSATION"": 30}","{""officers_count"": 12, ""sla_breaches"": 2, ""disputes_count"": 2, ""avg_days_per_stage"": 33.9, ""stage_complexity"": 0.2872}"
bb6d03d1-47e5-45ae-bf2c-55bde21a339f,PROJ-1022,2025-01-01T00:00:00+00:00,943.98,29.77,539,17,521,0,0.0,1450038427.13,"{""SURVEY"": 156, ""VERIFICATION"": 156, ""OBJECTION"": 0, ""AWARD"": 104, ""COMPENSATION"": 104}","{""officers_count"": 12, ""sla_breaches"": 2, ""disputes_count"": 2, ""avg_days_per_stage"": 32.7, ""stage_complexity"": 0.2447}"
0cabea6e-22d3-4cd9-9a2f-491c2836b48a,PROJ-1022,2025-01-16T00:00:00+00:00,943.98,61.3,539,35,504,0,241673071.19,1401703812.89,"{""SURVEY"": 151, ""VERIFICATION"": 151, ""OBJECTION"": 0, ""AWARD"": 100, ""COMPENSATION"": 100}","{""officers_count"": 11, ""sla_breaches"": 2, ""disputes_count"": 3, ""avg_days_per_stage"": 31.4, ""stage_complexity"": 0.2455}"
e7661b30-3067-40c7-870b-a1283121a885,PROJ-1022,2025-01-31T00:00:00+00:00,943.98,119.09,539,68,471,1,725019213.56,1305034584.41,"{""SURVEY"": 141, ""VERIFICATION"": 141, ""OBJECTION"": 0, ""AWARD"": 94, ""COMPENSATION"": 94}","{""officers_count"": 9, ""sla_breaches"": 0, ""disputes_count"": 2, ""avg_days_per_stage"": 27.5, ""stage_complexity"": 0.3739}"
9a3bb3bc-ca5f-443f-bc0e-de5c7b76cada,PROJ-1022,2025-02-15T00:00:00+00:00,943.98,173.38,539,99,439,1,1450038427.13,1160030741.7,"{""SURVEY"": 131, ""VERIFICATION"": 131, ""OBJECTION"": 0, ""AWARD"": 87, ""COMPENSATION"": 87}","{""officers_count"": 6, ""sla_breaches"": 1, ""disputes_count"": 3, ""avg_days_per_stage"": 32.6, ""stage_complexity"": 0.4292}"
82869d88-cfe4-477a-9fa9-66d5be343619,PROJ-1022,2025-03-02T00:00:00+00:00,943.98,192.65,539,110,428,2,2416730711.88,966692284.75,"{""SURVEY"": 128, ""VERIFICATION"": 128, ""OBJECTION"": 1, ""AWARD"": 85, ""COMPENSATION"": 85}","{""officers_count"": 8, ""sla_breaches"": 0, ""disputes_count"": 1, ""avg_days_per_stage"": 25.6, ""stage_complexity"": 0.2708}"
d1a4baab-39c7-4e0d-8bd4-0c5d1adc0db9,PROJ-1022,2025-03-17T00:00:00+00:00,943.98,239.94,539,137,400,3,3625096067.82,725019213.56,"{""SURVEY"": 120, ""VERIFICATION"": 120, ""OBJECTION"": 1, ""AWARD"": 80, ""COMPENSATION"": 80}","{""officers_count"": 6, ""sla_breaches"": 1, ""disputes_count"": 3, ""avg_days_per_stage"": 25.8, ""stage_complexity"": 0.4178}"
80c4da94-c5bd-4c3f-8ba6-2b2dcd1af8f7,PROJ-1022,2025-04-01T00:00:00+00:00,943.98,281.97,539,161,375,1,4833461423.76,483346142.38,"{""SURVEY"": 112, ""VERIFICATION"": 112, ""OBJECTION"": 0, ""AWARD"": 75, ""COMPENSATION"": 75}","{""officers_count"": 11, ""sla_breaches"": 1, ""disputes_count"": 0, ""avg_days_per_stage"": 15.6, ""stage_complexity"": 0.2454}"
8b105c47-22ec-4d0f-9651-4489d251e39b,PROJ-1022,2025-04-16T00:00:00+00:00,943.98,299.48,539,171,367,0,4833461423.76,483346142.38,"{""SURVEY"": 110, ""VERIFICATION"": 110, ""OBJECTION"": 0, ""AWARD"": 73, ""COMPENSATION"": 73}","{""officers_count"": 9, ""sla_breaches"": 1, ""disputes_count"": 1, ""avg_days_per_stage"": 31.7, ""stage_complexity"": 0.3678}"
927174ad-131b-4375-8976-3cf01e4b6f2b,PROJ-1022,2025-05-01T00:00:00+00:00,943.98,338.01,539,193,346,1,4833461423.76,483346142.38,"{""SURVEY"": 103, ""VERIFICATION"": 103, ""OBJECTION"": 0, ""AWARD"": 69, ""COMPENSATION"": 69}","{""officers_count"": 9, ""sla_breaches"": 1, ""disputes_count"": 3, ""avg_days_per_stage"": 21.4, ""stage_complexity"": 0.4231}"
20a23829-a1ec-4958-96be-5d78da369ee4,PROJ-1022,2025-05-16T00:00:00+00:00,943.98,357.28,539,204,334,1,4833461423.76,483346142.38,"{""SURVEY"": 100, ""VERIFICATION"": 100, ""OBJECTION"": 0, ""AWARD"": 66, ""COMPENSATION"": 66}","{""officers_count"": 10, ""sla_breaches"": 2, ""disputes_count"": 2, ""avg_days_per_stage"": 28.3, ""stage_complexity"": 0.3808}"
607754ea-17b2-4564-b93f-12bbf3fcd629,PROJ-1022,2025-05-31T00:00:00+00:00,943.98,411.57,539,235,303,2,4833461423.76,483346142.38,"{""SURVEY"": 90, ""VERIFICATION"": 90, ""OBJECTION"": 1, ""AWARD"": 60, ""COMPENSATION"": 60}","{""officers_count"": 5, ""sla_breaches"": 1, ""disputes_count"": 2, ""avg_days_per_stage"": 15.4, ""stage_complexity"": 0.2247}"
833cfa78-5297-4090-b7c4-4ab8a67aa078,PROJ-1022,2025-06-15T00:00:00+00:00,943.98,453.6,539,259,278,0,4833461423.76,483346142.38,"{""SURVEY"": 83, ""VERIFICATION"": 83, ""OBJECTION"": 0, ""AWARD"": 55, ""COMPENSATION"": 55}","{""officers_count"": 11, ""sla_breaches"": 1, ""disputes_count"": 2, ""avg_days_per_stage"": 32.6, ""stage_complexity"": 0.2186}"
56cf88a7-582b-4571-9974-9dec8990d956,PROJ-1022,2025-06-30T00:00:00+00:00,943.98,474.62,539,271,268,0,4833461423.76,483346142.38,"{""SURVEY"": 80, ""VERIFICATION"": 80, ""OBJECTION"": 0, ""AWARD"": 53, ""COMPENSATION"": 53}","{""officers_count"": 11, ""sla_breaches"": 1, ""disputes_count"": 3, ""avg_days_per_stage"": 33.5, ""stage_complexity"": 0.3092}"
a0328816-9ef6-497f-aa42-196c3e770598,PROJ-1022,2025-07-15T00:00:00+00:00,943.98,523.65,539,299,240,0,4833461423.76,483346142.38,"{""SURVEY"": 72, ""VERIFICATION"": 72, ""OBJECTION"": 0, ""AWARD"": 48, ""COMPENSATION"": 48}","{""officers_count"": 9, ""sla_breaches"": 2, ""disputes_count"": 1, ""avg_days_per_stage"": 31.1, ""stage_complexity"": 0.3908}"
8a02346b-f921-45ed-b00c-26579c098c9b,PROJ-1022,2025-07-30T00:00:00+00:00,943.98,541.17,539,309,230,1,4833461423.76,483346142.38,"{""SURVEY"": 69, ""VERIFICATION"": 69, ""OBJECTION"": 0, ""AWARD"": 46, ""COMPENSATION"": 46}","{""officers_count"": 8, ""sla_breaches"": 1, ""disputes_count"": 2, ""avg_days_per_stage"": 21.5, ""stage_complexity"": 0.2362}"
42ab090b-5947-41ec-9b1b-2de3f495c240,PROJ-1022,2025-08-14T00:00:00+00:00,943.98,577.95,539,330,208,2,4833461423.76,483346142.38,"{""SURVEY"": 62, ""VERIFICATION"": 62, ""OBJECTION"": 1, ""AWARD"": 41, ""COMPENSATION"": 41}","{""officers_count"": 9, ""sla_breaches"": 0, ""disputes_count"": 0, ""avg_days_per_stage"": 25.1, ""stage_complexity"": 0.4371}"
1a954000-a815-40ec-aa9c-d74ed2edb805,PROJ-1023,2025-01-01T00:00:00+00:00,934.55,12.67,295,4,287,7,1441412552.54,3044194593.63,"{""SURVEY"": 86, ""VERIFICATION"": 86, ""OBJECTION"": 4, ""AWARD"": 57, ""COMPENSATION"": 57}","{""officers_count"": 1, ""sla_breaches"": 10, ""disputes_count"": 2, ""avg_days_per_stage"": 87.3, ""stage_complexity"": 0.6846}"
4435a4c2-bd52-4df2-bfe4-7d90f2cc930c,PROJ-1023,2025-01-16T00:00:00+00:00,934.55,22.18,295,7,281,8,1559187840.99,3462748894.27,"{""SURVEY"": 84, ""VERIFICATION"": 84, ""OBJECTION"": 4, ""AWARD"": 56, ""COMPENSATION"": 56}","{""officers_count"": 2, ""sla_breaches"": 10, ""disputes_count"": 3, ""avg_days_per_stage"": 126.3, ""stage_complexity"": 0.6415}"
c4a3978b-c972-4662-9419-2fd97f304ac6,PROJ-1023,2025-01-31T00:00:00+00:00,934.55,34.85,295,11,276,10,702058827.68,3737508634.6,"{""SURVEY"": 82, ""VERIFICATION"": 82, ""OBJECTION"": 6, ""AWARD"": 55, ""COMPENSATION"": 55}","{""officers_count"": 2, ""sla_breaches"": 6, ""disputes_count"": 5, ""avg_days_per_stage"": 75.8, ""stage_complexity"": 0.6916}"
9661e876-3acd-4a05-89f7-b6afbafeac74,PROJ-1023,2025-02-15T00:00:00+00:00,934.55,41.18,295,13,272,14,1076567761.55,3617696165.34,"{""SURVEY"": 81, ""VERIFICATION"": 81, ""OBJECTION"": 8, ""AWARD"": 54, ""COMPENSATION"": 54}","{""officers_count"": 2, ""sla_breaches"": 12, ""disputes_count"": 2, ""avg_days_per_stage"": 136.0, ""stage_complexity"": 0.6742}"
bdbbd5bf-9439-4d61-8aa3-831ab711f31a,PROJ-1023,2025-03-02T00:00:00+00:00,934.55,53.86,295,17,264,15,1284507418.74,2983512098.81,"{""SURVEY"": 79, ""VERIFICATION"": 79, ""OBJECTION"": 9, ""AWARD"": 52, ""COMPENSATION"": 52}","{""officers_count"": 1, ""sla_breaches"": 9, ""disputes_count"": 4, ""avg_days_per_stage"": 106.7, ""stage_complexity"": 0.749}"
19734d26-27f7-440f-8b55-930e6f356578,PROJ-1023,2025-03-17T00:00:00+00:00,934.55,53.86,295,17,263,19,541814166.17,3625031114.9,"{""SURVEY"": 78, ""VERIFICATION"": 78, ""OBJECTION"": 11, ""AWARD"": 52, ""COMPENSATION"": 52}","{""officers_count"": 2, ""sla_breaches"": 8, ""disputes_count"": 4, ""avg_days_per_stage"": 80.7, ""stage_complexity"": 0.728}"
1013f02c-a3c8-43a5-9b22-708b21a11dd8,PROJ-1023,2025-04-01T00:00:00+00:00,934.55,53.86,295,17,259,20,1006771338.37,2911629657.86,"{""SURVEY"": 77, ""VERIFICATION"": 77, ""OBJECTION"": 12, ""AWARD"": 51, ""COMPENSATION"": 51}","{""officers_count"": 2, ""sla_breaches"": 10, ""disputes_count"": 2, ""avg_days_per_stage"": 90.9, ""stage_complexity"": 0.7652}"
3b8e67b2-be96-4baf-ba1c-461f1b834e55,PROJ-1023,2025-04-16T00:00:00+00:00,934.55,66.53,295,21,254,23,1542532630.55,3316886519.19,"{""SURVEY"": 76, ""VERIFICATION"": 76, ""OBJECTION"": 13, ""AWARD"": 50, ""COMPENSATION"": 50}","{""officers_count"": 2, ""sla_breaches"": 10, ""disputes_count"": 4, ""avg_days_per_stage"": 135.3, ""stage_complexity"": 0.7143}"
bdad3f2f-688a-411e-8299-68dc3f325038,PROJ-1023,2025-05-01T00:00:00+00:00,934.55,72.86,295,23,249,24,1133557184.57,2777103211.79,"{""SURVEY"": 74, ""VERIFICATION"": 74, ""OBJECTION"": 14, ""AWARD"": 49, ""COMPENSATION"": 49}","{""officers_count"": 1, ""sla_breaches"": 10, ""disputes_count"": 5, ""avg_days_per_stage"": 149.4, ""stage_complexity"": 0.5657}"
09d1df99-6369-48b5-a547-8b3b4fd16b4e,PROJ-1023,2025-05-16T00:00:00+00:00,934.55,79.2,295,25,246,27,1403887736.76,3585356837.52,"{""SURVEY"": 73, ""VERIFICATION"": 73, ""OBJECTION"": 16, ""AWARD"": 49, ""COMPENSATION"": 49}","{""officers_count"": 2, ""sla_breaches"": 7, ""disputes_count"": 4, ""avg_days_per_stage"": 78.7, ""stage_complexity"": 0.6584}"
5a940c7c-4d05-4c16-9fd0-9d580cdffad6,PROJ-1023,2025-05-31T00:00:00+00:00,934.55,82.37,295,26,242,30,1184417292.99,3069674272.66,"{""SURVEY"": 72, ""VERIFICATION"": 72, ""OBJECTION"": 18, ""AWARD"": 48, ""COMPENSATION"": 48}","{""officers_count"": 2, ""sla_breaches"": 11, ""disputes_count"": 5, ""avg_days_per_stage"": 121.3, ""stage_complexity"": 0.7227}"
07a7baf7-71ee-4186-a627-a7721520939d,PROJ-1023,2025-06-15T00:00:00+00:00,934.55,82.37,295,26,239,31,1294398858.2,2763015954.5,"{""SURVEY"": 71, ""VERIFICATION"": 71, ""OBJECTION"": 18, ""AWARD"": 47, ""COMPENSATION"": 47}","{""officers_count"": 2, ""sla_breaches"": 10, ""disputes_count"": 4, ""avg_days_per_stage"": 74.4, ""stage_complexity"": 0.7609}"
b7765867-ca24-4bf7-b166-87e68053190e,PROJ-1023,2025-06-30T00:00:00+00:00,934.55,82.37,295,26,238,35,1164235404.13,2960583248.2,"{""SURVEY"": 71, ""VERIFICATION"": 71, ""OBJECTION"": 21, ""AWARD"": 47, ""COMPENSATION"": 47}","{""officers_count"": 1, ""sla_breaches"": 8, ""disputes_count"": 3, ""avg_days_per_stage"": 143.0, ""stage_complexity"": 0.7491}"
56079bb2-8769-4385-be8e-afca723f122f,PROJ-1023,2025-07-15T00:00:00+00:00,934.55,95.04,295,30,230,37,1407145335.8,3637897770.6,"{""SURVEY"": 69, ""VERIFICATION"": 69, ""OBJECTION"": 22, ""AWARD"": 46, ""COMPENSATION"": 46}","{""officers_count"": 1, ""sla_breaches"": 7, ""disputes_count"": 3, ""avg_days_per_stage"": 96.5, ""stage_complexity"": 0.5628}"
77b892cb-db9a-41fe-a39f-5ec7de18dbdd,PROJ-1023,2025-07-30T00:00:00+00:00,934.55,95.04,295,30,228,39,677619076.79,3621306794.17,"{""SURVEY"": 68, ""VERIFICATION"": 68, ""OBJECTION"": 23, ""AWARD"": 45, ""COMPENSATION"": 45}","{""officers_count"": 1, ""sla_breaches"": 9, ""disputes_count"": 2, ""avg_days_per_stage"": 85.6, ""stage_complexity"": 0.573}"
f358fd68-91f5-4b9f-a25d-555ae742014a,PROJ-1024,2025-01-01T00:00:00+00:00,546.49,4.66,704,6,689,9,582968537.21,1138506327.7,"{""SURVEY"": 206, ""VERIFICATION"": 206, ""OBJECTION"": 5, ""AWARD"": 137, ""COMPENSATION"": 137}","{""officers_count"": 3, ""sla_breaches"": 8, ""disputes_count"": 13, ""avg_days_per_stage"": 94.3, ""stage_complexity"": 0.8967}"
80d9e20a-d2cc-47c2-af22-7e3d65a2e0f6,PROJ-1024,2025-01-16T00:00:00+00:00,546.49,6.99,704,9,675,20,527915797.1,1305256417.39,"{""SURVEY"": 202, ""VERIFICATION"": 202, ""OBJECTION"": 12, ""AWARD"": 135, ""COMPENSATION"": 135}","{""officers_count"": 4, ""sla_breaches"": 9, ""disputes_count"": 22, ""avg_days_per_stage"": 72.4, ""stage_complexity"": 0.8291}"
d2caf61b-cc57-4f34-9181-f04a1df2657e,PROJ-1024,2025-01-31T00:00:00+00:00,546.49,10.87,704,14,664,26,610575056.89,1456830549.4,"{""SURVEY"": 199, ""VERIFICATION"": 199, ""OBJECTION"": 15, ""AWARD"": 132, ""COMPENSATION"": 132}","{""officers_count"": 4, ""sla_breaches"": 8, ""disputes_count"": 33, ""avg_days_per_stage"": 101.9, ""stage_complexity"": 0.8993}"
766d0287-1942-45d7-a781-854445910b2a,PROJ-1024,2025-02-15T00:00:00+00:00,546.49,11.64,704,15,652,37,575548018.32,1635534064.01,"{""SURVEY"": 195, ""VERIFICATION"": 195, ""OBJECTION"": 22, ""AWARD"": 130, ""COMPENSATION"": 130}","{""officers_count"": 5, ""sla_breaches"": 7, ""disputes_count"": 45, ""avg_days_per_stage"": 90.9, ""stage_complexity"": 0.8461}"
d4caa3a9-b5fd-496e-8e92-89c3f20a2a7f,PROJ-1024,2025-03-02T00:00:00+00:00,546.49,14.75,704,19,642,43,316225681.22,1707869843.52,"{""SURVEY"": 192, ""VERIFICATION"": 192, ""OBJECTION"": 25, ""AWARD"": 128, ""COMPENSATION"": 128}","{""officers_count"": 3, ""sla_breaches"": 10, ""disputes_count"": 50, ""avg_days_per_stage"": 72.8, ""stage_complexity"": 0.8365}"
cbf8455e-d4c2-49f7-84b0-6319139c5eda,PROJ-1024,2025-03-17T00:00:00+00:00,546.49,17.85,704,23,632,49,365827153.37,1392591059.63,"{""SURVEY"": 189, ""VERIFICATION"": 189, ""OBJECTION"": 29, ""AWARD"": 126, ""COMPENSATION"": 126}","{""officers_count"": 4, ""sla_breaches"": 11, ""disputes_count"": 53, ""avg_days_per_stage"": 101.8, ""stage_complexity"": 0.9455}"
b45a58fa-71e1-47d7-bda2-3d070f83d063,PROJ-1024,2025-04-01T00:00:00+00:00,546.49,21.74,704,28,620,56,371452014.39,1031283845.96,"{""SURVEY"": 186, ""VERIFICATION"": 186, ""OBJECTION"": 33, ""AWARD"": 124, ""COMPENSATION"": 124}","{""officers_count"": 4, ""sla_breaches"": 7, ""disputes_count"": 61, ""avg_days_per_stage"": 78.2, ""stage_complexity"": 0.884}"
f5c3bd34-0698-471a-b30e-d1de95b2565c,PROJ-1024,2025-04-16T00:00:00+00:00,546.49,26.39,704,34,610,60,327798330.28,1637659026.59,"{""SURVEY"": 183, ""VERIFICATION"": 183, ""OBJECTION"": 36, ""AWARD"": 122, ""COMPENSATION"": 122}","{""officers_count"": 5, ""sla_breaches"": 7, ""disputes_count"": 67, ""avg_days_per_stage"": 117.4, ""stage_complexity"": 0.8973}"
ff852bf5-7e22-457b-a158-d0e51a566ad7,PROJ-1024,2025-05-01T00:00:00+00:00,546.49,29.5,704,38,601,65,485013613.93,1706888381.91,"{""SURVEY"": 180, ""VERIFICATION"": 180, ""OBJECTION"": 39, ""AWARD"": 120, ""COMPENSATION"": 120}","{""officers_count"": 2, ""sla_breaches"": 9, ""disputes_count"": 70, ""avg_days_per_stage"": 122.4, ""stage_complexity"": 0.8817}"
64bed98e-ebd3-4967-abf2-bcdab14255a1,PROJ-1024,2025-05-16T00:00:00+00:00,546.49,31.05,704,40,587,77,482685496.51,1314464026.31,"{""SURVEY"": 176, ""VERIFICATION"": 176, ""OBJECTION"": 46, ""AWARD"": 117, ""COMPENSATION"": 117}","{""officers_count"": 2, ""sla_breaches"": 8, ""disputes_count"": 86, ""avg_days_per_stage"": 106.0, ""stage_complexity"": 0.9092}"
77a07648-7393-41b2-80d9-005c599b1162,PROJ-1024,2025-05-31T00:00:00+00:00,546.49,32.6,704,42,578,84,619424293.66,1602921599.15,"{""SURVEY"": 173, ""VERIFICATION"": 173, ""OBJECTION"": 50, ""AWARD"": 115, ""COMPENSATION"": 115}","{""officers_count"": 3, ""sla_breaches"": 10, ""disputes_count"": 86, ""avg_days_per_stage"": 68.4, ""stage_complexity"": 0.7525}"
49cc9a27-6879-4efe-b85a-22486d27b6e8,PROJ-1024,2025-06-15T00:00:00+00:00,546.49,34.93,704,45,565,94,618533274.51,1081275320.24,"{""SURVEY"": 169, ""VERIFICATION"": 169, ""OBJECTION"": 56, ""AWARD"": 113, ""COMPENSATION"": 113}","{""officers_count"": 2, ""sla_breaches"": 9, ""disputes_count"": 101, ""avg_days_per_stage"": 113.4, ""stage_complexity"": 0.8606}"
fb12cb4f-6158-4d67-a0cf-aeda7e026389,PROJ-1024,2025-06-30T00:00:00+00:00,546.49,38.81,704,50,556,98,225352800.58,1130463292.98,"{""SURVEY"": 166, ""VERIFICATION"": 166, ""OBJECTION"": 58, ""AWARD"": 111, ""COMPENSATION"": 111}","{""officers_count"": 4, ""sla_breaches"": 5, ""disputes_count"": 108, ""avg_days_per_stage"": 134.2, ""stage_complexity"": 0.818}"
a081385f-2f48-4ff8-b5b7-293402d1702e,PROJ-1024,2025-07-15T00:00:00+00:00,546.49,39.59,704,51,550,103,655723362.11,1110827583.04,"{""SURVEY"": 165, ""VERIFICATION"": 165, ""OBJECTION"": 61, ""AWARD"": 110, ""COMPENSATION"": 110}","{""officers_count"": 2, ""sla_breaches"": 6, ""disputes_count"": 113, ""avg_days_per_stage"": 76.4, ""stage_complexity"": 0.8759}"
e6b0aa57-ad53-4210-941e-7563dacec4c2,PROJ-1024,2025-07-30T00:00:00+00:00,546.49,43.47,704,56,539,109,575575094.25,1474876298.57,"{""SURVEY"": 161, ""VERIFICATION"": 161, ""OBJECTION"": 65, ""AWARD"": 107, ""COMPENSATION"": 107}","{""officers_count"": 3, ""sla_breaches"": 7, ""disputes_count"": 116, ""avg_days_per_stage"": 76.8, ""stage_complexity"": 0.9173}"
f322e584-9069-4b07-ac1c-18453f1ae31c,PROJ-1025,2025-01-01T00:00:00+00:00,239.93,2.91,495,6,484,5,106525803.93,528184354.5,"{""SURVEY"": 145, ""VERIFICATION"": 145, ""OBJECTION"": 3, ""AWARD"": 96, ""COMPENSATION"": 96}","{""officers_count"": 6, ""sla_breaches"": 5, ""disputes_count"": 5, ""avg_days_per_stage"": 84.9, ""stage_complexity"": 0.8431}"
852408e9-c1f9-4401-823e-5a8440a143b4,PROJ-1025,2025-01-16T00:00:00+00:00,239.93,4.85,495,10,477,8,115146116.74,602906496.13,"{""SURVEY"": 143, ""VERIFICATION"": 143, ""OBJECTION"": 4, ""AWARD"": 95, ""COMPENSATION"": 95}","{""officers_count"": 5, ""sla_breaches"": 5, ""disputes_count"": 7, ""avg_days_per_stage"": 60.7, ""stage_complexity"": 0.7965}"
81d9d6ec-aa56-4c93-9115-8a8798e42975,PROJ-1025,2025-01-31T00:00:00+00:00,239.93,7.27,495,15,467,13,53936281.33,520069073.24,"{""SURVEY"": 140, ""VERIFICATION"": 140, ""OBJECTION"": 7, ""AWARD"": 93, ""COMPENSATION"": 93}","{""officers_count"": 5, ""sla_breaches"": 7, ""disputes_count"": 4, ""avg_days_per_stage"": 59.6, ""stage_complexity"": 0.8062}"
b4ac844f-dde5-4e23-b862-b6c1c5cecc8e,PROJ-1025,2025-02-15T00:00:00+00:00,239.93,11.15,495,23,455,17,151777000.81,488199674.22,"{""SURVEY"": 136, ""VERIFICATION"": 136, ""OBJECTION"": 10, ""AWARD"": 91, ""COMPENSATION"": 91}","{""officers_count"": 6, ""sla_breaches"": 5, ""disputes_count"": 8, ""avg_days_per_stage"": 79.8, ""stage_complexity"": 0.8338}"
2c4372c3-b306-473b-9ffc-974f942007cf,PROJ-1025,2025-03-02T00:00:00+00:00,239.93,13.57,495,28,446,21,117748652.67,483051100.26,"{""SURVEY"": 133, ""VERIFICATION"": 133, ""OBJECTION"": 12, ""AWARD"": 89, ""COMPENSATION"": 89}","{""officers_count"": 3, ""sla_breaches"": 5, ""disputes_count"": 5, ""avg_days_per_stage"": 58.7, ""stage_complexity"": 0.7057}"
cfac3ced-6bd0-4189-b049-fd18931cc092,PROJ-1025,2025-03-17T00:00:00+00:00,239.93,16.48,495,34,435,26,108197820.34,480462290.19,"{""SURVEY"": 130, ""VERIFICATION"": 130, ""OBJECTION"": 15, ""AWARD"": 87, ""COMPENSATION"": 87}","{""officers_count"": 5, ""sla_breaches"": 8, ""disputes_count"": 6, ""avg_days_per_stage"": 56.9, ""stage_complexity"": 0.7625}"
5a9cc67c-1e64-4cdc-8083-b4d668474da9,PROJ-1025,2025-04-01T00:00:00+00:00,239.93,19.87,495,41,423,31,107101182.81,481758316.52,"{""SURVEY"": 126, ""VERIFICATION"": 126, ""OBJECTION"": 18, ""AWARD"": 84, ""COMPENSATION"": 84}","{""officers_count"": 6, ""sla_breaches"": 7, ""disputes_count"": 4, ""avg_days_per_stage"": 98.7, ""stage_complexity"": 0.8325}"
a7c43dc7-8f0b-4ca0-89f8-0875df0bdcc9,PROJ-1025,2025-04-16T00:00:00+00:00,239.93,21.33,495,44,418,33,162611152.0,609641136.36,"{""SURVEY"": 125, ""VERIFICATION"": 125, ""OBJECTION"": 19, ""AWARD"": 83, ""COMPENSATION"": 83}","{""officers_count"": 3, ""sla_breaches"": 8, ""disputes_count"": 7, ""avg_days_per_stage"": 62.0, ""stage_complexity"": 0.7387}"
89e0070b-dd08-49fc-a196-a061e50c2043,PROJ-1025,2025-05-01T00:00:00+00:00,239.93,24.24,495,50,409,36,119166271.8,564515739.24,"{""SURVEY"": 122, ""VERIFICATION"": 122, ""OBJECTION"": 21, ""AWARD"": 81, ""COMPENSATION"": 81}","{""officers_count"": 5, ""sla_breaches"": 7, ""disputes_count"": 4, ""avg_days_per_stage"": 71.7, ""stage_complexity"": 0.7268}"
c9d26c8c-98b7-40e2-b9e4-4acde503245c,PROJ-1025,2025-05-16T00:00:00+00:00,239.93,26.17,495,54,399,42,46139307.33,490991207.37,"{""SURVEY"": 119, ""VERIFICATION"": 119, ""OBJECTION"": 25, ""AWARD"": 79, ""COMPENSATION"": 79}","{""officers_count"": 4, ""sla_breaches"": 9, ""disputes_count"": 5, ""avg_days_per_stage"": 55.8, ""stage_complexity"": 0.8869}"
d7848c8d-9959-4509-ab5c-57ed04a040d5,PROJ-1025,2025-05-31T00:00:00+00:00,239.93,30.05,495,62,389,44,52375441.55,525032636.84,"{""SURVEY"": 116, ""VERIFICATION"": 116, ""OBJECTION"": 26, ""AWARD"": 77, ""COMPENSATION"": 77}","{""officers_count"": 3, ""sla_breaches"": 10, ""disputes_count"": 8, ""avg_days_per_stage"": 91.8, ""stage_complexity"": 0.8365}"
81d1e885-b3a5-426d-9b92-8ef610ec4a4c,PROJ-1025,2025-06-15T00:00:00+00:00,239.93,31.99,495,66,381,48,92973841.09,512155341.54,"{""SURVEY"": 114, ""VERIFICATION"": 114, ""OBJECTION"": 28, ""AWARD"": 76, ""COMPENSATION"": 76}","{""officers_count"": 6, ""sla_breaches"": 9, ""disputes_count"": 5, ""avg_days_per_stage"": 101.6, ""stage_complexity"": 0.7528}"
68e7d0cb-9eef-4c76-8da6-c86756163726,PROJ-1025,2025-06-30T00:00:00+00:00,239.93,33.44,495,69,373,53,157490062.26,553400000.38,"{""SURVEY"": 111, ""VERIFICATION"": 111, ""OBJECTION"": 31, ""AWARD"": 74, ""COMPENSATION"": 74}","{""officers_count"": 4, ""sla_breaches"": 6, ""disputes_count"": 3, ""avg_days_per_stage"": 89.8, ""stage_complexity"": 0.8491}"
7dd89be9-4763-4d32-a77a-bea4eb6872e7,PROJ-1025,2025-07-15T00:00:00+00:00,239.93,36.35,495,75,363,57,100347945.52,575732677.56,"{""SURVEY"": 108, ""VERIFICATION"": 108, ""OBJECTION"": 34, ""AWARD"": 72, ""COMPENSATION"": 72}","{""officers_count"": 3, ""sla_breaches"": 5, ""disputes_count"": 7, ""avg_days_per_stage"": 77.4, ""stage_complexity"": 0.7348}"
a83f323d-1e8e-4c64-b551-e2f9a7d455e6,PROJ-1026,2025-01-01T00:00:00+00:00,628.51,6.38,197,2,184,11,405487321.81,1853586107.61,"{""SURVEY"": 55, ""VERIFICATION"": 55, ""OBJECTION"": 6, ""AWARD"": 36, ""COMPENSATION"": 36}","{""officers_count"": 2, ""sla_breaches"": 8, ""disputes_count"": 13, ""avg_days_per_stage"": 72.3, ""stage_complexity"": 0.7555}"
a2d1d466-1844-4915-9a7a-58fdd8c4683a,PROJ-1026,2025-01-16T00:00:00+00:00,628.51,19.14,197,6,174,17,390270524.13,1565853875.41,"{""SURVEY"": 52, ""VERIFICATION"": 52, ""OBJECTION"": 10, ""AWARD"": 34, ""COMPENSATION"": 34}","{""officers_count"": 4, ""sla_breaches"": 7, ""disputes_count"": 27, ""avg_days_per_stage"": 136.9, ""stage_complexity"": 0.7741}"
0cf8be9c-3723-48da-9f56-71749f1b510b,PROJ-1026,2025-01-31T00:00:00+00:00,628.51,25.52,197,8,160,29,287317586.71,2005959758.25,"{""SURVEY"": 48, ""VERIFICATION"": 48, ""OBJECTION"": 17, ""AWARD"": 32, ""COMPENSATION"": 32}","{""officers_count"": 4, ""sla_breaches"": 9, ""disputes_count"": 35, ""avg_days_per_stage"": 127.1, ""stage_complexity"": 0.9248}"
d397e3f4-4028-429c-8948-58e5ed9cecd2,PROJ-1026,2025-02-15T00:00:00+00:00,628.51,35.09,197,11,145,41,683373738.12,1360912988.88,"{""SURVEY"": 43, ""VERIFICATION"": 43, ""OBJECTION"": 24, ""AWARD"": 29, ""COMPENSATION"": 29}","{""officers_count"": 4, ""sla_breaches"": 6, ""disputes_count"": 47, ""avg_days_per_stage"": 102.3, ""stage_complexity"": 0.8296}"
a823e896-3016-4d5e-9ddc-28aca8629ae0,PROJ-1026,2025-03-02T00:00:00+00:00,628.51,41.48,197,13,132,52,708621210.74,1389137308.27,"{""SURVEY"": 39, ""VERIFICATION"": 39, ""OBJECTION"": 31, ""AWARD"": 26, ""COMPENSATION"": 26}","{""officers_count"": 4, ""sla_breaches"": 9, ""disputes_count"": 57, ""avg_days_per_stage"": 70.2, ""stage_complexity"": 0.9402}"
594fb30b-6088-483d-ab2d-c3a7ef6c3e49,PROJ-1026,2025-03-17T00:00:00+00:00,628.51,60.62,197,19,114,64,382194254.13,1635586058.71,"{""SURVEY"": 34, ""VERIFICATION"": 34, ""OBJECTION"": 38, ""AWARD"": 22, ""COMPENSATION"": 22}","{""officers_count"": 3, ""sla_breaches"": 11, ""disputes_count"": 74, ""avg_days_per_stage"": 129.1, ""stage_complexity"": 0.8899}"
93ba73fe-b56f-47ce-ac37-5622f2faa827,PROJ-1026,2025-04-01T00:00:00+00:00,628.51,63.81,197,20,106,71,433122555.86,1876592414.93,"{""SURVEY"": 31, ""VERIFICATION"": 31, ""OBJECTION"": 42, ""AWARD"": 21, ""COMPENSATION"": 21}","{""officers_count"": 4, ""sla_breaches"": 4, ""disputes_count"": 80, ""avg_days_per_stage"": 125.0, ""stage_complexity"": 0.8737}"
c2123379-86f9-4198-8210-26652ce51b07,PROJ-1026,2025-04-16T00:00:00+00:00,628.51,70.19,197,22,93,82,549569303.79,2026852411.87,"{""SURVEY"": 27, ""VERIFICATION"": 27, ""OBJECTION"": 49, ""AWARD"": 18, ""COMPENSATION"": 18}","{""officers_count"": 5, ""sla_breaches"": 6, ""disputes_count"": 92, ""avg_days_per_stage"": 131.5, ""stage_complexity"": 0.7874}"
058f0bc0-c768-4851-a065-e9abf130dad1,PROJ-1026,2025-05-01T00:00:00+00:00,628.51,82.95,197,26,77,94,434177898.97,1319435373.52,"{""SURVEY"": 23, ""VERIFICATION"": 23, ""OBJECTION"": 56, ""AWARD"": 15, ""COMPENSATION"": 15}","{""officers_count"": 3, ""sla_breaches"": 9, ""disputes_count"": 99, ""avg_days_per_stage"": 139.4, ""stage_complexity"": 0.8365}"
b026634b-ee1a-4879-afeb-fc770f1209c2,PROJ-1026,2025-05-16T00:00:00+00:00,628.51,102.09,197,32,67,98,737096193.01,1151387494.37,"{""SURVEY"": 20, ""VERIFICATION"": 20, ""OBJECTION"": 58, ""AWARD"": 13, ""COMPENSATION"": 13}","{""officers_count"": 4, ""sla_breaches"": 10, ""disputes_count"": 106, ""avg_days_per_stage"": 134.1, ""stage_complexity"": 0.8772}"
87217342-3bd9-448b-aa68-e8ff8c9446d1,PROJ-1026,2025-05-31T00:00:00+00:00,628.51,118.05,197,37,62,98,282259696.45,1917007675.04,"{""SURVEY"": 18, ""VERIFICATION"": 18, ""OBJECTION"": 58, ""AWARD"": 12, ""COMPENSATION"": 12}","{""officers_count"": 5, ""sla_breaches"": 7, ""disputes_count"": 101, ""avg_days_per_stage"": 101.3, ""stage_complexity"": 0.8457}"
3563f0e2-85ec-420b-96c7-04ee036d354f,PROJ-1026,2025-06-15T00:00:00+00:00,628.51,130.81,197,41,58,98,686321311.77,1863760330.28,"{""SURVEY"": 17, ""VERIFICATION"": 17, ""OBJECTION"": 58, ""AWARD"": 11, ""COMPENSATION"": 11}","{""officers_count"": 4, ""sla_breaches"": 6, ""disputes_count"": 108, ""avg_days_per_stage"": 84.5, ""stage_complexity"": 0.9313}"
980ac258-f32c-40ff-abe8-bb649ff5654b,PROJ-1026,2025-06-30T00:00:00+00:00,628.51,137.19,197,43,56,98,274780981.78,1974496105.95,"{""SURVEY"": 16, ""VERIFICATION"": 16, ""OBJECTION"": 58, ""AWARD"": 11, ""COMPENSATION"": 11}","{""officers_count"": 5, ""sla_breaches"": 8, ""disputes_count"": 107, ""avg_days_per_stage"": 90.1, ""stage_complexity"": 0.7647}"
bce5652b-ca0b-4f0a-9605-84f41f1d944e,PROJ-1027,2025-01-01T00:00:00+00:00,492.6,3.84,385,3,376,6,555724924.94,1979708994.27,"{""SURVEY"": 112, ""VERIFICATION"": 112, ""OBJECTION"": 3, ""AWARD"": 75, ""COMPENSATION"": 75}","{""officers_count"": 5, ""sla_breaches"": 6, ""disputes_count"": 7, ""avg_days_per_stage"": 107.4, ""stage_complexity"": 0.8684}"
402257b1-6eda-4a5a-bf27-358c39ff708a,PROJ-1027,2025-01-16T00:00:00+00:00,492.6,11.52,385,9,367,9,440344896.83,1679650736.81,"{""SURVEY"": 110, ""VERIFICATION"": 110, ""OBJECTION"": 5, ""AWARD"": 73, ""COMPENSATION"": 73}","{""officers_count"": 5, ""sla_breaches"": 6, ""disputes_count"": 8, ""avg_days_per_stage"": 63.6, ""stage_complexity"": 0.8173}"
e507eef4-ffb7-4a30-8b50-81567b20be84,PROJ-1027,2025-01-31T00:00:00+00:00,492.6,20.47,385,16,356,13,471379166.85,2134143873.91,"{""SURVEY"": 106, ""VERIFICATION"": 106, ""OBJECTION"": 7, ""AWARD"": 71, ""COMPENSATION"": 71}","{""officers_count"": 3, ""sla_breaches"": 7, ""disputes_count"": 5, ""avg_days_per_stage"": 91.3, ""stage_complexity"": 0.7313}"
faa52174-ac03-4c9c-bc12-06d2561b5dba,PROJ-1027,2025-02-15T00:00:00+00:00,492.6,29.43,385,23,347,15,508269424.17,1859691083.96,"{""SURVEY"": 104, ""VERIFICATION"": 104, ""OBJECTION"": 9, ""AWARD"": 69, ""COMPENSATION"": 69}","{""officers_count"": 4, ""sla_breaches"": 8, ""disputes_count"": 5, ""avg_days_per_stage"": 77.8, ""stage_complexity"": 0.7995}"
871f1cb2-6f14-4a74-a3fb-37a9e8aec65c,PROJ-1027,2025-03-02T00:00:00+00:00,492.6,35.83,385,28,339,18,424312687.79,1922488220.16,"{""SURVEY"": 101, ""VERIFICATION"": 101, ""OBJECTION"": 10, ""AWARD"": 67, ""COMPENSATION"": 67}","{""officers_count"": 3, ""sla_breaches"": 7, ""disputes_count"": 4, ""avg_days_per_stage"": 78.4, ""stage_complexity"": 0.8372}"
91acc35d-b502-469d-8d83-b54f2fd1a530,PROJ-1027,2025-03-17T00:00:00+00:00,492.6,42.22,385,33,330,22,501012113.96,2062041108.96,"{""SURVEY"": 99, ""VERIFICATION"": 99, ""OBJECTION"": 13, ""AWARD"": 66, ""COMPENSATION"": 66}","{""officers_count"": 6, ""sla_breaches"": 6, ""disputes_count"": 8, ""avg_days_per_stage"": 102.5, ""stage_complexity"": 0.7603}"
d09f2f32-b7bb-4afd-ae60-3024acb2e44d,PROJ-1027,2025-04-01T00:00:00+00:00,492.6,49.9,385,39,318,28,360675937.89,2057092903.57,"{""SURVEY"": 95, ""VERIFICATION"": 95, ""OBJECTION"": 16, ""AWARD"": 63, ""COMPENSATION"": 63}","{""officers_count"": 4, ""sla_breaches"": 6, ""disputes_count"": 8, ""avg_days_per_stage"": 87.6, ""stage_complexity"": 0.7449}"
1f83c1f7-2e31-45e2-bc3e-d87f15d46e72,PROJ-1028,2025-01-01T00:00:00+00:00,455.47,4.94,645,7,632,6,410645433.24,1897491422.48,"{""SURVEY"": 189, ""VERIFICATION"": 189, ""OBJECTION"": 3, ""AWARD"": 126, ""COMPENSATION"": 126}","{""officers_count"": 3, ""sla_breaches"": 7, ""disputes_count"": 6, ""avg_days_per_stage"": 84.5, ""stage_complexity"": 0.7481}"
3cd6fb17-c6e5-4081-81e8-b7213912010b,PROJ-1028,2025-01-16T00:00:00+00:00,455.47,8.47,645,12,623,10,289105369.35,1717395676.15,"{""SURVEY"": 186, ""VERIFICATION"": 186, ""OBJECTION"": 6, ""AWARD"": 124, ""COMPENSATION"": 124}","{""officers_count"": 5, ""sla_breaches"": 9, ""disputes_count"": 8, ""avg_days_per_stage"": 73.5, ""stage_complexity"": 0.8347}"
c91096b1-45b9-4600-9dd3-cc764aad2843,PROJ-1028,2025-01-31T00:00:00+00:00,455.47,12.71,645,18,611,16,249985419.59,1881912115.93,"{""SURVEY"": 183, ""VERIFICATION"": 183, ""OBJECTION"": 9, ""AWARD"": 122, ""COMPENSATION"": 122}","{""officers_count"": 4, ""sla_breaches"": 10, ""disputes_count"": 3, ""avg_days_per_stage"": 102.5, ""stage_complexity"": 0.8485}"
9e2d0d06-d1a3-4626-b648-85d6a2397273,PROJ-1028,2025-02-15T00:00:00+00:00,455.47,16.95,645,24,602,19,488604001.43,1888484674.22,"{""SURVEY"": 180, ""VERIFICATION"": 180, ""OBJECTION"": 11, ""AWARD"": 120, ""COMPENSATION"": 120}","{""officers_count"": 4, ""sla_breaches"": 5, ""disputes_count"": 8, ""avg_days_per_stage"": 90.8, ""stage_complexity"": 0.8739}"
7be77683-91ec-4166-b4ae-4d2e84248c03,PROJ-1028,2025-03-02T00:00:00+00:00,455.47,22.6,645,32,590,23,383197877.93,1900555386.86,"{""SURVEY"": 177, ""VERIFICATION"": 177, ""OBJECTION"": 13, ""AWARD"": 118, ""COMPENSATION"": 118}","{""officers_count"": 3, ""sla_breaches"": 5, ""disputes_count"": 6, ""avg_days_per_stage"": 66.0, ""stage_complexity"": 0.7969}"
5c1091e5-badc-4fc6-b6df-62c8faea42c8,PROJ-1028,2025-03-17T00:00:00+00:00,455.47,26.13,645,37,583,25,433579491.07,1571942651.11,"{""SURVEY"": 174, ""VERIFICATION"": 174, ""OBJECTION"": 15, ""AWARD"": 116, ""COMPENSATION"": 116}","{""officers_count"": 6, ""sla_breaches"": 8, ""disputes_count"": 5, ""avg_days_per_stage"": 76.1, ""stage_complexity"": 0.8603}"
b850df29-9229-43c0-bf07-b2b2bdcca914,PROJ-1028,2025-04-01T00:00:00+00:00,455.47,28.95,645,41,574,30,418681585.57,1562250543.79,"{""SURVEY"": 172, ""VERIFICATION"": 172, ""OBJECTION"": 18, ""AWARD"": 114, ""COMPENSATION"": 114}","{""officers_count"": 6, ""sla_breaches"": 8, ""disputes_count"": 5, ""avg_days_per_stage"": 100.2, ""stage_complexity"": 0.8105}"
fb4f5731-2fcc-4bea-ba17-32c2971001dc,PROJ-1028,2025-04-16T00:00:00+00:00,455.47,34.6,645,49,561,35,128195046.75,1781007686.9,"{""SURVEY"": 168, ""VERIFICATION"": 168, ""OBJECTION"": 21, ""AWARD"": 112, ""COMPENSATION"": 112}","{""officers_count"": 6, ""sla_breaches"": 9, ""disputes_count"": 6, ""avg_days_per_stage"": 63.7, ""stage_complexity"": 0.7513}"
c617cdb0-7aab-43de-a5ad-d97c8a4dcd12,PROJ-1028,2025-05-01T00:00:00+00:00,455.47,38.13,645,54,553,38,517864302.62,1691346021.06,"{""SURVEY"": 165, ""VERIFICATION"": 165, ""OBJECTION"": 22, ""AWARD"": 110, ""COMPENSATION"": 110}","{""officers_count"": 6, ""sla_breaches"": 10, ""disputes_count"": 8, ""avg_days_per_stage"": 106.6, ""stage_complexity"": 0.8655}"
c60e03ae-ef97-49c3-948e-12c2ec4d5994,PROJ-1028,2025-05-16T00:00:00+00:00,455.47,40.25,645,57,545,43,487418616.06,1735450766.08,"{""SURVEY"": 163, ""VERIFICATION"": 163, ""OBJECTION"": 25, ""AWARD"": 109, ""COMPENSATION"": 109}","{""officers_count"": 3, ""sla_breaches"": 6, ""disputes_count"": 6, ""avg_days_per_stage"": 104.7, ""stage_complexity"": 0.8493}"
94fcb486-4347-43db-81d0-8f84afcb1c2b,PROJ-1028,2025-05-31T00:00:00+00:00,455.47,45.19,645,64,536,45,372893745.13,2134716873.24,"{""SURVEY"": 160, ""VERIFICATION"": 160, ""OBJECTION"": 27, ""AWARD"": 107, ""COMPENSATION"": 107}","{""officers_count"": 6, ""sla_breaches"": 10, ""disputes_count"": 7, ""avg_days_per_stage"": 77.8, ""stage_complexity"": 0.7043}"
0c678399-16c2-41be-8683-af3257c4c641,PROJ-1028,2025-06-15T00:00:00+00:00,455.47,49.43,645,70,528,47,503968826.48,1568546997.49,"{""SURVEY"": 158, ""VERIFICATION"": 158, ""OBJECTION"": 28, ""AWARD"": 105, ""COMPENSATION"": 105}","{""officers_count"": 5, ""sla_breaches"": 8, ""disputes_count"": 8, ""avg_days_per_stage"": 72.0, ""stage_complexity"": 0.8456}"
3115bce8-cda7-4f5d-a30f-c7f1f5d5071b,PROJ-1028,2025-06-30T00:00:00+00:00,455.47,55.08,645,78,516,51,463644706.38,1543853596.99,"{""SURVEY"": 154, ""VERIFICATION"": 154, ""OBJECTION"": 30, ""AWARD"": 103, ""COMPENSATION"": 103}","{""officers_count"": 3, ""sla_breaches"": 7, ""disputes_count"": 8, ""avg_days_per_stage"": 83.1, ""stage_complexity"": 0.862}"
a550618c-c15c-4cf2-a498-2079fbce3c84,PROJ-1028,2025-07-15T00:00:00+00:00,455.47,60.73,645,86,502,57,375224819.32,1632229651.06,"{""SURVEY"": 150, ""VERIFICATION"": 150, ""OBJECTION"": 34, ""AWARD"": 100, ""COMPENSATION"": 100}","{""officers_count"": 6, ""sla_breaches"": 5, ""disputes_count"": 4, ""avg_days_per_stage"": 83.3, ""stage_complexity"": 0.8274}"
cc0ec00c-76b8-45ab-971f-25a7a790567b,PROJ-1028,2025-07-30T00:00:00+00:00,455.47,65.67,645,93,492,60,218442894.21,1768900121.46,"{""SURVEY"": 147, ""VERIFICATION"": 147, ""OBJECTION"": 36, ""AWARD"": 98, ""COMPENSATION"": 98}","{""officers_count"": 6, ""sla_breaches"": 7, ""disputes_count"": 3, ""avg_days_per_stage"": 62.3, ""stage_complexity"": 0.7709}"
c39446e1-00e1-41ba-989f-d65e8a3536d5,PROJ-1028,2025-08-14T00:00:00+00:00,455.47,70.62,645,100,480,65,427331295.99,1850982291.64,"{""SURVEY"": 144, ""VERIFICATION"": 144, ""OBJECTION"": 39, ""AWARD"": 96, ""COMPENSATION"": 96}","{""officers_count"": 5, ""sla_breaches"": 8, ""disputes_count"": 6, ""avg_days_per_stage"": 104.0, ""stage_complexity"": 0.715}"
857bef76-bf3b-4ad3-99ca-95d24ce3f8e7,PROJ-1028,2025-08-29T00:00:00+00:00,455.47,75.56,645,107,469,69,187248831.32,1707289700.77,"{""SURVEY"": 140, ""VERIFICATION"": 140, ""OBJECTION"": 41, ""AWARD"": 93, ""COMPENSATION"": 93}","{""officers_count"": 4, ""sla_breaches"": 10, ""disputes_count"": 3, ""avg_days_per_stage"": 68.2, ""stage_complexity"": 0.8287}"
f20a3b74-e93c-4356-995b-0374c4006145,PROJ-1029,2025-01-01T00:00:00+00:00,303.48,1.61,377,2,361,14,365497761.74,941998793.35,"{""SURVEY"": 108, ""VERIFICATION"": 108, ""OBJECTION"": 8, ""AWARD"": 72, ""COMPENSATION"": 72}","{""officers_count"": 4, ""sla_breaches"": 7, ""disputes_count"": 21, ""avg_days_per_stage"": 66.1, ""stage_complexity"": 0.9062}"
6b4bfc9e-36b0-42c2-9bd9-a7c4489354a6,PROJ-1029,2025-01-16T00:00:00+00:00,303.48,6.44,377,8,350,19,375146252.43,957571638.5,"{""SURVEY"": 105, ""VERIFICATION"": 105, ""OBJECTION"": 11, ""AWARD"": 70, ""COMPENSATION"": 70}","{""officers_count"": 4, ""sla_breaches"": 9, ""disputes_count"": 26, ""avg_days_per_stage"": 71.8, ""stage_complexity"": 0.8974}"
83c8a802-b615-4bb0-8255-8bef2eb45913,PROJ-1029,2025-01-31T00:00:00+00:00,303.48,8.05,377,10,336,31,354226931.23,1018176568.32,"{""SURVEY"": 100, ""VERIFICATION"": 100, ""OBJECTION"": 18, ""AWARD"": 67, ""COMPENSATION"": 67}","{""officers_count"": 2, ""sla_breaches"": 9, ""disputes_count"": 40, ""avg_days_per_stage"": 126.6, ""stage_complexity"": 0.8662}"
5fffa86b-9404-42ae-8898-abb7b1ca63f8,PROJ-1029,2025-02-15T00:00:00+00:00,303.48,10.46,377,13,327,37,386581195.56,901871119.19,"{""SURVEY"": 98, ""VERIFICATION"": 98, ""OBJECTION"": 22, ""AWARD"": 65, ""COMPENSATION"": 65}","{""officers_count"": 5, ""sla_breaches"": 6, ""disputes_count"": 46, ""avg_days_per_stage"": 75.8, ""stage_complexity"": 0.8939}"
c944855f-a531-4235-a00c-6e13f45dad51,PROJ-1029,2025-03-02T00:00:00+00:00,303.48,11.27,377,14,320,43,155255250.25,724399024.12,"{""SURVEY"": 96, ""VERIFICATION"": 96, ""OBJECTION"": 25, ""AWARD"": 64, ""COMPENSATION"": 64}","{""officers_count"": 4, ""sla_breaches"": 8, ""disputes_count"": 50, ""avg_days_per_stage"": 76.1, ""stage_complexity"": 0.7886}"
ff3df775-6bbc-49a8-be90-c27866a9f24a,PROJ-1030,2025-01-01T00:00:00+00:00,99.24,1.47,405,6,390,9,60080890.94,188157032.31,"{""SURVEY"": 117, ""VERIFICATION"": 117, ""OBJECTION"": 5, ""AWARD"": 78, ""COMPENSATION"": 78}","{""officers_count"": 5, ""sla_breaches"": 8, ""disputes_count"": 17, ""avg_days_per_stage"": 120.7, ""stage_complexity"": 0.9173}"
23c9ee1c-167b-48f6-ab2f-44001e729b4b,PROJ-1030,2025-01-16T00:00:00+00:00,99.24,2.45,405,10,380,15,49162548.8,104230366.38,"{""SURVEY"": 114, ""VERIFICATION"": 114, ""OBJECTION"": 9, ""AWARD"": 76, ""COMPENSATION"": 76}","{""officers_count"": 4, ""sla_breaches"": 7, ""disputes_count"": 22, ""avg_days_per_stage"": 69.6, ""stage_complexity"": 0.7617}"
bed5285d-6660-4afe-85a4-53dfa6623510,PROJ-1030,2025-01-31T00:00:00+00:00,99.24,3.43,405,14,369,22,38889794.43,130688488.4,"{""SURVEY"": 110, ""VERIFICATION"": 110, ""OBJECTION"": 13, ""AWARD"": 73, ""COMPENSATION"": 73}","{""officers_count"": 4, ""sla_breaches"": 6, ""disputes_count"": 32, ""avg_days_per_stage"": 90.1, ""stage_complexity"": 0.809}"
5ba97946-b25e-4f56-b955-075af197af11,PROJ-1030,2025-02-15T00:00:00+00:00,99.24,4.9,405,20,356,29,53576215.08,131480267.35,"{""SURVEY"": 106, ""VERIFICATION"": 106, ""OBJECTION"": 17, ""AWARD"": 71, ""COMPENSATION"": 71}","{""officers_count"": 4, ""sla_breaches"": 6, ""disputes_count"": 39, ""avg_days_per_stage"": 117.9, ""stage_complexity"": 0.9097}"
911db8ff-cdb6-4a1d-b8bd-fa14ff58264d,PROJ-1030,2025-03-02T00:00:00+00:00,99.24,6.13,405,25,341,39,32675184.02,120250490.95,"{""SURVEY"": 102, ""VERIFICATION"": 102, ""OBJECTION"": 23, ""AWARD"": 68, ""COMPENSATION"": 68}","{""officers_count"": 5, ""sla_breaches"": 10, ""disputes_count"": 45, ""avg_days_per_stage"": 136.0, ""stage_complexity"": 0.911}"
cfa4ea6f-d9db-4525-a00f-8c8f102348f7,PROJ-1030,2025-03-17T00:00:00+00:00,99.24,7.6,405,31,328,46,74380837.92,186417012.92,"{""SURVEY"": 98, ""VERIFICATION"": 98, ""OBJECTION"": 27, ""AWARD"": 65, ""COMPENSATION"": 65}","{""officers_count"": 3, ""sla_breaches"": 9, ""disputes_count"": 50, ""avg_days_per_stage"": 97.6, ""stage_complexity"": 0.7871}"
8333a494-d155-4611-a882-0b9a4ef37161,PROJ-1030,2025-04-01T00:00:00+00:00,99.24,8.58,405,35,315,55,32220898.55,175480766.93,"{""SURVEY"": 94, ""VERIFICATION"": 94, ""OBJECTION"": 33, ""AWARD"": 63, ""COMPENSATION"": 63}","{""officers_count"": 2, ""sla_breaches"": 6, ""disputes_count"": 63, ""avg_days_per_stage"": 88.7, ""stage_complexity"": 0.9246}"
6a58598c-5887-4f31-bd92-18079b066976,PROJ-1030,2025-04-16T00:00:00+00:00,99.24,9.8,405,40,299,66,48336750.11,127822622.57,"{""SURVEY"": 89, ""VERIFICATION"": 89, ""OBJECTION"": 39, ""AWARD"": 59, ""COMPENSATION"": 59}","{""officers_count"": 5, ""sla_breaches"": 7, ""disputes_count"": 76, ""avg_days_per_stage"": 127.7, ""stage_complexity"": 0.8416}"
77590327-c980-48d0-b889-48071929436e,PROJ-1030,2025-05-01T00:00:00+00:00,99.24,11.03,405,45,284,76,37727506.58,199127734.32,"{""SURVEY"": 85, ""VERIFICATION"": 85, ""OBJECTION"": 45, ""AWARD"": 56, ""COMPENSATION"": 56}","{""officers_count"": 4, ""sla_breaches"": 5, ""disputes_count"": 79, ""avg_days_per_stage"": 91.4, ""stage_complexity"": 0.8752}"
677d83ff-1fcb-4b81-8be7-edf9b26d33de,PROJ-1030,2025-05-16T00:00:00+00:00,99.24,12.25,405,50,270,85,46385135.2,149962069.71,"{""SURVEY"": 81, ""VERIFICATION"": 81, ""OBJECTION"": 51, ""AWARD"": 54, ""COMPENSATION"": 54}","{""officers_count"": 2, ""sla_breaches"": 5, ""disputes_count"": 88, ""avg_days_per_stage"": 108.6, ""stage_complexity"": 0.9177}"
932c05ca-db9d-4c9f-ba28-5a17b6b2ec82,PROJ-1030,2025-05-31T00:00:00+00:00,99.24,12.5,405,51,264,90,37284457.45,142565137.86,"{""SURVEY"": 79, ""VERIFICATION"": 79, ""OBJECTION"": 54, ""AWARD"": 52, ""COMPENSATION"": 52}","{""officers_count"": 3, ""sla_breaches"": 9, ""disputes_count"": 96, ""avg_days_per_stage"": 78.0, ""stage_complexity"": 0.9193}"
0981bada-22b8-45b3-b2cc-1401474ac92b,PROJ-1030,2025-06-15T00:00:00+00:00,99.24,13.48,405,55,250,100,59934356.94,201806974.2,"{""SURVEY"": 75, ""VERIFICATION"": 75, ""OBJECTION"": 60, ""AWARD"": 50, ""COMPENSATION"": 50}","{""officers_count"": 3, ""sla_breaches"": 5, ""disputes_count"": 110, ""avg_days_per_stage"": 94.0, ""stage_complexity"": 0.8459}"
ebe46471-9d80-4000-bddb-778e96f0a469,PROJ-1030,2025-06-30T00:00:00+00:00,99.24,14.7,405,60,233,112,35884666.39,187792346.36,"{""SURVEY"": 69, ""VERIFICATION"": 69, ""OBJECTION"": 67, ""AWARD"": 46, ""COMPENSATION"": 46}","{""officers_count"": 5, ""sla_breaches"": 7, ""disputes_count"": 119, ""avg_days_per_stage"": 88.6, ""stage_complexity"": 0.8716}"
17d95515-e50d-49d7-bf5c-8bdfdc118406,PROJ-1030,2025-07-15T00:00:00+00:00,99.24,15.93,405,65,216,124,70294606.45,134656700.05,"{""SURVEY"": 64, ""VERIFICATION"": 64, ""OBJECTION"": 74, ""AWARD"": 43, ""COMPENSATION"": 43}","{""officers_count"": 4, ""sla_breaches"": 5, ""disputes_count"": 133, ""avg_days_per_stage"": 121.6, ""stage_complexity"": 0.7877}"
5bd2a613-369b-4511-bd50-99392734c54e,PROJ-1030,2025-07-30T00:00:00+00:00,99.24,17.4,405,71,205,129,33403461.58,106691450.48,"{""SURVEY"": 61, ""VERIFICATION"": 61, ""OBJECTION"": 77, ""AWARD"": 41, ""COMPENSATION"": 41}","{""officers_count"": 3, ""sla_breaches"": 11, ""disputes_count"": 135, ""avg_days_per_stage"": 75.6, ""stage_complexity"": 0.7814}"
c930a3a7-011e-4179-a271-60fee7ad4490,PROJ-1031,2025-01-01T00:00:00+00:00,477.85,1.98,482,2,476,8,361328471.4,1873254326.6,"{""SURVEY"": 142, ""VERIFICATION"": 142, ""OBJECTION"": 4, ""AWARD"": 95, ""COMPENSATION"": 95}","{""officers_count"": 1, ""sla_breaches"": 6, ""disputes_count"": 2, ""avg_days_per_stage"": 72.8, ""stage_complexity"": 0.6773}"
b9f45b8a-c42d-42dd-996d-24a86cae24dd,PROJ-1031,2025-01-16T00:00:00+00:00,477.85,3.97,482,4,470,9,720433564.11,1576708353.15,"{""SURVEY"": 141, ""VERIFICATION"": 141, ""OBJECTION"": 5, ""AWARD"": 94, ""COMPENSATION"": 94}","{""officers_count"": 2, ""sla_breaches"": 6, ""disputes_count"": 3, ""avg_days_per_stage"": 88.0, ""stage_complexity"": 0.736}"
5b4f22a4-5d85-40c4-b4c0-d1e2b720e7e2,PROJ-1031,2025-01-31T00:00:00+00:00,477.85,3.97,482,4,469,13,467353703.82,1832063930.34,"{""SURVEY"": 140, ""VERIFICATION"": 140, ""OBJECTION"": 7, ""AWARD"": 93, ""COMPENSATION"": 93}","{""officers_count"": 2, ""sla_breaches"": 6, ""disputes_count"": 6, ""avg_days_per_stage"": 100.3, ""stage_complexity"": 0.6256}"
bc1ddaf6-e1a2-43b2-b23a-1e6bf6b7b58c,PROJ-1031,2025-02-15T00:00:00+00:00,477.85,3.97,482,4,465,15,389420066.33,1450012696.96,"{""SURVEY"": 139, ""VERIFICATION"": 139, ""OBJECTION"": 9, ""AWARD"": 93, ""COMPENSATION"": 93}","{""officers_count"": 2, ""sla_breaches"": 12, ""disputes_count"": 6, ""avg_days_per_stage"": 81.4, ""stage_complexity"": 0.7808}"
6e14de5e-7fb7-4903-a5c2-fbc073981bf2,PROJ-1031,2025-03-02T00:00:00+00:00,477.85,6.94,482,7,460,19,466419083.42,1751861755.96,"{""SURVEY"": 138, ""VERIFICATION"": 138, ""OBJECTION"": 11, ""AWARD"": 92, ""COMPENSATION"": 92}","{""officers_count"": 1, ""sla_breaches"": 8, ""disputes_count"": 2, ""avg_days_per_stage"": 82.3, ""stage_complexity"": 0.6253}"
13f9c033-ba2e-407b-b111-ecae09e5a3dd,PROJ-1031,2025-03-17T00:00:00+00:00,477.85,9.91,482,10,453,21,280994354.22,1661586133.12,"{""SURVEY"": 135, ""VERIFICATION"": 135, ""OBJECTION"": 12, ""AWARD"": 90, ""COMPENSATION"": 90}","{""officers_count"": 1, ""sla_breaches"": 9, ""disputes_count"": 2, ""avg_days_per_stage"": 81.0, ""stage_complexity"": 0.7687}"
3c91c06c-2f7c-4bb0-b5f2-02ddc3819e36,PROJ-1031,2025-04-01T00:00:00+00:00,477.85,9.91,482,10,451,24,678777892.66,1525617958.73,"{""SURVEY"": 135, ""VERIFICATION"": 135, ""OBJECTION"": 14, ""AWARD"": 90, ""COMPENSATION"": 90}","{""officers_count"": 2, ""sla_breaches"": 10, ""disputes_count"": 4, ""avg_days_per_stage"": 77.2, ""stage_complexity"": 0.6119}"
219d1550-ebd7-4a8b-8f19-7a1be9b400a8,PROJ-1031,2025-04-16T00:00:00+00:00,477.85,10.91,482,11,447,28,765534842.73,1513186646.43,"{""SURVEY"": 134, ""VERIFICATION"": 134, ""OBJECTION"": 16, ""AWARD"": 89, ""COMPENSATION"": 89}","{""officers_count"": 2, ""sla_breaches"": 8, ""disputes_count"": 5, ""avg_days_per_stage"": 72.6, ""stage_complexity"": 0.7484}"
3f76a897-a76a-478b-abe8-4128d3108edc,PROJ-1031,2025-05-01T00:00:00+00:00,477.85,14.87,482,15,439,30,448113197.4,1668062494.29,"{""SURVEY"": 131, ""VERIFICATION"": 131, ""OBJECTION"": 18, ""AWARD"": 87, ""COMPENSATION"": 87}","{""officers_count"": 1, ""sla_breaches"": 6, ""disputes_count"": 5, ""avg_days_per_stage"": 108.0, ""stage_complexity"": 0.7481}"
8a5e559e-823d-49a0-8bdf-55161424a8b3,PROJ-1031,2025-05-16T00:00:00+00:00,477.85,15.86,482,16,436,34,302663250.64,1412681615.88,"{""SURVEY"": 130, ""VERIFICATION"": 130, ""OBJECTION"": 20, ""AWARD"": 87, ""COMPENSATION"": 87}","{""officers_count"": 1, ""sla_breaches"": 8, ""disputes_count"": 2, ""avg_days_per_stage"": 130.6, ""stage_complexity"": 0.7854}"
ce807664-a9aa-405c-9bf7-8b5001885c13,PROJ-1031,2025-05-31T00:00:00+00:00,477.85,19.83,482,20,428,35,572943508.51,1966486100.69,"{""SURVEY"": 128, ""VERIFICATION"": 128, ""OBJECTION"": 21, ""AWARD"": 85, ""COMPENSATION"": 85}","{""officers_count"": 1, ""sla_breaches"": 11, ""disputes_count"": 2, ""avg_days_per_stage"": 139.1, ""stage_complexity"": 0.7506}"
dde8788d-7c45-4ef3-8f96-1eb8e28de896,PROJ-1031,2025-06-15T00:00:00+00:00,477.85,22.8,482,23,424,39,275058454.29,1501683971.69,"{""SURVEY"": 127, ""VERIFICATION"": 127, ""OBJECTION"": 23, ""AWARD"": 84, ""COMPENSATION"": 84}","{""officers_count"": 1, ""sla_breaches"": 7, ""disputes_count"": 5, ""avg_days_per_stage"": 111.7, ""stage_complexity"": 0.6641}"
1ccca8e5-71a7-4a57-ba24-bae3e7d81e1b,PROJ-1031,2025-06-30T00:00:00+00:00,477.85,25.78,482,26,417,40,529509779.67,1441496393.55,"{""SURVEY"": 125, ""VERIFICATION"": 125, ""OBJECTION"": 24, ""AWARD"": 83, ""COMPENSATION"": 83}","{""officers_count"": 1, ""sla_breaches"": 7, ""disputes_count"": 3, ""avg_days_per_stage"": 120.7, ""stage_complexity"": 0.5523}"
32ee5eaf-1d32-4c88-80f4-ddc2be5c4005,PROJ-1031,2025-07-15T00:00:00+00:00,477.85,28.75,482,29,413,42,438341384.01,1850229370.41,"{""SURVEY"": 123, ""VERIFICATION"": 123, ""OBJECTION"": 25, ""AWARD"": 82, ""COMPENSATION"": 82}","{""officers_count"": 1, ""sla_breaches"": 10, ""disputes_count"": 6, ""avg_days_per_stage"": 105.9, ""stage_complexity"": 0.5574}"
2e6eecec-523f-4f91-bee4-99b76bf5e29d,PROJ-1031,2025-07-30T00:00:00+00:00,477.85,28.75,482,29,411,44,665220095.38,1808978597.27,"{""SURVEY"": 123, ""VERIFICATION"": 123, ""OBJECTION"": 26, ""AWARD"": 82, ""COMPENSATION"": 82}","{""officers_count"": 1, ""sla_breaches"": 10, ""disputes_count"": 4, ""avg_days_per_stage"": 123.2, ""stage_complexity"": 0.5614}"
9140127d-166a-446d-943d-e2a91f00b83a,PROJ-1031,2025-08-14T00:00:00+00:00,477.85,32.72,482,33,405,45,480290302.51,1756416977.23,"{""SURVEY"": 121, ""VERIFICATION"": 121, ""OBJECTION"": 27, ""AWARD"": 81, ""COMPENSATION"": 81}","{""officers_count"": 1, ""sla_breaches"": 12, ""disputes_count"": 3, ""avg_days_per_stage"": 101.0, ""stage_complexity"": 0.6743}"
14aac207-d1be-446a-a172-0d392757f949,PROJ-1032,2025-01-01T00:00:00+00:00,899.79,41.66,108,5,102,1,2210686107.47,2154067348.03,"{""SURVEY"": 30, ""VERIFICATION"": 30, ""OBJECTION"": 0, ""AWARD"": 20, ""COMPENSATION"": 20}","{""officers_count"": 5, ""sla_breaches"": 4, ""disputes_count"": 4, ""avg_days_per_stage"": 56.2, ""stage_complexity"": 0.4354}"
16eeab85-5505-4f47-bfbc-50f215c7cb9e,PROJ-1032,2025-01-16T00:00:00+00:00,899.79,149.96,108,18,86,4,1217301822.89,2254654108.83,"{""SURVEY"": 25, ""VERIFICATION"": 25, ""OBJECTION"": 2, ""AWARD"": 17, ""COMPENSATION"": 17}","{""officers_count"": 5, ""sla_breaches"": 3, ""disputes_count"": 2, ""avg_days_per_stage"": 60.9, ""stage_complexity"": 0.4931}"
f2bc28c4-ee8a-47f9-97f7-136ded987497,PROJ-1032,2025-01-31T00:00:00+00:00,899.79,274.94,108,33,68,7,2143562062.77,2375874059.32,"{""SURVEY"": 20, ""VERIFICATION"": 20, ""OBJECTION"": 4, ""AWARD"": 13, ""COMPENSATION"": 13}","{""officers_count"": 6, ""sla_breaches"": 2, ""disputes_count"": 4, ""avg_days_per_stage"": 58.9, ""stage_complexity"": 0.493}"
175f19c8-3df6-422e-97e5-f3382c3ce44d,PROJ-1032,2025-02-15T00:00:00+00:00,899.79,324.92,108,39,59,10,1178615767.42,2146954445.33,"{""SURVEY"": 17, ""VERIFICATION"": 17, ""OBJECTION"": 6, ""AWARD"": 11, ""COMPENSATION"": 11}","{""officers_count"": 4, ""sla_breaches"": 5, ""disputes_count"": 7, ""avg_days_per_stage"": 58.2, ""stage_complexity"": 0.5858}"
ad011f7d-4928-4fba-82b3-ca71c86ef6b3,PROJ-1032,2025-03-02T00:00:00+00:00,899.79,366.58,108,44,52,12,1291630867.5,2336449564.79,"{""SURVEY"": 15, ""VERIFICATION"": 15, ""OBJECTION"": 7, ""AWARD"": 10, ""COMPENSATION"": 10}","{""officers_count"": 6, ""sla_breaches"": 5, ""disputes_count"": 4, ""avg_days_per_stage"": 55.5, ""stage_complexity"": 0.5346}"
3b088c9b-4cbe-4046-b1ee-16372fb983b1,PROJ-1032,2025-03-17T00:00:00+00:00,899.79,449.89,108,54,42,12,1715109459.27,2700673788.84,"{""SURVEY"": 12, ""VERIFICATION"": 12, ""OBJECTION"": 7, ""AWARD"": 8, ""COMPENSATION"": 8}","{""officers_count"": 5, ""sla_breaches"": 3, ""disputes_count"": 5, ""avg_days_per_stage"": 40.0, ""stage_complexity"": 0.5463}"
fcc475aa-d0af-4f11-81d5-b0df2364366e,PROJ-1032,2025-04-01T00:00:00+00:00,899.79,541.54,108,65,31,12,1284701511.45,1570526892.93,"{""SURVEY"": 9, ""VERIFICATION"": 9, ""OBJECTION"": 7, ""AWARD"": 6, ""COMPENSATION"": 6}","{""officers_count"": 3, ""sla_breaches"": 2, ""disputes_count"": 5, ""avg_days_per_stage"": 45.0, ""stage_complexity"": 0.6331}"
ae474cd3-fe05-4b49-b432-11bc33b2a3b5,PROJ-1032,2025-04-16T00:00:00+00:00,899.79,599.86,108,72,22,14,1192590265.7,2315584937.51,"{""SURVEY"": 6, ""VERIFICATION"": 6, ""OBJECTION"": 8, ""AWARD"": 4, ""COMPENSATION"": 4}","{""officers_count"": 4, ""sla_breaches"": 3, ""disputes_count"": 7, ""avg_days_per_stage"": 45.4, ""stage_complexity"": 0.6877}"
65ad569f-8706-4083-9b75-5cf5eddabb9f,PROJ-1032,2025-05-01T00:00:00+00:00,899.79,683.17,108,82,13,13,1028674733.65,1424360168.81,"{""SURVEY"": 3, ""VERIFICATION"": 3, ""OBJECTION"": 7, ""AWARD"": 2, ""COMPENSATION"": 2}","{""officers_count"": 6, ""sla_breaches"": 5, ""disputes_count"": 2, ""avg_days_per_stage"": 51.3, ""stage_complexity"": 0.4564}"
0287b210-1b7f-4311-a812-bc3c2d960316,PROJ-1032,2025-05-16T00:00:00+00:00,899.79,766.49,108,92,2,14,2068684034.97,2276082275.07,"{""SURVEY"": 0, ""VERIFICATION"": 0, ""OBJECTION"": 8, ""AWARD"": 0, ""COMPENSATION"": 0}","{""officers_count"": 4, ""sla_breaches"": 2, ""disputes_count"": 3, ""avg_days_per_stage"": 44.6, ""stage_complexity"": 0.6962}"
7fde9348-b0e9-411c-990c-30df71de9186,PROJ-1032,2025-05-31T00:00:00+00:00,899.79,883.13,108,106,0,15,1040744103.02,2696509197.08,"{""SURVEY"": 0, ""VERIFICATION"": 0, ""OBJECTION"": 9, ""AWARD"": 0, ""COMPENSATION"": 0}","{""officers_count"": 5, ""sla_breaches"": 5, ""disputes_count"": 3, ""avg_days_per_stage"": 64.8, ""stage_complexity"": 0.6801}"
a44b8da2-c4f3-46d9-adac-98949ad9a923,PROJ-1033,2025-01-01T00:00:00+00:00,501.06,24.09,624,30,593,0,0.0,809361557.58,"{""SURVEY"": 177, ""VERIFICATION"": 177, ""OBJECTION"": 0, ""AWARD"": 118, ""COMPENSATION"": 118}","{""officers_count"": 7, ""sla_breaches"": 2, ""disputes_count"": 3, ""avg_days_per_stage"": 19.2, ""stage_complexity"": 0.422}"
dbdc4403-48f4-4687-8f81-534448730208,PROJ-1033,2025-01-16T00:00:00+00:00,501.06,39.35,624,49,575,0,134893592.93,782382838.99,"{""SURVEY"": 172, ""VERIFICATION"": 172, ""OBJECTION"": 0, ""AWARD"": 115, ""COMPENSATION"": 115}","{""officers_count"": 9, ""sla_breaches"": 0, ""disputes_count"": 2, ""avg_days_per_stage"": 16.5, ""stage_complexity"": 0.212}"
75b134f1-975d-4915-8919-c2d18a6b6890,PROJ-1033,2025-01-31T00:00:00+00:00,501.06,47.38,624,59,565,0,404680778.79,728425401.82,"{""SURVEY"": 169, ""VERIFICATION"": 169, ""OBJECTION"": 0, ""AWARD"": 113, ""COMPENSATION"": 113}","{""officers_count"": 11, ""sla_breaches"": 2, ""disputes_count"": 2, ""avg_days_per_stage"": 35.0, ""stage_complexity"": 0.3843}"
0b0c2636-287c-45d1-8e55-7f43dafcec6a,PROJ-1033,2025-02-15T00:00:00+00:00,501.06,62.63,624,78,546,0,809361557.58,647489246.06,"{""SURVEY"": 163, ""VERIFICATION"": 163, ""OBJECTION"": 0, ""AWARD"": 109, ""COMPENSATION"": 109}","{""officers_count"": 5, ""sla_breaches"": 1, ""disputes_count"": 1, ""avg_days_per_stage"": 20.4, ""stage_complexity"": 0.4372}"
62478c2d-0c78-4703-ab1e-88d5141023b9,PROJ-1033,2025-03-02T00:00:00+00:00,501.06,86.72,624,108,516,0,1348935929.29,539574371.72,"{""SURVEY"": 154, ""VERIFICATION"": 154, ""OBJECTION"": 0, ""AWARD"": 103, ""COMPENSATION"": 103}","{""officers_count"": 8, ""sla_breaches"": 1, ""disputes_count"": 3, ""avg_days_per_stage"": 25.4, ""stage_complexity"": 0.2822}"
9cb7457b-5d84-499b-9537-1bf95341b8f6,PROJ-1033,2025-03-17T00:00:00+00:00,501.06,101.98,624,127,497,1,2023403893.94,404680778.79,"{""SURVEY"": 149, ""VERIFICATION"": 149, ""OBJECTION"": 0, ""AWARD"": 99, ""COMPENSATION"": 99}","{""officers_count"": 11, ""sla_breaches"": 0, ""disputes_count"": 1, ""avg_days_per_stage"": 26.5, ""stage_complexity"": 0.3432}"
793dff18-d758-4214-8c8b-e29c7c95f96c,PROJ-1033,2025-04-01T00:00:00+00:00,501.06,110.01,624,137,486,0,2697871858.58,269787185.86,"{""SURVEY"": 145, ""VERIFICATION"": 145, ""OBJECTION"": 0, ""AWARD"": 97, ""COMPENSATION"": 97}","{""officers_count"": 9, ""sla_breaches"": 2, ""disputes_count"": 2, ""avg_days_per_stage"": 18.6, ""stage_complexity"": 0.2968}"
1b37200d-522d-47d2-8cb1-f2cfd7105648,PROJ-1033,2025-04-16T00:00:00+00:00,501.06,130.08,624,162,462,0,2697871858.58,269787185.86,"{""SURVEY"": 138, ""VERIFICATION"": 138, ""OBJECTION"": 0, ""AWARD"": 92, ""COMPENSATION"": 92}","{""officers_count"": 5, ""sla_breaches"": 0, ""disputes_count"": 0, ""avg_days_per_stage"": 27.7, ""stage_complexity"": 0.2662}"
f9fbd504-26ea-4c29-9747-a9461631bbdf,PROJ-1033,2025-05-01T00:00:00+00:00,501.06,158.19,624,197,427,0,2697871858.58,269787185.86,"{""SURVEY"": 128, ""VERIFICATION"": 128, ""OBJECTION"": 0, ""AWARD"": 85, ""COMPENSATION"": 85}","{""officers_count"": 11, ""sla_breaches"": 1, ""disputes_count"": 0, ""avg_days_per_stage"": 34.6, ""stage_complexity"": 0.2875}"
1657f550-c54f-46b1-9836-402c34ecde97,PROJ-1033,2025-05-16T00:00:00+00:00,501.06,171.03,624,213,411,0,2697871858.58,269787185.86,"{""SURVEY"": 123, ""VERIFICATION"": 123, ""OBJECTION"": 0, ""AWARD"": 82, ""COMPENSATION"": 82}","{""officers_count"": 9, ""sla_breaches"": 0, ""disputes_count"": 3, ""avg_days_per_stage"": 29.0, ""stage_complexity"": 0.3622}"
2c4de6bb-c529-4db2-b980-023fa2632074,PROJ-1033,2025-05-31T00:00:00+00:00,501.06,195.93,624,244,380,1,2697871858.58,269787185.86,"{""SURVEY"": 114, ""VERIFICATION"": 114, ""OBJECTION"": 0, ""AWARD"": 76, ""COMPENSATION"": 76}","{""officers_count"": 9, ""sla_breaches"": 1, ""disputes_count"": 0, ""avg_days_per_stage"": 21.6, ""stage_complexity"": 0.2615}"
8907912b-16b1-46e7-b0d9-a956ad14663e,PROJ-1033,2025-06-15T00:00:00+00:00,501.06,222.43,624,277,346,0,2697871858.58,269787185.86,"{""SURVEY"": 103, ""VERIFICATION"": 103, ""OBJECTION"": 0, ""AWARD"": 69, ""COMPENSATION"": 69}","{""officers_count"": 5, ""sla_breaches"": 0, ""disputes_count"": 1, ""avg_days_per_stage"": 27.1, ""stage_complexity"": 0.2747}"
1a96c50f-1a46-41c3-baf4-a0f44cd34a5c,PROJ-1033,2025-06-30T00:00:00+00:00,501.06,248.12,624,309,315,0,2697871858.58,269787185.86,"{""SURVEY"": 94, ""VERIFICATION"": 94, ""OBJECTION"": 0, ""AWARD"": 63, ""COMPENSATION"": 63}","{""officers_count"": 7, ""sla_breaches"": 0, ""disputes_count"": 3, ""avg_days_per_stage"": 26.2, ""stage_complexity"": 0.4425}"
963d0c08-a5fe-4a60-84bb-eb382e2426df,PROJ-1033,2025-07-15T00:00:00+00:00,501.06,273.82,624,341,283,0,2697871858.58,269787185.86,"{""SURVEY"": 84, ""VERIFICATION"": 84, ""OBJECTION"": 0, ""AWARD"": 56, ""COMPENSATION"": 56}","{""officers_count"": 5, ""sla_breaches"": 2, ""disputes_count"": 1, ""avg_days_per_stage"": 32.8, ""stage_complexity"": 0.2225}"
0508d070-41c9-4763-83da-c74a3cb6f58a,PROJ-1033,2025-07-30T00:00:00+00:00,501.06,298.71,624,372,252,0,2697871858.58,269787185.86,"{""SURVEY"": 75, ""VERIFICATION"": 75, ""OBJECTION"": 0, ""AWARD"": 50, ""COMPENSATION"": 50}","{""officers_count"": 12, ""sla_breaches"": 1, ""disputes_count"": 2, ""avg_days_per_stage"": 27.1, ""stage_complexity"": 0.3366}"
834c8744-38fe-4c1f-a5ce-b5d8f1464c21,PROJ-1034,2025-01-01T00:00:00+00:00,251.75,2.58,390,4,385,3,142061556.38,406016715.96,"{""SURVEY"": 115, ""VERIFICATION"": 115, ""OBJECTION"": 1, ""AWARD"": 77, ""COMPENSATION"": 77}","{""officers_count"": 1, ""sla_breaches"": 10, ""disputes_count"": 3, ""avg_days_per_stage"": 128.9, ""stage_complexity"": 0.7051}"
9c8332a8-6337-4699-bc4c-8a09289d0179,PROJ-1034,2025-01-16T00:00:00+00:00,251.75,5.16,390,8,379,4,183346313.41,537072314.56,"{""SURVEY"": 113, ""VERIFICATION"": 113, ""OBJECTION"": 2, ""AWARD"": 75, ""COMPENSATION"": 75}","{""officers_count"": 2, ""sla_breaches"": 12, ""disputes_count"": 5, ""avg_days_per_stage"": 94.4, ""stage_complexity"": 0.5572}"
f845af9e-5082-48a6-b37d-7533d3e117b7,PROJ-1034,2025-01-31T00:00:00+00:00,251.75,6.46,390,10,376,6,165984047.69,420847952.18,"{""SURVEY"": 112, ""VERIFICATION"": 112, ""OBJECTION"": 3, ""AWARD"": 75, ""COMPENSATION"": 75}","{""officers_count"": 1, ""sla_breaches"": 11, ""disputes_count"": 3, ""avg_days_per_stage"": 90.7, ""stage_complexity"": 0.778}"
72304658-f63a-47fb-a499-92e11ca59846,PROJ-1034,2025-02-15T00:00:00+00:00,251.75,6.46,390,10,374,7,151385299.2,518237374.25,"{""SURVEY"": 112, ""VERIFICATION"": 112, ""OBJECTION"": 4, ""AWARD"": 74, ""COMPENSATION"": 74}","{""officers_count"": 1, ""sla_breaches"": 7, ""disputes_count"": 4, ""avg_days_per_stage"": 128.4, ""stage_complexity"": 0.7897}"
2fb5093f-6bcb-4ec2-8dc8-5815ca347c53,PROJ-1034,2025-03-02T00:00:00+00:00,251.75,7.75,390,12,371,8,152157549.09,419162487.78,"{""SURVEY"": 111, ""VERIFICATION"": 111, ""OBJECTION"": 4, ""AWARD"": 74, ""COMPENSATION"": 74}","{""officers_count"": 2, ""sla_breaches"": 6, ""disputes_count"": 2, ""avg_days_per_stage"": 108.8, ""stage_complexity"": 0.6665}"
f09695c4-f252-4f51-a5fd-cbc60749ee9a,PROJ-1034,2025-03-17T00:00:00+00:00,251.75,9.04,390,14,368,9,203754901.97,448550780.8,"{""SURVEY"": 110, ""VERIFICATION"": 110, ""OBJECTION"": 5, ""AWARD"": 73, ""COMPENSATION"": 73}","{""officers_count"": 1, ""sla_breaches"": 6, ""disputes_count"": 4, ""avg_days_per_stage"": 112.9, ""stage_complexity"": 0.6906}"
8ce35df7-ebd5-4763-ae1d-c1c384dc4d09,PROJ-1034,2025-04-01T00:00:00+00:00,251.75,10.97,390,17,364,12,77194509.7,405848885.27,"{""SURVEY"": 109, ""VERIFICATION"": 109, ""OBJECTION"": 7, ""AWARD"": 72, ""COMPENSATION"": 72}","{""officers_count"": 2, ""sla_breaches"": 10, ""disputes_count"": 5, ""avg_days_per_stage"": 117.9, ""stage_complexity"": 0.5954}"
b433207a-3e94-4c8d-ae85-769f214d6fd9,PROJ-1034,2025-04-16T00:00:00+00:00,251.75,13.56,390,21,357,16,192441450.13,514670903.34,"{""SURVEY"": 107, ""VERIFICATION"": 107, ""OBJECTION"": 9, ""AWARD"": 71, ""COMPENSATION"": 71}","{""officers_count"": 1, ""sla_breaches"": 10, ""disputes_count"": 5, ""avg_days_per_stage"": 141.0, ""stage_complexity"": 0.5524}"
ce1f94ae-31a3-4794-86ec-39742cef7db1,PROJ-1034,2025-05-01T00:00:00+00:00,251.75,13.56,390,21,353,18,180378758.17,383753446.47,"{""SURVEY"": 105, ""VERIFICATION"": 105, ""OBJECTION"": 10, ""AWARD"": 70, ""COMPENSATION"": 70}","{""officers_count"": 2, ""sla_breaches"": 11, ""disputes_count"": 3, ""avg_days_per_stage"": 136.5, ""stage_complexity"": 0.7344}"
75ee3ecb-877a-4e92-860e-2c301ecc9f00,PROJ-1034,2025-05-16T00:00:00+00:00,251.75,15.49,390,24,348,21,146849536.46,424571742.5,"{""SURVEY"": 104, ""VERIFICATION"": 104, ""OBJECTION"": 12, ""AWARD"": 69, ""COMPENSATION"": 69}","{""officers_count"": 2, ""sla_breaches"": 12, ""disputes_count"": 3, ""avg_days_per_stage"": 131.4, ""stage_complexity"": 0.7522}"
dc8c62a6-2373-4d60-ac25-0b6ccd586b8f,PROJ-1034,2025-05-31T00:00:00+00:00,251.75,17.43,390,27,342,22,152370686.47,385940057.78,"{""SURVEY"": 102, ""VERIFICATION"": 102, ""OBJECTION"": 13, ""AWARD"": 68, ""COMPENSATION"": 68}","{""officers_count"": 1, ""sla_breaches"": 10, ""disputes_count"": 4, ""avg_days_per_stage"": 88.8, ""stage_complexity"": 0.5703}"
99ce3a8b-6b01-428e-852c-eb3c8450d88b,PROJ-1034,2025-06-15T00:00:00+00:00,251.75,20.01,390,31,337,25,187286371.84,420263001.1,"{""SURVEY"": 101, ""VERIFICATION"": 101, ""OBJECTION"": 15, ""AWARD"": 67, ""COMPENSATION"": 67}","{""officers_count"": 1, ""sla_breaches"": 8, ""disputes_count"": 5, ""avg_days_per_stage"": 91.4, ""stage_complexity"": 0.7577}"
ea057f2c-c2ba-4a29-b077-51f17fa8fe49,PROJ-1034,2025-06-30T00:00:00+00:00,251.75,21.95,390,34,331,26,193607290.31,470803290.53,"{""SURVEY"": 99, ""VERIFICATION"": 99, ""OBJECTION"": 15, ""AWARD"": 66, ""COMPENSATION"": 66}","{""officers_count"": 1, ""sla_breaches"": 10, ""disputes_count"": 6, ""avg_days_per_stage"": 115.9, ""stage_complexity"": 0.6518}"
cab92140-7ed0-4bca-8cd4-3a948f3a1133,PROJ-1034,2025-07-15T00:00:00+00:00,251.75,21.95,390,34,330,30,156504201.71,463695305.31,"{""SURVEY"": 99, ""VERIFICATION"": 99, ""OBJECTION"": 18, ""AWARD"": 66, ""COMPENSATION"": 66}","{""officers_count"": 2, ""sla_breaches"": 7, ""disputes_count"": 3, ""avg_days_per_stage"": 84.3, ""stage_complexity"": 0.6426}"
771f86c3-4e60-42f6-8417-52c7d99ea7ff,PROJ-1034,2025-07-30T00:00:00+00:00,251.75,22.59,390,35,325,34,83375222.81,401821986.51,"{""SURVEY"": 97, ""VERIFICATION"": 97, ""OBJECTION"": 20, ""AWARD"": 65, ""COMPENSATION"": 65}","{""officers_count"": 2, ""sla_breaches"": 10, ""disputes_count"": 2, ""avg_days_per_stage"": 111.6, ""stage_complexity"": 0.7255}"
63405d0b-7aec-4faa-893e-9cd9a00b4ff6,PROJ-1035,2025-01-01T00:00:00+00:00,498.09,1.68,593,2,587,4,274269502.81,980039835.27,"{""SURVEY"": 176, ""VERIFICATION"": 176, ""OBJECTION"": 2, ""AWARD"": 117, ""COMPENSATION"": 117}","{""officers_count"": 5, ""sla_breaches"": 6, ""disputes_count"": 9, ""avg_days_per_stage"": 139.1, ""stage_complexity"": 0.8676}"
685a85a4-b171-4d16-ab3e-9721abbf6304,PROJ-1035,2025-01-16T00:00:00+00:00,498.09,5.04,593,6,573,14,312666167.27,1127856156.46,"{""SURVEY"": 171, ""VERIFICATION"": 171, ""OBJECTION"": 8, ""AWARD"": 114, ""COMPENSATION"": 114}","{""officers_count"": 5, ""sla_breaches"": 11, ""disputes_count"": 24, ""avg_days_per_stage"": 133.3, ""stage_complexity"": 0.7636}"
130a6c94-5b57-497e-8919-daa5992c7974,PROJ-1035,2025-01-31T00:00:00+00:00,498.09,6.72,593,8,561,24,221063587.55,893108902.28,"{""SURVEY"": 168, ""VERIFICATION"": 168, ""OBJECTION"": 14, ""AWARD"": 112, ""COMPENSATION"": 112}","{""officers_count"": 4, ""sla_breaches"": 10, ""disputes_count"": 29, ""avg_days_per_stage"": 65.8, ""stage_complexity"": 0.839}"
b52c851e-4c46-4dc4-8582-bcff08bcecce,PROJ-1035,2025-02-15T00:00:00+00:00,498.09,11.76,593,14,543,36,276676716.06,705483133.08,"{""SURVEY"": 162, ""VERIFICATION"": 162, ""OBJECTION"": 21, ""AWARD"": 108, ""COMPENSATION"": 108}","{""officers_count"": 5, ""sla_breaches"": 6, ""disputes_count"": 38, ""avg_days_per_stage"": 127.9, ""stage_complexity"": 0.7698}"
19421dc8-47bc-43b0-bed9-4a0c9dea1754,PROJ-1035,2025-03-02T00:00:00+00:00,498.09,15.12,593,18,532,43,250014867.98,1016143240.77,"{""SURVEY"": 159, ""VERIFICATION"": 159, ""OBJECTION"": 25, ""AWARD"": 106, ""COMPENSATION"": 106}","{""officers_count"": 4, ""sla_breaches"": 9, ""disputes_count"": 50, ""avg_days_per_stage"": 66.4, ""stage_complexity"": 0.7533}"
4f2e8b2c-c934-44c7-a090-8e6ab7cbcd70,PROJ-1035,2025-03-17T00:00:00+00:00,498.09,18.48,593,22,524,47,421658460.71,896582669.58,"{""SURVEY"": 157, ""VERIFICATION"": 157, ""OBJECTION"": 28, ""AWARD"": 104, ""COMPENSATION"": 104}","{""officers_count"": 3, ""sla_breaches"": 4, ""disputes_count"": 51, ""avg_days_per_stage"": 65.9, ""stage_complexity"": 0.938}"
6551e325-9af8-49f0-871b-07960511cad3,PROJ-1035,2025-04-01T00:00:00+00:00,498.09,23.52,593,28,512,53,275484501.84,783407800.4,"{""SURVEY"": 153, ""VERIFICATION"": 153, ""OBJECTION"": 31, ""AWARD"": 102, ""COMPENSATION"": 102}","{""officers_count"": 5, ""sla_breaches"": 9, ""disputes_count"": 60, ""avg_days_per_stage"": 115.3, ""stage_complexity"": 0.9187}"
bfbe9822-f0fa-45c1-befa-aaf06335c37c,PROJ-1035,2025-04-16T00:00:00+00:00,498.09,25.2,593,30,506,57,277774140.02,1151182061.79,"{""SURVEY"": 151, ""VERIFICATION"": 151, ""OBJECTION"": 34, ""AWARD"": 101, ""COMPENSATION"": 101}","{""officers_count"": 5, ""sla_breaches"": 5, ""disputes_count"": 60, ""avg_days_per_stage"": 135.7, ""stage_complexity"": 0.921}"
892864dd-692c-494d-a3a1-b747f2b6daaa,PROJ-1035,2025-05-01T00:00:00+00:00,498.09,28.56,593,34,495,64,224818741.55,785155138.24,"{""SURVEY"": 148, ""VERIFICATION"": 148, ""OBJECTION"": 38, ""AWARD"": 99, ""COMPENSATION"": 99}","{""officers_count"": 3, ""sla_breaches"": 7, ""disputes_count"": 68, ""avg_days_per_stage"": 114.4, ""stage_complexity"": 0.8523}"
54c9542b-fdd5-49e8-a455-076964d58aea,PROJ-1035,2025-05-16T00:00:00+00:00,498.09,32.76,593,39,483,71,375105128.04,659320973.95,"{""SURVEY"": 144, ""VERIFICATION"": 144, ""OBJECTION"": 42, ""AWARD"": 96, ""COMPENSATION"": 96}","{""officers_count"": 2, ""sla_breaches"": 11, ""disputes_count"": 80, ""avg_days_per_stage"": 99.9, ""stage_complexity"": 0.8505}"
909014ca-1f43-44e3-b4a6-265c0722a725,PROJ-1035,2025-05-31T00:00:00+00:00,498.09,36.96,593,44,468,81,378429951.67,1015926864.45,"{""SURVEY"": 140, ""VERIFICATION"": 140, ""OBJECTION"": 48, ""AWARD"": 93, ""COMPENSATION"": 93}","{""officers_count"": 2, ""sla_breaches"": 5, ""disputes_count"": 85, ""avg_days_per_stage"": 113.2, ""stage_complexity"": 0.9304}"
a9f9d40f-71fc-4b40-8ec5-573e68be58e1,PROJ-1035,2025-06-15T00:00:00+00:00,498.09,42.0,593,50,453,90,347793500.95,794108172.66,"{""SURVEY"": 135, ""VERIFICATION"": 135, ""OBJECTION"": 54, ""AWARD"": 90, ""COMPENSATION"": 90}","{""officers_count"": 3, ""sla_breaches"": 9, ""disputes_count"": 92, ""avg_days_per_stage"": 76.7, ""stage_complexity"": 0.8944}"
f0f2e4ad-4a7e-42f1-9c66-f429e0cb0f1d,PROJ-1035,2025-06-30T00:00:00+00:00,498.09,44.52,593,53,441,99,434225887.78,1158285638.63,"{""SURVEY"": 132, ""VERIFICATION"": 132, ""OBJECTION"": 59, ""AWARD"": 88, ""COMPENSATION"": 88}","{""officers_count"": 5, ""sla_breaches"": 11, ""disputes_count"": 106, ""avg_days_per_stage"": 71.4, ""stage_complexity"": 0.7899}"
547fe5d3-fdd5-4e28-b2bc-155812d1897d,PROJ-1036,2025-01-01T00:00:00+00:00,847.22,23.07,404,11,392,1,0.0,1408390959.69,"{""SURVEY"": 117, ""VERIFICATION"": 117, ""OBJECTION"": 0, ""AWARD"": 78, ""COMPENSATION"": 78}","{""officers_count"": 11, ""sla_breaches"": 0, ""disputes_count"": 1, ""avg_days_per_stage"": 32.9, ""stage_complexity"": 0.2916}"
d385196b-7187-4222-a9b9-561777c6ff31,PROJ-1036,2025-01-16T00:00:00+00:00,847.22,79.69,404,38,365,0,234731826.62,1361444594.37,"{""SURVEY"": 109, ""VERIFICATION"": 109, ""OBJECTION"": 0, ""AWARD"": 73, ""COMPENSATION"": 73}","{""officers_count"": 11, ""sla_breaches"": 0, ""disputes_count"": 0, ""avg_days_per_stage"": 34.1, ""stage_complexity"": 0.2406}"
6e036c2a-6522-4714-be3e-27daf8f290f3,PROJ-1036,2025-01-31T00:00:00+00:00,847.22,125.82,404,60,344,0,704195479.85,1267551863.72,"{""SURVEY"": 103, ""VERIFICATION"": 103, ""OBJECTION"": 0, ""AWARD"": 68, ""COMPENSATION"": 68}","{""officers_count"": 5, ""sla_breaches"": 2, ""disputes_count"": 2, ""avg_days_per_stage"": 20.0, ""stage_complexity"": 0.402}"
79431bdd-f862-4440-aef8-8d1aaacf62e3,PROJ-1036,2025-02-15T00:00:00+00:00,847.22,155.18,404,74,330,0,1408390959.69,1126712767.75,"{""SURVEY"": 99, ""VERIFICATION"": 99, ""OBJECTION"": 0, ""AWARD"": 66, ""COMPENSATION"": 66}","{""officers_count"": 10, ""sla_breaches"": 2, ""disputes_count"": 1, ""avg_days_per_stage"": 20.9, ""stage_complexity"": 0.2429}"
a5f4eecd-06b1-4333-b794-136b5a0e9735,PROJ-1036,2025-03-02T00:00:00+00:00,847.22,199.22,404,95,309,1,2347318266.15,938927306.46,"{""SURVEY"": 92, ""VERIFICATION"": 92, ""OBJECTION"": 0, ""AWARD"": 61, ""COMPENSATION"": 61}","{""officers_count"": 5, ""sla_breaches"": 1, ""disputes_count"": 1, ""avg_days_per_stage"": 23.4, ""stage_complexity"": 0.2036}"
04ca714b-5d99-4259-945b-618df148fe56,PROJ-1036,2025-03-17T00:00:00+00:00,847.22,234.87,404,112,291,0,3520977399.23,704195479.85,"{""SURVEY"": 87, ""VERIFICATION"": 87, ""OBJECTION"": 0, ""AWARD"": 58, ""COMPENSATION"": 58}","{""officers_count"": 5, ""sla_breaches"": 0, ""disputes_count"": 0, ""avg_days_per_stage"": 29.9, ""stage_complexity"": 0.2845}"
f44326bd-29a3-4d2f-949c-930679e0a41b,PROJ-1036,2025-04-01T00:00:00+00:00,847.22,278.91,404,133,271,1,4694636532.31,469463653.23,"{""SURVEY"": 81, ""VERIFICATION"": 81, ""OBJECTION"": 0, ""AWARD"": 54, ""COMPENSATION"": 54}","{""officers_count"": 10, ""sla_breaches"": 0, ""disputes_count"": 2, ""avg_days_per_stage"": 28.6, ""stage_complexity"": 0.3133}"
3ae9348b-ee8d-4632-8458-85a562231d44,PROJ-1036,2025-04-16T00:00:00+00:00,847.22,348.12,404,166,237,1,4694636532.31,469463653.23,"{""SURVEY"": 71, ""VERIFICATION"": 71, ""OBJECTION"": 0, ""AWARD"": 47, ""COMPENSATION"": 47}","{""officers_count"": 10, ""sla_breaches"": 1, ""disputes_count"": 1, ""avg_days_per_stage"": 33.8, ""stage_complexity"": 0.4111}"
3c2d0dec-9e27-4138-af10-909110f52966,PROJ-1036,2025-05-01T00:00:00+00:00,847.22,404.74,404,193,210,0,4694636532.31,469463653.23,"{""SURVEY"": 63, ""VERIFICATION"": 63, ""OBJECTION"": 0, ""AWARD"": 42, ""COMPENSATION"": 42}","{""officers_count"": 5, ""sla_breaches"": 1, ""disputes_count"": 0, ""avg_days_per_stage"": 23.2, ""stage_complexity"": 0.2583}"
9501ceda-b176-4cfc-99b1-1d8b358ecc50,PROJ-1036,2025-05-16T00:00:00+00:00,847.22,450.87,404,215,189,0,4694636532.31,469463653.23,"{""SURVEY"": 56, ""VERIFICATION"": 56, ""OBJECTION"": 0, ""AWARD"": 37, ""COMPENSATION"": 37}","{""officers_count"": 5, ""sla_breaches"": 0, ""disputes_count"": 0, ""avg_days_per_stage"": 19.0, ""stage_complexity"": 0.4374}"
a56a6d1d-193d-4fab-bcc8-f8678ab6378a,PROJ-1036,2025-05-31T00:00:00+00:00,847.22,478.13,404,228,176,0,4694636532.31,469463653.23,"{""SURVEY"": 52, ""VERIFICATION"": 52, ""OBJECTION"": 0, ""AWARD"": 35, ""COMPENSATION"": 35}","{""officers_count"": 7, ""sla_breaches"": 2, ""disputes_count"": 3, ""avg_days_per_stage"": 25.3, ""stage_complexity"": 0.2927}"
d275c8ae-8e7a-420c-a46c-f0ac4f800067,PROJ-1036,2025-06-15T00:00:00+00:00,847.22,536.85,404,256,148,0,4694636532.31,469463653.23,"{""SURVEY"": 44, ""VERIFICATION"": 44, ""OBJECTION"": 0, ""AWARD"": 29, ""COMPENSATION"": 29}","{""officers_count"": 5, ""sla_breaches"": 2, ""disputes_count"": 0, ""avg_days_per_stage"": 28.5, ""stage_complexity"": 0.3503}"
83ce60fe-7f8a-4a6a-8aa7-f365e9942e1e,PROJ-1036,2025-06-30T00:00:00+00:00,847.22,576.7,404,275,129,0,4694636532.31,469463653.23,"{""SURVEY"": 38, ""VERIFICATION"": 38, ""OBJECTION"": 0, ""AWARD"": 25, ""COMPENSATION"": 25}","{""officers_count"": 10, ""sla_breaches"": 1, ""disputes_count"": 3, ""avg_days_per_stage"": 18.9, ""stage_complexity"": 0.3613}"
3b258579-9470-4008-a742-30d46309713d,PROJ-1036,2025-07-15T00:00:00+00:00,847.22,612.35,404,292,112,0,4694636532.31,469463653.23,"{""SURVEY"": 33, ""VERIFICATION"": 33, ""OBJECTION"": 0, ""AWARD"": 22, ""COMPENSATION"": 22}","{""officers_count"": 7, ""sla_breaches"": 0, ""disputes_count"": 2, ""avg_days_per_stage"": 20.4, ""stage_complexity"": 0.3734}"
3aeff4d8-69ba-40db-adab-b9551b6396ef,PROJ-1037,2025-01-01T00:00:00+00:00,913.89,2.62,697,2,693,2,510869545.3,3173343987.47,"{""SURVEY"": 207, ""VERIFICATION"": 207, ""OBJECTION"": 1, ""AWARD"": 138, ""COMPENSATION"": 138}","{""officers_count"": 3, ""sla_breaches"": 8, ""disputes_count"": 3, ""avg_days_per_stage"": 98.4, ""stage_complexity"": 0.796}"
0468e1d3-c6e0-4891-9833-62131050e24b,PROJ-1037,2025-01-16T00:00:00+00:00,913.89,7.87,697,6,687,4,211095717.7,2981171601.34,"{""SURVEY"": 206, ""VERIFICATION"": 206, ""OBJECTION"": 2, ""AWARD"": 137, ""COMPENSATION"": 137}","{""officers_count"": 6, ""sla_breaches"": 8, ""disputes_count"": 5, ""avg_days_per_stage"": 55.4, ""stage_complexity"": 0.7289}"
6532a333-7ecf-4e18-bfbe-a95320fc269a,PROJ-1037,2025-01-31T00:00:00+00:00,913.89,14.42,697,11,680,6,374738820.56,2524828668.26,"{""SURVEY"": 204, ""VERIFICATION"": 204, ""OBJECTION"": 3, ""AWARD"": 136, ""COMPENSATION"": 136}","{""officers_count"": 3, ""sla_breaches"": 8, ""disputes_count"": 8, ""avg_days_per_stage"": 85.2, ""stage_complexity"": 0.7408}"
de061f81-bb8d-4d05-bf08-a8c51ae82b9a,PROJ-1037,2025-02-15T00:00:00+00:00,913.89,24.91,697,19,668,10,501046192.56,2703521271.67,"{""SURVEY"": 200, ""VERIFICATION"": 200, ""OBJECTION"": 6, ""AWARD"": 133, ""COMPENSATION"": 133}","{""officers_count"": 6, ""sla_breaches"": 7, ""disputes_count"": 7, ""avg_days_per_stage"": 92.6, ""stage_complexity"": 0.857}"
6792a329-7842-4ff1-8eb2-3e901b33a282,PROJ-1037,2025-03-02T00:00:00+00:00,913.89,32.78,697,25,660,12,611413086.66,2594563612.68,"{""SURVEY"": 198, ""VERIFICATION"": 198, ""OBJECTION"": 7, ""AWARD"": 132, ""COMPENSATION"": 132}","{""officers_count"": 5, ""sla_breaches"": 6, ""disputes_count"": 7, ""avg_days_per_stage"": 58.9, ""stage_complexity"": 0.7877}"
cf5a4be4-f9eb-464d-ab4a-7b2cc7f2c8aa,PROJ-1037,2025-03-17T00:00:00+00:00,913.89,43.27,697,33,646,18,815240652.02,2550177144.63,"{""SURVEY"": 193, ""VERIFICATION"": 193, ""OBJECTION"": 10, ""AWARD"": 129, ""COMPENSATION"": 129}","{""officers_count"": 5, ""sla_breaches"": 5, ""disputes_count"": 4, ""avg_days_per_stage"": 81.9, ""stage_complexity"": 0.8436}"
eef7d4c4-65e2-4482-a66c-ba97d269262f,PROJ-1037,2025-04-01T00:00:00+00:00,913.89,52.45,697,40,634,23,792903176.02,3196024142.77,"{""SURVEY"": 190, ""VERIFICATION"": 190, ""OBJECTION"": 13, ""AWARD"": 126, ""COMPENSATION"": 126}","{""officers_count"": 6, ""sla_breaches"": 7, ""disputes_count"": 3, ""avg_days_per_stage"": 102.0, ""stage_complexity"": 0.7014}"
e0db2231-e030-4a70-92ed-496611822069,PROJ-1037,2025-04-16T00:00:00+00:00,913.89,59.0,697,45,626,26,323585582.54,2910710360.63,"{""SURVEY"": 187, ""VERIFICATION"": 187, ""OBJECTION"": 15, ""AWARD"": 125, ""COMPENSATION"": 125}","{""officers_count"": 5, ""sla_breaches"": 8, ""disputes_count"": 4, ""avg_days_per_stage"": 62.2, ""stage_complexity"": 0.8719}"
86d51702-0987-4d1d-a0aa-ad469b477eeb,PROJ-1038,2025-01-01T00:00:00+00:00,573.53,22.31,694,27,667,0,0.0,886703115.18,"{""SURVEY"": 200, ""VERIFICATION"": 200, ""OBJECTION"": 0, ""AWARD"": 133, ""COMPENSATION"": 133}","{""officers_count"": 7, ""sla_breaches"": 0, ""disputes_count"": 3, ""avg_days_per_stage"": 22.4, ""stage_complexity"": 0.2265}"
23b36ba0-62e5-4a7c-b4f1-2926244bcd50,PROJ-1038,2025-01-16T00:00:00+00:00,573.53,40.49,694,49,645,0,147783852.53,857146344.67,"{""SURVEY"": 193, ""VERIFICATION"": 193, ""OBJECTION"": 0, ""AWARD"": 129, ""COMPENSATION"": 129}","{""officers_count"": 6, ""sla_breaches"": 2, ""disputes_count"": 2, ""avg_days_per_stage"": 30.0, ""stage_complexity"": 0.2985}"
937ef43e-2a48-4d13-90c1-64805e878a3a,PROJ-1038,2025-01-31T00:00:00+00:00,573.53,56.2,694,68,626,1,443351557.59,798032803.66,"{""SURVEY"": 187, ""VERIFICATION"": 187, ""OBJECTION"": 0, ""AWARD"": 125, ""COMPENSATION"": 125}","{""officers_count"": 9, ""sla_breaches"": 0, ""disputes_count"": 2, ""avg_days_per_stage"": 30.9, ""stage_complexity"": 0.3587}"
d3986efb-c84b-4cf1-ae13-3343e65c1f42,PROJ-1038,2025-02-15T00:00:00+00:00,573.53,76.03,694,92,601,1,886703115.18,709362492.14,"{""SURVEY"": 180, ""VERIFICATION"": 180, ""OBJECTION"": 0, ""AWARD"": 120, ""COMPENSATION"": 120}","{""officers_count"": 9, ""sla_breaches"": 2, ""disputes_count"": 0, ""avg_days_per_stage"": 33.3, ""stage_complexity"": 0.2729}"
ad52e10f-5079-488e-8b20-b9796db4a852,PROJ-1038,2025-03-02T00:00:00+00:00,573.53,100.82,694,122,571,0,1477838525.29,591135410.12,"{""SURVEY"": 171, ""VERIFICATION"": 171, ""OBJECTION"": 0, ""AWARD"": 114, ""COMPENSATION"": 114}","{""officers_count"": 9, ""sla_breaches"": 1, ""disputes_count"": 1, ""avg_days_per_stage"": 19.6, ""stage_complexity"": 0.254}"
8057b961-163a-45f6-9dd4-d467ad37681d,PROJ-1038,2025-03-17T00:00:00+00:00,573.53,117.35,694,142,552,0,2216757787.94,443351557.59,"{""SURVEY"": 165, ""VERIFICATION"": 165, ""OBJECTION"": 0, ""AWARD"": 110, ""COMPENSATION"": 110}","{""officers_count"": 6, ""sla_breaches"": 2, ""disputes_count"": 3, ""avg_days_per_stage"": 26.9, ""stage_complexity"": 0.3009}"
825b8411-a7fe-4c49-8b6a-2daf68cdc69a,PROJ-1038,2025-04-01T00:00:00+00:00,573.53,138.01,694,167,527,0,2955677050.59,295567705.06,"{""SURVEY"": 158, ""VERIFICATION"": 158, ""OBJECTION"": 0, ""AWARD"": 105, ""COMPENSATION"": 105}","{""officers_count"": 12, ""sla_breaches"": 1, ""disputes_count"": 1, ""avg_days_per_stage"": 29.4, ""stage_complexity"": 0.3991}"
24af5c0a-166e-480d-a1a0-fe0fc715ae68,PROJ-1039,2025-01-01T00:00:00+00:00,603.7,2.21,547,2,535,10,501937258.04,1423452600.33,"{""SURVEY"": 160, ""VERIFICATION"": 160, ""OBJECTION"": 6, ""AWARD"": 107, ""COMPENSATION"": 107}","{""officers_count"": 4, ""sla_breaches"": 10, ""disputes_count"": 16, ""avg_days_per_stage"": 118.7, ""stage_complexity"": 0.8705}"
48d1a55c-ebb4-4827-8c09-4f252cbe6c21,PROJ-1039,2025-01-16T00:00:00+00:00,603.7,4.41,547,4,528,15,586536377.74,944849750.18,"{""SURVEY"": 158, ""VERIFICATION"": 158, ""OBJECTION"": 9, ""AWARD"": 105, ""COMPENSATION"": 105}","{""officers_count"": 4, ""sla_breaches"": 11, ""disputes_count"": 22, ""avg_days_per_stage"": 94.5, ""stage_complexity"": 0.9349}"
317d4298-1513-4ba2-aa78-48b2115635e8,PROJ-1039,2025-01-31T00:00:00+00:00,603.7,9.93,547,9,513,25,560564697.9,1111064521.56,"{""SURVEY"": 153, ""VERIFICATION"": 153, ""OBJECTION"": 15, ""AWARD"": 102, ""COMPENSATION"": 102}","{""officers_count"": 5, ""sla_breaches"": 11, ""disputes_count"": 27, ""avg_days_per_stage"": 80.3, ""stage_complexity"": 0.8381}"
aa0afb68-6927-42e3-93a4-bd67ff8dd905,PROJ-1039,2025-02-15T00:00:00+00:00,603.7,12.14,547,11,500,36,502851227.67,1258351014.5,"{""SURVEY"": 150, ""VERIFICATION"": 150, ""OBJECTION"": 21, ""AWARD"": 100, ""COMPENSATION"": 100}","{""officers_count"": 4, ""sla_breaches"": 8, ""disputes_count"": 38, ""avg_days_per_stage"": 84.0, ""stage_complexity"": 0.799}"
404c71c8-dc8b-42e9-842d-52bed8872f38,PROJ-1039,2025-03-02T00:00:00+00:00,603.7,15.45,547,14,490,43,485580897.01,1011746139.68,"{""SURVEY"": 147, ""VERIFICATION"": 147, ""OBJECTION"": 25, ""AWARD"": 98, ""COMPENSATION"": 98}","{""officers_count"": 3, ""sla_breaches"": 5, ""disputes_count"": 49, ""avg_days_per_stage"": 82.2, ""stage_complexity"": 0.8418}"
a940e0f2-e817-49c7-bdab-dbbf54a0e555,PROJ-1040,2025-01-01T00:00:00+00:00,577.74,28.27,470,23,444,1,0.0,766898180.43,"{""SURVEY"": 133, ""VERIFICATION"": 133, ""OBJECTION"": 0, ""AWARD"": 88, ""COMPENSATION"": 88}","{""officers_count"": 8, ""sla_breaches"": 0, ""disputes_count"": 0, ""avg_days_per_stage"": 23.2, ""stage_complexity"": 0.3569}"
37b21e59-786d-4d57-9b78-b798c5f95335,PROJ-1040,2025-01-16T00:00:00+00:00,577.74,57.77,470,47,422,0,127816363.4,741334907.75,"{""SURVEY"": 126, ""VERIFICATION"": 126, ""OBJECTION"": 0, ""AWARD"": 84, ""COMPENSATION"": 84}","{""officers_count"": 9, ""sla_breaches"": 1, ""disputes_count"": 3, ""avg_days_per_stage"": 20.6, ""stage_complexity"": 0.3754}"
1b09a16d-4d44-40e3-a601-8b2f8650f59e,PROJ-1040,2025-01-31T00:00:00+00:00,577.74,78.67,470,64,406,0,383449090.21,690208362.38,"{""SURVEY"": 121, ""VERIFICATION"": 121, ""OBJECTION"": 0, ""AWARD"": 81, ""COMPENSATION"": 81}","{""officers_count"": 10, ""sla_breaches"": 0, ""disputes_count"": 0, ""avg_days_per_stage"": 17.1, ""stage_complexity"": 0.4244}"
2f4c1280-45b4-4e75-a02a-97ac62244da9,PROJ-1040,2025-02-15T00:00:00+00:00,577.74,118.01,470,96,374,1,766898180.43,613518544.34,"{""SURVEY"": 112, ""VERIFICATION"": 112, ""OBJECTION"": 0, ""AWARD"": 74, ""COMPENSATION"": 74}","{""officers_count"": 5, ""sla_breaches"": 0, ""disputes_count"": 0, ""avg_days_per_stage"": 34.1, ""stage_complexity"": 0.2788}"
b46271d9-2dee-4bde-b395-afaaffce47f1,PROJ-1040,2025-03-02T00:00:00+00:00,577.74,159.8,470,130,339,1,1278163634.05,511265453.62,"{""SURVEY"": 101, ""VERIFICATION"": 101, ""OBJECTION"": 0, ""AWARD"": 67, ""COMPENSATION"": 67}","{""officers_count"": 11, ""sla_breaches"": 0, ""disputes_count"": 0, ""avg_days_per_stage"": 21.7, ""stage_complexity"": 0.4078}"
61fe8c06-6fd0-49b0-8d55-384f64a41938,PROJ-1040,2025-03-17T00:00:00+00:00,577.74,179.47,470,146,323,2,1917245451.07,383449090.21,"{""SURVEY"": 96, ""VERIFICATION"": 96, ""OBJECTION"": 1, ""AWARD"": 64, ""COMPENSATION"": 64}","{""officers_count"": 10, ""sla_breaches"": 0, ""disputes_count"": 2, ""avg_days_per_stage"": 27.4, ""stage_complexity"": 0.2891}"
ded727e0-9af7-45ff-b3df-0226e00cdf49,PROJ-1040,2025-04-01T00:00:00+00:00,577.74,213.89,470,174,294,2,2556327268.09,255632726.81,"{""SURVEY"": 88, ""VERIFICATION"": 88, ""OBJECTION"": 1, ""AWARD"": 58, ""COMPENSATION"": 58}","{""officers_count"": 11, ""sla_breaches"": 0, ""disputes_count"": 3, ""avg_days_per_stage"": 21.8, ""stage_complexity"": 0.3956}"
3911448e-eb2a-4a88-8dfc-321835e6db65,PROJ-1040,2025-04-16T00:00:00+00:00,577.74,242.16,470,197,271,0,2556327268.09,255632726.81,"{""SURVEY"": 81, ""VERIFICATION"": 81, ""OBJECTION"": 0, ""AWARD"": 54, ""COMPENSATION"": 54}","{""officers_count"": 10, ""sla_breaches"": 2, ""disputes_count"": 3, ""avg_days_per_stage"": 21.9, ""stage_complexity"": 0.4433}"
74c5fb19-229f-4fa8-9247-775dd84c8ad4,PROJ-1040,2025-05-01T00:00:00+00:00,577.74,282.72,470,230,240,0,2556327268.09,255632726.81,"{""SURVEY"": 72, ""VERIFICATION"": 72, ""OBJECTION"": 0, ""AWARD"": 48, ""COMPENSATION"": 48}","{""officers_count"": 7, ""sla_breaches"": 2, ""disputes_count"": 0, ""avg_days_per_stage"": 32.9, ""stage_complexity"": 0.2694}"
303c46e4-47b5-4333-922f-ff3cfee05a85,PROJ-1040,2025-05-16T00:00:00+00:00,577.74,308.54,470,251,219,0,2556327268.09,255632726.81,"{""SURVEY"": 65, ""VERIFICATION"": 65, ""OBJECTION"": 0, ""AWARD"": 43, ""COMPENSATION"": 43}","{""officers_count"": 11, ""sla_breaches"": 2, ""disputes_count"": 0, ""avg_days_per_stage"": 29.2, ""stage_complexity"": 0.2877}"
17584b43-865b-41d7-b608-a6ad7c384345,PROJ-1040,2025-05-31T00:00:00+00:00,577.74,344.19,470,280,190,0,2556327268.09,255632726.81,"{""SURVEY"": 57, ""VERIFICATION"": 57, ""OBJECTION"": 0, ""AWARD"": 38, ""COMPENSATION"": 38}","{""officers_count"": 12, ""sla_breaches"": 2, ""disputes_count"": 0, ""avg_days_per_stage"": 28.9, ""stage_complexity"": 0.3961}"
8db7c41e-5436-4514-b434-3c305815715d,PROJ-1040,2025-06-15T00:00:00+00:00,577.74,361.39,470,294,176,0,2556327268.09,255632726.81,"{""SURVEY"": 52, ""VERIFICATION"": 52, ""OBJECTION"": 0, ""AWARD"": 35, ""COMPENSATION"": 35}","{""officers_count"": 7, ""sla_breaches"": 2, ""disputes_count"": 0, ""avg_days_per_stage"": 25.9, ""stage_complexity"": 0.2935}"
9bfabd12-e6e5-4cf5-9c95-75eaf80d5ae5,PROJ-1041,2025-01-01T00:00:00+00:00,398.59,3.53,791,7,779,5,367668273.3,1691414198.38,"{""SURVEY"": 233, ""VERIFICATION"": 233, ""OBJECTION"": 3, ""AWARD"": 155, ""COMPENSATION"": 155}","{""officers_count"": 4, ""sla_breaches"": 5, ""disputes_count"": 4, ""avg_days_per_stage"": 56.4, ""stage_complexity"": 0.7703}"
269c1c7a-0112-4868-be9c-c9611b3d1991,PROJ-1041,2025-01-16T00:00:00+00:00,398.59,7.56,791,15,765,11,212050970.11,1335549822.44,"{""SURVEY"": 229, ""VERIFICATION"": 229, ""OBJECTION"": 6, ""AWARD"": 153, ""COMPENSATION"": 153}","{""officers_count"": 5, ""sla_breaches"": 9, ""disputes_count"": 4, ""avg_days_per_stage"": 56.5, ""stage_complexity"": 0.7508}"
94cd5d2f-7c28-4145-bdb1-a92ab2d0cf1b,PROJ-1041,2025-01-31T00:00:00+00:00,398.59,10.08,791,20,755,16,214217391.94,1783037350.76,"{""SURVEY"": 226, ""VERIFICATION"": 226, ""OBJECTION"": 9, ""AWARD"": 151, ""COMPENSATION"": 151}","{""officers_count"": 5, ""sla_breaches"": 5, ""disputes_count"": 4, ""avg_days_per_stage"": 59.3, ""stage_complexity"": 0.7511}"
78d57974-7a43-4232-b3ef-bb3bed313d1e,PROJ-1041,2025-02-15T00:00:00+00:00,398.59,13.61,791,27,745,19,289551077.18,1682933131.09,"{""SURVEY"": 223, ""VERIFICATION"": 223, ""OBJECTION"": 11, ""AWARD"": 149, ""COMPENSATION"": 149}","{""officers_count"": 4, ""sla_breaches"": 6, ""disputes_count"": 8, ""avg_days_per_stage"": 73.7, ""stage_complexity"": 0.8604}"
1ae3862c-8a0e-4d7f-89ea-60bddaeb72ab,PROJ-1041,2025-03-02T00:00:00+00:00,398.59,15.62,791,31,739,21,363107280.47,1672588146.48,"{""SURVEY"": 221, ""VERIFICATION"": 221, ""OBJECTION"": 12, ""AWARD"": 147, ""COMPENSATION"": 147}","{""officers_count"": 3, ""sla_breaches"": 5, ""disputes_count"": 8, ""avg_days_per_stage"": 83.2, ""stage_complexity"": 0.8848}"
6769d608-1a14-4e24-aa46-3291e03cd37c,PROJ-1041,2025-03-17T00:00:00+00:00,398.59,17.13,791,34,731,26,388110809.71,1484168076.37,"{""SURVEY"": 219, ""VERIFICATION"": 219, ""OBJECTION"": 15, ""AWARD"": 146, ""COMPENSATION"": 146}","{""officers_count"": 3, ""sla_breaches"": 7, ""disputes_count"": 7, ""avg_days_per_stage"": 74.0, ""stage_complexity"": 0.8924}"
4b6110e4-72c4-465c-92b8-7d5431c30128,PROJ-1041,2025-04-01T00:00:00+00:00,398.59,19.15,791,38,721,32,128896777.03,1466183352.22,"{""SURVEY"": 216, ""VERIFICATION"": 216, ""OBJECTION"": 19, ""AWARD"": 144, ""COMPENSATION"": 144}","{""officers_count"": 5, ""sla_breaches"": 7, ""disputes_count"": 3, ""avg_days_per_stage"": 87.4, ""stage_complexity"": 0.7202}"
cef34cfd-a057-4903-bbd1-65717f76f791,PROJ-1041,2025-04-16T00:00:00+00:00,398.59,20.66,791,41,712,38,252021943.59,1837596273.31,"{""SURVEY"": 213, ""VERIFICATION"": 213, ""OBJECTION"": 22, ""AWARD"": 142, ""COMPENSATION"": 142}","{""officers_count"": 5, ""sla_breaches"": 9, ""disputes_count"": 4, ""avg_days_per_stage"": 59.1, ""stage_complexity"": 0.8408}"
b2e7da14-d9a2-4a78-8de2-1413f43d6e56,PROJ-1041,2025-05-01T00:00:00+00:00,398.59,23.68,791,47,700,44,353929699.33,1695856257.43,"{""SURVEY"": 210, ""VERIFICATION"": 210, ""OBJECTION"": 26, ""AWARD"": 140, ""COMPENSATION"": 140}","{""officers_count"": 3, ""sla_breaches"": 6, ""disputes_count"": 4, ""avg_days_per_stage"": 97.8, ""stage_complexity"": 0.8476}"
f281a291-5798-4ae9-8bc6-d334b3d6b8dc,PROJ-1041,2025-05-16T00:00:00+00:00,398.59,27.21,791,54,690,47,257266878.32,1852067750.34,"{""SURVEY"": 207, ""VERIFICATION"": 207, ""OBJECTION"": 28, ""AWARD"": 138, ""COMPENSATION"": 138}","{""officers_count"": 5, ""sla_breaches"": 7, ""disputes_count"": 5, ""avg_days_per_stage"": 57.5, ""stage_complexity"": 0.824}"
78edc4bf-3094-4b34-a614-fa2230dc6485,PROJ-1041,2025-05-31T00:00:00+00:00,398.59,28.22,791,56,684,51,324593091.87,1880532760.54,"{""SURVEY"": 205, ""VERIFICATION"": 205, ""OBJECTION"": 30, ""AWARD"": 136, ""COMPENSATION"": 136}","{""officers_count"": 5, ""sla_breaches"": 5, ""disputes_count"": 8, ""avg_days_per_stage"": 73.9, ""stage_complexity"": 0.7168}"
d2691ca8-af7a-42d4-8735-d0545fc4ff0d,PROJ-1041,2025-06-15T00:00:00+00:00,398.59,30.74,791,61,676,54,165540337.97,1781791823.3,"{""SURVEY"": 202, ""VERIFICATION"": 202, ""OBJECTION"": 32, ""AWARD"": 135, ""COMPENSATION"": 135}","{""officers_count"": 6, ""sla_breaches"": 5, ""disputes_count"": 6, ""avg_days_per_stage"": 57.8, ""stage_complexity"": 0.8048}"
c8cd5795-a195-4860-85e4-d5e3cdc54781,PROJ-1041,2025-06-30T00:00:00+00:00,398.59,32.75,791,65,666,60,145560365.68,1691223219.77,"{""SURVEY"": 199, ""VERIFICATION"": 199, ""OBJECTION"": 36, ""AWARD"": 133, ""COMPENSATION"": 133}","{""officers_count"": 3, ""sla_breaches"": 5, ""disputes_count"": 7, ""avg_days_per_stage"": 85.1, ""stage_complexity"": 0.7544}"
955aa355-896b-4460-b60e-5cf35ec3defe,PROJ-1041,2025-07-15T00:00:00+00:00,398.59,35.27,791,70,658,63,240153953.54,1595183111.9,"{""SURVEY"": 197, ""VERIFICATION"": 197, ""OBJECTION"": 37, ""AWARD"": 131, ""COMPENSATION"": 131}","{""officers_count"": 4, ""sla_breaches"": 8, ""disputes_count"": 7, ""avg_days_per_stage"": 55.5, ""stage_complexity"": 0.767}"
2258a002-0476-4c2a-90ad-57ba6a21a937,PROJ-1041,2025-07-30T00:00:00+00:00,398.59,39.3,791,78,644,69,250247254.37,1876064469.91,"{""SURVEY"": 193, ""VERIFICATION"": 193, ""OBJECTION"": 41, ""AWARD"": 128, ""COMPENSATION"": 128}","{""officers_count"": 5, ""sla_breaches"": 6, ""disputes_count"": 5, ""avg_days_per_stage"": 61.8, ""stage_complexity"": 0.7787}"
6961fec8-3f66-4870-b6d8-a8ffcd732d75,PROJ-1041,2025-08-14T00:00:00+00:00,398.59,40.31,791,80,637,74,274131036.32,1332810901.69,"{""SURVEY"": 191, ""VERIFICATION"": 191, ""OBJECTION"": 44, ""AWARD"": 127, ""COMPENSATION"": 127}","{""officers_count"": 4, ""sla_breaches"": 8, ""disputes_count"": 4, ""avg_days_per_stage"": 96.4, ""stage_complexity"": 0.7759}"
ca8e45a2-2fa3-4ee6-9a78-3677dcb52e4f,PROJ-1041,2025-08-29T00:00:00+00:00,398.59,42.83,791,85,630,76,312150025.51,1732673405.9,"{""SURVEY"": 189, ""VERIFICATION"": 189, ""OBJECTION"": 45, ""AWARD"": 126, ""COMPENSATION"": 126}","{""officers_count"": 6, ""sla_breaches"": 5, ""disputes_count"": 5, ""avg_days_per_stage"": 95.6, ""stage_complexity"": 0.9}"
8af3c9f9-f6b4-4b67-bbae-003fb8472a18,PROJ-1042,2025-01-01T00:00:00+00:00,808.62,20.88,697,18,677,0,0.0,789405954.75,"{""SURVEY"": 203, ""VERIFICATION"": 203, ""OBJECTION"": 0, ""AWARD"": 135, ""COMPENSATION"": 135}","{""officers_count"": 9, ""sla_breaches"": 1, ""disputes_count"": 1, ""avg_days_per_stage"": 24.7, ""stage_complexity"": 0.2292}"
7485b6b9-5717-4d03-89b2-9f463e78e2e7,PROJ-1042,2025-01-16T00:00:00+00:00,808.62,38.28,697,33,664,0,131567659.12,763092422.92,"{""SURVEY"": 199, ""VERIFICATION"": 199, ""OBJECTION"": 0, ""AWARD"": 132, ""COMPENSATION"": 132}","{""officers_count"": 10, ""sla_breaches"": 2, ""disputes_count"": 1, ""avg_days_per_stage"": 29.7, ""stage_complexity"": 0.411}"
2ca3a3f2-4d6a-4365-861a-11aa55a4d039,PROJ-1042,2025-01-31T00:00:00+00:00,808.62,60.33,697,52,645,0,394702977.37,710465359.27,"{""SURVEY"": 193, ""VERIFICATION"": 193, ""OBJECTION"": 0, ""AWARD"": 129, ""COMPENSATION"": 129}","{""officers_count"": 12, ""sla_breaches"": 0, ""disputes_count"": 1, ""avg_days_per_stage"": 22.7, ""stage_complexity"": 0.2107}"
3b70f636-5778-4722-8cdf-cc94dc9d5fd7,PROJ-1042,2025-02-15T00:00:00+00:00,808.62,71.93,697,62,635,1,789405954.75,631524763.8,"{""SURVEY"": 190, ""VERIFICATION"": 190, ""OBJECTION"": 0, ""AWARD"": 127, ""COMPENSATION"": 127}","{""officers_count"": 11, ""sla_breaches"": 0, ""disputes_count"": 3, ""avg_days_per_stage"": 19.0, ""stage_complexity"": 0.4461}"
316c6b97-b546-4f17-af38-0a9d73857073,PROJ-1042,2025-03-02T00:00:00+00:00,808.62,85.85,697,74,622,2,1315676591.25,526270636.5,"{""SURVEY"": 186, ""VERIFICATION"": 186, ""OBJECTION"": 1, ""AWARD"": 124, ""COMPENSATION"": 124}","{""officers_count"": 6, ""sla_breaches"": 0, ""disputes_count"": 1, ""avg_days_per_stage"": 27.1, ""stage_complexity"": 0.3774}"
097668c6-0ed7-4677-8d1d-1e24dd1f0717,PROJ-1042,2025-03-17T00:00:00+00:00,808.62,110.21,697,95,600,3,1973514886.87,394702977.37,"{""SURVEY"": 180, ""VERIFICATION"": 180, ""OBJECTION"": 1, ""AWARD"": 120, ""COMPENSATION"": 120}","{""officers_count"": 10, ""sla_breaches"": 0, ""disputes_count"": 2, ""avg_days_per_stage"": 15.1, ""stage_complexity"": 0.4141}"
cb71b6d9-5cc4-4a71-90e7-1c00e996abe4,PROJ-1042,2025-04-01T00:00:00+00:00,808.62,126.46,697,109,585,3,2631353182.5,263135318.25,"{""SURVEY"": 175, ""VERIFICATION"": 175, ""OBJECTION"": 1, ""AWARD"": 117, ""COMPENSATION"": 117}","{""officers_count"": 10, ""sla_breaches"": 1, ""disputes_count"": 3, ""avg_days_per_stage"": 22.5, ""stage_complexity"": 0.2767}"
1a1fadc3-029c-4ab4-b5a0-b9ea143fb756,PROJ-1042,2025-04-16T00:00:00+00:00,808.62,154.3,697,133,561,3,2631353182.5,263135318.25,"{""SURVEY"": 168, ""VERIFICATION"": 168, ""OBJECTION"": 1, ""AWARD"": 112, ""COMPENSATION"": 112}","{""officers_count"": 7, ""sla_breaches"": 1, ""disputes_count"": 2, ""avg_days_per_stage"": 17.6, ""stage_complexity"": 0.4487}"
218677c4-f0c1-47f7-8f59-23836ae872f6,PROJ-1043,2025-01-01T00:00:00+00:00,399.28,4.19,477,5,467,5,305168775.71,464863631.75,"{""SURVEY"": 140, ""VERIFICATION"": 140, ""OBJECTION"": 3, ""AWARD"": 93, ""COMPENSATION"": 93}","{""officers_count"": 2, ""sla_breaches"": 9, ""disputes_count"": 15, ""avg_days_per_stage"": 101.9, ""stage_complexity"": 0.8029}"
15dabd5b-ef03-4e56-8dc3-37e632c33ce2,PROJ-1043,2025-01-16T00:00:00+00:00,399.28,9.21,477,11,450,16,292417647.87,635850931.72,"{""SURVEY"": 135, ""VERIFICATION"": 135, ""OBJECTION"": 9, ""AWARD"": 90, ""COMPENSATION"": 90}","{""officers_count"": 3, ""sla_breaches"": 9, ""disputes_count"": 19, ""avg_days_per_stage"": 124.2, ""stage_complexity"": 0.8339}"
7283c983-ab9b-453c-97a8-7b802d15e0f1,PROJ-1043,2025-01-31T00:00:00+00:00,399.28,14.23,477,17,436,24,321347928.65,513784967.18,"{""SURVEY"": 130, ""VERIFICATION"": 130, ""OBJECTION"": 14, ""AWARD"": 87, ""COMPENSATION"": 87}","{""officers_count"": 2, ""sla_breaches"": 6, ""disputes_count"": 30, ""avg_days_per_stage"": 107.3, ""stage_complexity"": 0.795}"
5baaf5dd-464e-4158-8397-6cf95fec2499,PROJ-1043,2025-02-15T00:00:00+00:00,399.28,19.25,477,23,425,29,232482152.04,853557214.75,"{""SURVEY"": 127, ""VERIFICATION"": 127, ""OBJECTION"": 17, ""AWARD"": 85, ""COMPENSATION"": 85}","{""officers_count"": 3, ""sla_breaches"": 5, ""disputes_count"": 33, ""avg_days_per_stage"": 107.5, ""stage_complexity"": 0.9069}"
f753f439-b8f0-45c3-9a65-21bb7773bf5d,PROJ-1043,2025-03-02T00:00:00+00:00,399.28,20.09,477,24,414,39,322809051.09,748048884.16,"{""SURVEY"": 124, ""VERIFICATION"": 124, ""OBJECTION"": 23, ""AWARD"": 82, ""COMPENSATION"": 82}","{""officers_count"": 5, ""sla_breaches"": 8, ""disputes_count"": 41, ""avg_days_per_stage"": 97.7, ""stage_complexity"": 0.8782}"
6c645132-86f8-4706-8e9e-d3acd15d3233,PROJ-1043,2025-03-17T00:00:00+00:00,399.28,25.11,477,30,403,44,160184370.31,591347303.88,"{""SURVEY"": 120, ""VERIFICATION"": 120, ""OBJECTION"": 26, ""AWARD"": 80, ""COMPENSATION"": 80}","{""officers_count"": 3, ""sla_breaches"": 5, ""disputes_count"": 48, ""avg_days_per_stage"": 99.6, ""stage_complexity"": 0.9286}"
1094e36f-db87-4d3c-bfc5-4bb7b7d0eed2,PROJ-1043,2025-04-01T00:00:00+00:00,399.28,29.3,477,35,392,50,138539962.83,690204650.73,"{""SURVEY"": 117, ""VERIFICATION"": 117, ""OBJECTION"": 30, ""AWARD"": 78, ""COMPENSATION"": 78}","{""officers_count"": 5, ""sla_breaches"": 8, ""disputes_count"": 54, ""avg_days_per_stage"": 119.9, ""stage_complexity"": 0.807}"
3c51bdcf-8714-417e-855e-ea992c28abc3,PROJ-1043,2025-04-16T00:00:00+00:00,399.28,30.13,477,36,384,57,245741848.87,507198464.22,"{""SURVEY"": 115, ""VERIFICATION"": 115, ""OBJECTION"": 34, ""AWARD"": 76, ""COMPENSATION"": 76}","{""officers_count"": 3, ""sla_breaches"": 10, ""disputes_count"": 60, ""avg_days_per_stage"": 94.5, ""stage_complexity"": 0.908}"
f6b81cd9-5c2a-4660-8a43-23c2854a028f,PROJ-1043,2025-05-01T00:00:00+00:00,399.28,35.16,477,42,372,63,124239454.65,503144167.91,"{""SURVEY"": 111, ""VERIFICATION"": 111, ""OBJECTION"": 37, ""AWARD"": 74, ""COMPENSATION"": 74}","{""officers_count"": 4, ""sla_breaches"": 7, ""disputes_count"": 69, ""avg_days_per_stage"": 99.5, ""stage_complexity"": 0.8515}"
9bae12d2-0099-4c11-80f6-265c5333ee17,PROJ-1043,2025-05-16T00:00:00+00:00,399.28,40.18,477,48,354,75,110251834.88,671227300.4,"{""SURVEY"": 106, ""VERIFICATION"": 106, ""OBJECTION"": 45, ""AWARD"": 70, ""COMPENSATION"": 70}","{""officers_count"": 4, ""sla_breaches"": 6, ""disputes_count"": 78, ""avg_days_per_stage"": 103.6, ""stage_complexity"": 0.8561}"
c9c6040a-f159-45b3-a943-67c8b2761450,PROJ-1043,2025-05-31T00:00:00+00:00,399.28,42.69,477,51,347,79,179334906.43,712266357.81,"{""SURVEY"": 104, ""VERIFICATION"": 104, ""OBJECTION"": 47, ""AWARD"": 69, ""COMPENSATION"": 69}","{""officers_count"": 5, ""sla_breaches"": 10, ""disputes_count"": 86, ""avg_days_per_stage"": 136.6, ""stage_complexity"": 0.8295}"
99d8e9bb-772e-4b01-a999-7c5062dccbff,PROJ-1043,2025-06-15T00:00:00+00:00,399.28,47.71,477,57,332,88,159495767.95,591018391.81,"{""SURVEY"": 99, ""VERIFICATION"": 99, ""OBJECTION"": 52, ""AWARD"": 66, ""COMPENSATION"": 66}","{""officers_count"": 4, ""sla_breaches"": 11, ""disputes_count"": 90, ""avg_days_per_stage"": 101.4, ""stage_complexity"": 0.9139}"
a2809825-ff97-478f-8ac0-603dce773c27,PROJ-1043,2025-06-30T00:00:00+00:00,399.28,49.39,477,59,319,99,189292758.02,598528176.03,"{""SURVEY"": 95, ""VERIFICATION"": 95, ""OBJECTION"": 59, ""AWARD"": 63, ""COMPENSATION"": 63}","{""officers_count"": 2, ""sla_breaches"": 9, ""disputes_count"": 109, ""avg_days_per_stage"": 71.2, ""stage_complexity"": 0.7792}"
ed0e9f83-3ffc-4f8a-b72a-4583d4214a21,PROJ-1043,2025-07-15T00:00:00+00:00,399.28,52.74,477,63,310,104,189656743.06,513001751.06,"{""SURVEY"": 93, ""VERIFICATION"": 93, ""OBJECTION"": 62, ""AWARD"": 62, ""COMPENSATION"": 62}","{""officers_count"": 3, ""sla_breaches"": 4, ""disputes_count"": 110, ""avg_days_per_stage"": 77.3, ""stage_complexity"": 0.8408}"
4ee8e3dd-5cdf-4efb-8025-dbb4b942a183,PROJ-1043,2025-07-30T00:00:00+00:00,399.28,56.92,477,68,301,108,114796363.0,699463375.29,"{""SURVEY"": 90, ""VERIFICATION"": 90, ""OBJECTION"": 64, ""AWARD"": 60, ""COMPENSATION"": 60}","{""officers_count"": 4, ""sla_breaches"": 7, ""disputes_count"": 112, ""avg_days_per_stage"": 132.1, ""stage_complexity"": 0.9191}"
c1a1716a-aef8-4e73-b02a-eb67985be5bb,PROJ-1044,2025-01-01T00:00:00+00:00,200.59,4.89,328,8,312,8,59234791.22,520646944.48,"{""SURVEY"": 93, ""VERIFICATION"": 93, ""OBJECTION"": 4, ""AWARD"": 62, ""COMPENSATION"": 62}","{""officers_count"": 4, ""sla_breaches"": 5, ""disputes_count"": 8, ""avg_days_per_stage"": 93.2, ""stage_complexity"": 0.7993}"
9d06eabe-9bba-46f7-89bb-3e32650aba04,PROJ-1044,2025-01-16T00:00:00+00:00,200.59,6.73,328,11,306,11,94558122.75,546139882.2,"{""SURVEY"": 91, ""VERIFICATION"": 91, ""OBJECTION"": 6, ""AWARD"": 61, ""COMPENSATION"": 61}","{""officers_count"": 5, ""sla_breaches"": 10, ""disputes_count"": 8, ""avg_days_per_stage"": 84.2, ""stage_complexity"": 0.7858}"
2d8c3ddb-f9b1-4773-af92-915af7366fef,PROJ-1044,2025-01-31T00:00:00+00:00,200.59,7.95,328,13,299,16,110437259.49,579660716.42,"{""SURVEY"": 89, ""VERIFICATION"": 89, ""OBJECTION"": 9, ""AWARD"": 59, ""COMPENSATION"": 59}","{""officers_count"": 4, ""sla_breaches"": 6, ""disputes_count"": 5, ""avg_days_per_stage"": 65.0, ""stage_complexity"": 0.8563}"
f0bb37b7-c9d2-4f12-b236-1b5133224c9e,PROJ-1044,2025-02-15T00:00:00+00:00,200.59,12.23,328,20,287,21,172871240.9,613458380.75,"{""SURVEY"": 86, ""VERIFICATION"": 86, ""OBJECTION"": 12, ""AWARD"": 57, ""COMPENSATION"": 57}","{""officers_count"": 4, ""sla_breaches"": 10, ""disputes_count"": 7, ""avg_days_per_stage"": 65.8, ""stage_complexity"": 0.7733}"
60ed4f8e-6e70-4550-aa1d-500e11f5c912,PROJ-1044,2025-03-02T00:00:00+00:00,200.59,14.07,328,23,278,27,123127888.84,640294455.85,"{""SURVEY"": 83, ""VERIFICATION"": 83, ""OBJECTION"": 16, ""AWARD"": 55, ""COMPENSATION"": 55}","{""officers_count"": 5, ""sla_breaches"": 10, ""disputes_count"": 7, ""avg_days_per_stage"": 60.8, ""stage_complexity"": 0.7007}"
7a2c7780-b5c0-4bb7-a997-a98be30d5161,PROJ-1044,2025-03-17T00:00:00+00:00,200.59,16.51,328,27,271,30,143834492.32,476055860.04,"{""SURVEY"": 81, ""VERIFICATION"": 81, ""OBJECTION"": 18, ""AWARD"": 54, ""COMPENSATION"": 54}","{""officers_count"": 5, ""sla_breaches"": 8, ""disputes_count"": 4, ""avg_days_per_stage"": 67.3, ""stage_complexity"": 0.7107}"
b91f7a4f-b67e-41cf-aff1-c8cc188793d9,PROJ-1044,2025-04-01T00:00:00+00:00,200.59,18.35,328,30,262,36,66678321.74,628625033.88,"{""SURVEY"": 78, ""VERIFICATION"": 78, ""OBJECTION"": 21, ""AWARD"": 52, ""COMPENSATION"": 52}","{""officers_count"": 5, ""sla_breaches"": 6, ""disputes_count"": 3, ""avg_days_per_stage"": 81.4, ""stage_complexity"": 0.7076}"
3904ccf4-1201-47fd-967c-71625ee637fc,PROJ-1044,2025-04-16T00:00:00+00:00,200.59,23.24,328,38,252,38,122914962.89,597844739.62,"{""SURVEY"": 75, ""VERIFICATION"": 75, ""OBJECTION"": 22, ""AWARD"": 50, ""COMPENSATION"": 50}","{""officers_count"": 3, ""sla_breaches"": 10, ""disputes_count"": 5, ""avg_days_per_stage"": 84.4, ""stage_complexity"": 0.7458}"
32556931-a3bb-4913-b823-ace88c05c2bc,PROJ-1044,2025-05-01T00:00:00+00:00,200.59,25.69,328,42,246,40,91481937.1,583847557.48,"{""SURVEY"": 73, ""VERIFICATION"": 73, ""OBJECTION"": 24, ""AWARD"": 49, ""COMPENSATION"": 49}","{""officers_count"": 5, ""sla_breaches"": 7, ""disputes_count"": 7, ""avg_days_per_stage"": 62.9, ""stage_complexity"": 0.8305}"
d1cdc9db-89fb-4937-8018-2473ebfbae67,PROJ-1044,2025-05-16T00:00:00+00:00,200.59,30.58,328,50,232,46,96395831.05,561284503.63,"{""SURVEY"": 69, ""VERIFICATION"": 69, ""OBJECTION"": 27, ""AWARD"": 46, ""COMPENSATION"": 46}","{""officers_count"": 4, ""sla_breaches"": 6, ""disputes_count"": 8, ""avg_days_per_stage"": 98.8, ""stage_complexity"": 0.8555}"
2f15b208-372b-48ea-b147-a747b73830e5,PROJ-1044,2025-05-31T00:00:00+00:00,200.59,33.64,328,55,225,48,175086036.47,520963921.9,"{""SURVEY"": 67, ""VERIFICATION"": 67, ""OBJECTION"": 28, ""AWARD"": 45, ""COMPENSATION"": 45}","{""officers_count"": 5, ""sla_breaches"": 5, ""disputes_count"": 3, ""avg_days_per_stage"": 63.4, ""stage_complexity"": 0.809}"
a996aa93-4d84-4723-8e3e-43159f5db427,PROJ-1044,2025-06-15T00:00:00+00:00,200.59,36.69,328,60,216,52,120076548.8,604896251.77,"{""SURVEY"": 64, ""VERIFICATION"": 64, ""OBJECTION"": 31, ""AWARD"": 43, ""COMPENSATION"": 43}","{""officers_count"": 4, ""sla_breaches"": 5, ""disputes_count"": 3, ""avg_days_per_stage"": 71.0, ""stage_complexity"": 0.8033}"
233489c5-f8aa-4f36-8672-b72a2f33b84f,PROJ-1044,2025-06-30T00:00:00+00:00,200.59,37.92,328,62,211,55,135796319.17,543454315.61,"{""SURVEY"": 63, ""VERIFICATION"": 63, ""OBJECTION"": 33, ""AWARD"": 42, ""COMPENSATION"": 42}","{""officers_count"": 4, ""sla_breaches"": 7, ""disputes_count"": 3, ""avg_days_per_stage"": 89.4, ""stage_complexity"": 0.7166}"
d8e0b6cc-4b61-4d0d-a168-5f5d5dbda41d,PROJ-1044,2025-07-15T00:00:00+00:00,200.59,41.59,328,68,202,58,37555372.95,611290526.79,"{""SURVEY"": 60, ""VERIFICATION"": 60, ""OBJECTION"": 34, ""AWARD"": 40, ""COMPENSATION"": 40}","{""officers_count"": 3, ""sla_breaches"": 5, ""disputes_count"": 5, ""avg_days_per_stage"": 81.1, ""stage_complexity"": 0.7482}"
e96e2a3f-acc0-4135-b703-3c6fff316d50,PROJ-1044,2025-07-30T00:00:00+00:00,200.59,45.87,328,75,190,63,52365572.47,560115195.88,"{""SURVEY"": 57, ""VERIFICATION"": 57, ""OBJECTION"": 37, ""AWARD"": 38, ""COMPENSATION"": 38}","{""officers_count"": 5, ""sla_breaches"": 10, ""disputes_count"": 5, ""avg_days_per_stage"": 83.5, ""stage_complexity"": 0.7491}"
7c86c3fc-69ae-4c37-9bed-6c1eb8b8d969,PROJ-1044,2025-08-14T00:00:00+00:00,200.59,48.31,328,79,182,67,154554137.35,637082568.08,"{""SURVEY"": 54, ""VERIFICATION"": 54, ""OBJECTION"": 40, ""AWARD"": 36, ""COMPENSATION"": 36}","{""officers_count"": 4, ""sla_breaches"": 9, ""disputes_count"": 3, ""avg_days_per_stage"": 71.2, ""stage_complexity"": 0.8409}"
77ba672f-53d3-49f1-b64b-ba003c385b90,PROJ-1045,2025-01-01T00:00:00+00:00,437.95,64.01,130,19,108,2,0.0,788287324.45,"{""SURVEY"": 32, ""VERIFICATION"": 32, ""OBJECTION"": 1, ""AWARD"": 21, ""COMPENSATION"": 21}","{""officers_count"": 8, ""sla_breaches"": 0, ""disputes_count"": 3, ""avg_days_per_stage"": 26.9, ""stage_complexity"": 0.387}"
73186392-4e92-465a-bc49-af808bb5a420,PROJ-1045,2025-01-16T00:00:00+00:00,437.95,161.7,130,48,80,0,131381220.74,762011080.3,"{""SURVEY"": 24, ""VERIFICATION"": 24, ""OBJECTION"": 0, ""AWARD"": 16, ""COMPENSATION"": 16}","{""officers_count"": 12, ""sla_breaches"": 1, ""disputes_count"": 2, ""avg_days_per_stage"": 27.4, ""stage_complexity"": 0.2553}"
0334b3e7-3315-464e-a9bd-1ca2d8844da4,PROJ-1045,2025-01-31T00:00:00+00:00,437.95,212.24,130,63,67,0,394143662.23,709458592.01,"{""SURVEY"": 20, ""VERIFICATION"": 20, ""OBJECTION"": 0, ""AWARD"": 13, ""COMPENSATION"": 13}","{""officers_count"": 12, ""sla_breaches"": 2, ""disputes_count"": 1, ""avg_days_per_stage"": 31.8, ""stage_complexity"": 0.4344}"
0cbcf473-46ec-431f-8ca3-d9b0bf3dde80,PROJ-1045,2025-02-15T00:00:00+00:00,437.95,282.98,130,84,46,1,788287324.45,630629859.56,"{""SURVEY"": 13, ""VERIFICATION"": 13, ""OBJECTION"": 0, ""AWARD"": 9, ""COMPENSATION"": 9}","{""officers_count"": 7, ""sla_breaches"": 1, ""disputes_count"": 3, ""avg_days_per_stage"": 17.1, ""stage_complexity"": 0.3599}"
0dcfeb29-c366-4362-9760-d4b2b7d3ca67,PROJ-1046,2025-01-01T00:00:00+00:00,340.83,6.11,446,8,433,5,268444194.01,1446105899.98,"{""SURVEY"": 129, ""VERIFICATION"": 129, ""OBJECTION"": 3, ""AWARD"": 86, ""COMPENSATION"": 86}","{""officers_count"": 4, ""sla_breaches"": 9, ""disputes_count"": 4, ""avg_days_per_stage"": 98.1, ""stage_complexity"": 0.7483}"
a484c40a-47a2-467b-8d63-0e8d7e4282e2,PROJ-1046,2025-01-16T00:00:00+00:00,340.83,8.41,446,11,424,11,342061311.54,1380978668.86,"{""SURVEY"": 127, ""VERIFICATION"": 127, ""OBJECTION"": 6, ""AWARD"": 84, ""COMPENSATION"": 84}","{""officers_count"": 6, ""sla_breaches"": 7, ""disputes_count"": 3, ""avg_days_per_stage"": 82.8, ""stage_complexity"": 0.7438}"
0f7159dd-0f2c-492d-8cc5-6cb7114bddbf,PROJ-1046,2025-01-31T00:00:00+00:00,340.83,11.46,446,15,415,16,294558693.1,1347532414.8,"{""SURVEY"": 124, ""VERIFICATION"": 124, ""OBJECTION"": 9, ""AWARD"": 83, ""COMPENSATION"": 83}","{""officers_count"": 4, ""sla_breaches"": 8, ""disputes_count"": 5, ""avg_days_per_stage"": 81.1, ""stage_complexity"": 0.725}"
6f608066-5046-443b-8f04-80c71b6f87de,PROJ-1046,2025-02-15T00:00:00+00:00,340.83,16.81,446,22,403,21,410136098.78,1171896464.11,"{""SURVEY"": 120, ""VERIFICATION"": 120, ""OBJECTION"": 12, ""AWARD"": 80, ""COMPENSATION"": 80}","{""officers_count"": 6, ""sla_breaches"": 5, ""disputes_count"": 5, ""avg_days_per_stage"": 88.9, ""stage_complexity"": 0.8492}"
9a8ed745-6f85-4752-b52a-95af7e342ed1,PROJ-1046,2025-03-02T00:00:00+00:00,340.83,22.16,446,29,393,24,262965338.46,1140683168.87,"{""SURVEY"": 117, ""VERIFICATION"": 117, ""OBJECTION"": 14, ""AWARD"": 78, ""COMPENSATION"": 78}","{""officers_count"": 6, ""sla_breaches"": 6, ""disputes_count"": 3, ""avg_days_per_stage"": 87.3, ""stage_complexity"": 0.8597}"
5340be54-787c-4977-be2f-9eb0befe0dbf,PROJ-1046,2025-03-17T00:00:00+00:00,340.83,24.45,446,32,387,27,284112913.2,1120394202.94,"{""SURVEY"": 116, ""VERIFICATION"": 116, ""OBJECTION"": 16, ""AWARD"": 77, ""COMPENSATION"": 77}","{""officers_count"": 6, ""sla_breaches"": 8, ""disputes_count"": 8, ""avg_days_per_stage"": 92.4, ""stage_complexity"": 0.7479}"
41fc3c70-17d8-4e8b-a3d4-224839dedefc,PROJ-1046,2025-04-01T00:00:00+00:00,340.83,25.98,446,34,383,29,368338885.26,1396374813.74,"{""SURVEY"": 114, ""VERIFICATION"": 114, ""OBJECTION"": 17, ""AWARD"": 76, ""COMPENSATION"": 76}","{""officers_count"": 4, ""sla_breaches"": 7, ""disputes_count"": 7, ""avg_days_per_stage"": 85.0, ""stage_complexity"": 0.8999}"
11abe2e3-e5b1-4906-bebd-5284fdb14e1a,PROJ-1046,2025-04-16T00:00:00+00:00,340.83,29.04,446,38,375,33,209109821.83,1388091740.29,"{""SURVEY"": 112, ""VERIFICATION"": 112, ""OBJECTION"": 19, ""AWARD"": 75, ""COMPENSATION"": 75}","{""officers_count"": 4, ""sla_breaches"": 9, ""disputes_count"": 6, ""avg_days_per_stage"": 104.7, ""stage_complexity"": 0.834}"
1effb74c-03ab-44f9-84d5-3dcf5688aaf6,PROJ-1046,2025-05-01T00:00:00+00:00,340.83,32.86,446,43,365,38,374867339.33,1311046380.44,"{""SURVEY"": 109, ""VERIFICATION"": 109, ""OBJECTION"": 22, ""AWARD"": 73, ""COMPENSATION"": 73}","{""officers_count"": 3, ""sla_breaches"": 7, ""disputes_count"": 6, ""avg_days_per_stage"": 91.3, ""stage_complexity"": 0.8093}"
4b28ad51-d93a-463a-82d7-214ff1b82161,PROJ-1046,2025-05-16T00:00:00+00:00,340.83,34.39,446,45,360,41,166862860.54,1357157554.56,"{""SURVEY"": 108, ""VERIFICATION"": 108, ""OBJECTION"": 24, ""AWARD"": 72, ""COMPENSATION"": 72}","{""officers_count"": 4, ""sla_breaches"": 5, ""disputes_count"": 3, ""avg_days_per_stage"": 79.0, ""stage_complexity"": 0.8774}"
30360ac7-0425-4b1b-9814-a39d22640ab3,PROJ-1046,2025-05-31T00:00:00+00:00,340.83,38.21,446,50,349,47,384626131.06,1315382837.83,"{""SURVEY"": 104, ""VERIFICATION"": 104, ""OBJECTION"": 28, ""AWARD"": 69, ""COMPENSATION"": 69}","{""officers_count"": 5, ""sla_breaches"": 9, ""disputes_count"": 6, ""avg_days_per_stage"": 62.2, ""stage_complexity"": 0.7372}"
83cffbfb-ddb5-4e7b-9290-c01e396acace,PROJ-1046,2025-06-15T00:00:00+00:00,340.83,39.74,446,52,345,49,115950446.2,1321875864.78,"{""SURVEY"": 103, ""VERIFICATION"": 103, ""OBJECTION"": 29, ""AWARD"": 69, ""COMPENSATION"": 69}","{""officers_count"": 3, ""sla_breaches"": 7, ""disputes_count"": 8, ""avg_days_per_stage"": 55.2, ""stage_complexity"": 0.8037}"
736876fe-2e2f-4e1a-88b3-200598457dc1,PROJ-1046,2025-06-30T00:00:00+00:00,340.83,43.56,446,57,334,55,279939288.51,1152007585.23,"{""SURVEY"": 100, ""VERIFICATION"": 100, ""OBJECTION"": 33, ""AWARD"": 66, ""COMPENSATION"": 66}","{""officers_count"": 3, ""sla_breaches"": 7, ""disputes_count"": 3, ""avg_days_per_stage"": 82.0, ""stage_complexity"": 0.7149}"
9470d421-0f17-4626-b54c-a35d3ff5f28a,PROJ-1046,2025-07-15T00:00:00+00:00,340.83,49.67,446,65,320,61,284230024.6,1117042850.3,"{""SURVEY"": 96, ""VERIFICATION"": 96, ""OBJECTION"": 36, ""AWARD"": 64, ""COMPENSATION"": 64}","{""officers_count"": 4, ""sla_breaches"": 7, ""disputes_count"": 6, ""avg_days_per_stage"": 88.1, ""stage_complexity"": 0.7904}"
0fa52b7a-ebc3-4311-b209-7e109c3965d0,PROJ-1047,2025-01-01T00:00:00+00:00,1176.5,41.52,510,18,490,1,0.0,1253221535.56,"{""SURVEY"": 147, ""VERIFICATION"": 147, ""OBJECTION"": 0, ""AWARD"": 98, ""COMPENSATION"": 98}","{""officers_count"": 5, ""sla_breaches"": 2, ""disputes_count"": 1, ""avg_days_per_stage"": 21.1, ""stage_complexity"": 0.2324}"
e97d6dff-90ca-488f-acf3-1704a4acef0b,PROJ-1047,2025-01-16T00:00:00+00:00,1176.5,108.42,510,47,462,2,208870255.93,1211447484.37,"{""SURVEY"": 138, ""VERIFICATION"": 138, ""OBJECTION"": 1, ""AWARD"": 92, ""COMPENSATION"": 92}","{""officers_count"": 7, ""sla_breaches"": 0, ""disputes_count"": 1, ""avg_days_per_stage"": 22.7, ""stage_complexity"": 0.2999}"
d213b8eb-40b0-4ad5-b165-9b50b3e60cf2,PROJ-1047,2025-01-31T00:00:00+00:00,1176.5,161.48,510,70,438,2,626610767.78,1127899382.0,"{""SURVEY"": 131, ""VERIFICATION"": 131, ""OBJECTION"": 1, ""AWARD"": 87, ""COMPENSATION"": 87}","{""officers_count"": 11, ""sla_breaches"": 0, ""disputes_count"": 2, ""avg_days_per_stage"": 34.7, ""stage_complexity"": 0.3224}"
2e178655-caed-463e-86e1-096581d50ab7,PROJ-1047,2025-02-15T00:00:00+00:00,1176.5,196.08,510,85,423,1,1253221535.56,1002577228.45,"{""SURVEY"": 126, ""VERIFICATION"": 126, ""OBJECTION"": 0, ""AWARD"": 84, ""COMPENSATION"": 84}","{""officers_count"": 10, ""sla_breaches"": 1, ""disputes_count"": 3, ""avg_days_per_stage"": 32.7, ""stage_complexity"": 0.3629}"
650e987e-efc1-4f29-98c8-5f2ae31af111,PROJ-1047,2025-03-02T00:00:00+00:00,1176.5,226.07,510,98,411,2,2088702559.27,835481023.71,"{""SURVEY"": 123, ""VERIFICATION"": 123, ""OBJECTION"": 1, ""AWARD"": 82, ""COMPENSATION"": 82}","{""officers_count"": 12, ""sla_breaches"": 0, ""disputes_count"": 2, ""avg_days_per_stage"": 20.1, ""stage_complexity"": 0.3459}"
a1126838-6954-4c7c-9ef3-9bfd9ef9da60,PROJ-1047,2025-03-17T00:00:00+00:00,1176.5,302.2,510,131,377,0,3133053838.9,626610767.78,"{""SURVEY"": 113, ""VERIFICATION"": 113, ""OBJECTION"": 0, ""AWARD"": 75, ""COMPENSATION"": 75}","{""officers_count"": 10, ""sla_breaches"": 0, ""disputes_count"": 0, ""avg_days_per_stage"": 34.6, ""stage_complexity"": 0.3426}"
2778c3cf-c867-409b-a09c-3787ba83e116,PROJ-1048,2025-01-01T00:00:00+00:00,1145.79,221.12,114,22,92,0,0.0,938675032.59,"{""SURVEY"": 27, ""VERIFICATION"": 27, ""OBJECTION"": 0, ""AWARD"": 18, ""COMPENSATION"": 18}","{""officers_count"": 10, ""sla_breaches"": 2, ""disputes_count"": 1, ""avg_days_per_stage"": 33.2, ""stage_complexity"": 0.2777}"
e67cd4bb-e445-4ee4-883b-de38cbf3f3ee,PROJ-1048,2025-01-16T00:00:00+00:00,1145.79,351.78,114,35,79,0,156445838.76,907385864.83,"{""SURVEY"": 23, ""VERIFICATION"": 23, ""OBJECTION"": 0, ""AWARD"": 15, ""COMPENSATION"": 15}","{""officers_count"": 9, ""sla_breaches"": 1, ""disputes_count"": 1, ""avg_days_per_stage"": 25.4, ""stage_complexity"": 0.2308}"
a7218471-68f0-48f1-ba05-fafe7d3e4763,PROJ-1048,2025-01-31T00:00:00+00:00,1145.79,593.0,114,59,55,1,469337516.29,844807529.33,"{""SURVEY"": 16, ""VERIFICATION"": 16, ""OBJECTION"": 0, ""AWARD"": 11, ""COMPENSATION"": 11}","{""officers_count"": 11, ""sla_breaches"": 1, ""disputes_count"": 3, ""avg_days_per_stage"": 19.6, ""stage_complexity"": 0.44}"
73222214-f5b1-432b-97ff-d61f3a70373c,PROJ-1048,2025-02-15T00:00:00+00:00,1145.79,904.57,114,90,23,0,938675032.59,750940026.07,"{""SURVEY"": 6, ""VERIFICATION"": 6, ""OBJECTION"": 0, ""AWARD"": 4, ""COMPENSATION"": 4}","{""officers_count"": 9, ""sla_breaches"": 0, ""disputes_count"": 1, ""avg_days_per_stage"": 30.2, ""stage_complexity"": 0.2172}"
8fdd6517-03d7-426b-8418-0a040bc9884f,PROJ-1048,2025-03-02T00:00:00+00:00,1145.79,1145.79,114,114,0,1,1564458387.64,625783355.06,"{""SURVEY"": 0, ""VERIFICATION"": 0, ""OBJECTION"": 0, ""AWARD"": 0, ""COMPENSATION"": 0}","{""officers_count"": 12, ""sla_breaches"": 2, ""disputes_count"": 1, ""avg_days_per_stage"": 25.9, ""stage_complexity"": 0.2105}"
692e156b-a5eb-4f16-aa98-315e338ef4a2,PROJ-1048,2025-03-17T00:00:00+00:00,1145.79,1145.79,114,114,0,0,2346687581.47,469337516.29,"{""SURVEY"": 0, ""VERIFICATION"": 0, ""OBJECTION"": 0, ""AWARD"": 0, ""COMPENSATION"": 0}","{""officers_count"": 12, ""sla_breaches"": 0, ""disputes_count"": 1, ""avg_days_per_stage"": 19.6, ""stage_complexity"": 0.2292}"
5ded3b72-22e4-4524-8ff4-b80f7cf64d00,PROJ-1048,2025-04-01T00:00:00+00:00,1145.79,1145.79,114,114,0,0,3128916775.29,312891677.53,"{""SURVEY"": 0, ""VERIFICATION"": 0, ""OBJECTION"": 0, ""AWARD"": 0, ""COMPENSATION"": 0}","{""officers_count"": 6, ""sla_breaches"": 2, ""disputes_count"": 1, ""avg_days_per_stage"": 21.0, ""stage_complexity"": 0.4093}"
d967bff7-c0ea-47ed-996c-acf39a1d251c,PROJ-1049,2025-01-01T00:00:00+00:00,487.36,1.84,530,2,519,9,288148369.48,1717782498.81,"{""SURVEY"": 155, ""VERIFICATION"": 155, ""OBJECTION"": 5, ""AWARD"": 103, ""COMPENSATION"": 103}","{""officers_count"": 4, ""sla_breaches"": 6, ""disputes_count"": 8, ""avg_days_per_stage"": 64.1, ""stage_complexity"": 0.8881}"
f6777708-8b25-4fcc-87fb-4f202e848b26,PROJ-1049,2025-01-16T00:00:00+00:00,487.36,6.44,530,7,511,12,218615825.22,1876463652.96,"{""SURVEY"": 153, ""VERIFICATION"": 153, ""OBJECTION"": 7, ""AWARD"": 102, ""COMPENSATION"": 102}","{""officers_count"": 5, ""sla_breaches"": 7, ""disputes_count"": 4, ""avg_days_per_stage"": 88.8, ""stage_complexity"": 0.7496}"
408d9066-4ea4-4f8f-a80f-496d17d23d80,PROJ-1049,2025-01-31T00:00:00+00:00,487.36,13.79,530,15,498,17,396072829.31,1700398534.58,"{""SURVEY"": 149, ""VERIFICATION"": 149, ""OBJECTION"": 10, ""AWARD"": 99, ""COMPENSATION"": 99}","{""officers_count"": 6, ""sla_breaches"": 5, ""disputes_count"": 7, ""avg_days_per_stage"": 100.7, ""stage_complexity"": 0.7147}"
bc2823e5-642f-4ee6-aa63-678255789184,PROJ-1049,2025-02-15T00:00:00+00:00,487.36,15.63,530,17,492,21,199520523.62,2032257229.22,"{""SURVEY"": 147, ""VERIFICATION"": 147, ""OBJECTION"": 12, ""AWARD"": 98, ""COMPENSATION"": 98}","{""officers_count"": 4, ""sla_breaches"": 9, ""disputes_count"": 7, ""avg_days_per_stage"": 88.1, ""stage_complexity"": 0.8776}"
bd53c324-7374-49b6-a608-2778ccd443b3,PROJ-1049,2025-03-02T00:00:00+00:00,487.36,20.23,530,22,485,23,535320395.02,2219600539.3,"{""SURVEY"": 145, ""VERIFICATION"": 145, ""OBJECTION"": 13, ""AWARD"": 97, ""COMPENSATION"": 97}","{""officers_count"": 3, ""sla_breaches"": 7, ""disputes_count"": 6, ""avg_days_per_stage"": 86.5, ""stage_complexity"": 0.888}"
c61846f5-df2a-426c-9da5-ae7f20493135,PROJ-1049,2025-03-17T00:00:00+00:00,487.36,22.99,530,25,480,25,234945493.44,2357623264.27,"{""SURVEY"": 144, ""VERIFICATION"": 144, ""OBJECTION"": 15, ""AWARD"": 96, ""COMPENSATION"": 96}","{""officers_count"": 5, ""sla_breaches"": 7, ""disputes_count"": 4, ""avg_days_per_stage"": 108.7, ""stage_complexity"": 0.7182}"
237ddfbc-0014-4fb0-933f-97b199f9e9d2,PROJ-1049,2025-04-01T00:00:00+00:00,487.36,29.43,530,32,470,28,193075655.69,2078649210.88,"{""SURVEY"": 141, ""VERIFICATION"": 141, ""OBJECTION"": 16, ""AWARD"": 94, ""COMPENSATION"": 94}","{""officers_count"": 6, ""sla_breaches"": 10, ""disputes_count"": 5, ""avg_days_per_stage"": 75.7, ""stage_complexity"": 0.7934}"
c69590b0-97ab-42ec-9481-203e234da8fb,PROJ-1049,2025-04-16T00:00:00+00:00,487.36,34.94,530,38,462,30,278013031.05,1726818540.71,"{""SURVEY"": 138, ""VERIFICATION"": 138, ""OBJECTION"": 18, ""AWARD"": 92, ""COMPENSATION"": 92}","{""officers_count"": 5, ""sla_breaches"": 7, ""disputes_count"": 3, ""avg_days_per_stage"": 106.9, ""stage_complexity"": 0.8046}"
b8e90806-7013-436c-9915-4fa3f1cc3869,PROJ-1049,2025-05-01T00:00:00+00:00,487.36,38.62,530,42,456,32,331705342.34,2228875865.05,"{""SURVEY"": 136, ""VERIFICATION"": 136, ""OBJECTION"": 19, ""AWARD"": 91, ""COMPENSATION"": 91}","{""officers_count"": 4, ""sla_breaches"": 6, ""disputes_count"": 7, ""avg_days_per_stage"": 97.9, ""stage_complexity"": 0.8522}"
e4058aef-73f4-4471-a89b-fbace4622076,PROJ-1049,2025-05-16T00:00:00+00:00,487.36,43.22,530,47,448,35,529652817.71,1926804448.03,"{""SURVEY"": 134, ""VERIFICATION"": 134, ""OBJECTION"": 21, ""AWARD"": 89, ""COMPENSATION"": 89}","{""officers_count"": 6, ""sla_breaches"": 10, ""disputes_count"": 7, ""avg_days_per_stage"": 59.8, ""stage_complexity"": 0.8628}"
3be59578-fae5-4fed-80d7-a4e6b6bd5612,PROJ-1049,2025-05-31T00:00:00+00:00,487.36,46.9,530,51,438,41,331624411.02,1944158746.46,"{""SURVEY"": 131, ""VERIFICATION"": 131, ""OBJECTION"": 24, ""AWARD"": 87, ""COMPENSATION"": 87}","{""officers_count"": 6, ""sla_breaches"": 8, ""disputes_count"": 8, ""avg_days_per_stage"": 93.2, ""stage_complexity"": 0.8952}"
4da7a81c-8f62-447c-9812-7f1ca1c7b0e3,PROJ-1049,2025-06-15T00:00:00+00:00,487.36,53.33,530,58,428,44,294824220.14,1722143238.12,"{""SURVEY"": 128, ""VERIFICATION"": 128, ""OBJECTION"": 26, ""AWARD"": 85, ""COMPENSATION"": 85}","{""officers_count"": 3, ""sla_breaches"": 8, ""disputes_count"": 5, ""avg_days_per_stage"": 102.0, ""stage_complexity"": 0.8378}"
6fa073fc-7207-468c-bd97-fbd10e9d00e4,PROJ-1049,2025-06-30T00:00:00+00:00,487.36,58.85,530,64,418,48,627646527.01,1971111449.9,"{""SURVEY"": 125, ""VERIFICATION"": 125, ""OBJECTION"": 28, ""AWARD"": 83, ""COMPENSATION"": 83}","{""officers_count"": 6, ""sla_breaches"": 10, ""disputes_count"": 7, ""avg_days_per_stage"": 65.8, ""stage_complexity"": 0.7442}"
472d589d-1e68-4def-ae7b-207500f10520,PROJ-1049,2025-07-15T00:00:00+00:00,487.36,63.45,530,69,409,52,264916278.64,2239516071.65,"{""SURVEY"": 122, ""VERIFICATION"": 122, ""OBJECTION"": 31, ""AWARD"": 81, ""COMPENSATION"": 81}","{""officers_count"": 6, ""sla_breaches"": 9, ""disputes_count"": 6, ""avg_days_per_stage"": 103.8, ""stage_complexity"": 0.8707}"
1e0ce2ac-9bfc-4695-bb42-46d175efc6f1,PROJ-1049,2025-07-30T00:00:00+00:00,487.36,69.89,530,76,397,57,188184850.6,2118754911.7,"{""SURVEY"": 119, ""VERIFICATION"": 119, ""OBJECTION"": 34, ""AWARD"": 79, ""COMPENSATION"": 79}","{""officers_count"": 3, ""sla_breaches"": 10, ""disputes_count"": 7, ""avg_days_per_stage"": 81.0, ""stage_complexity"": 0.854}"
fdab4134-59de-4928-a841-5117f4ca150e,PROJ-1049,2025-08-14T00:00:00+00:00,487.36,71.72,530,78,392,60,555052949.58,2087374660.96,"{""SURVEY"": 117, ""VERIFICATION"": 117, ""OBJECTION"": 36, ""AWARD"": 78, ""COMPENSATION"": 78}","{""officers_count"": 6, ""sla_breaches"": 9, ""disputes_count"": 4, ""avg_days_per_stage"": 109.1, ""stage_complexity"": 0.8287}"
1d3f9db3-dc64-4308-975f-7cc4dc4d8500,PROJ-1049,2025-08-29T00:00:00+00:00,487.36,79.08,530,86,381,63,183638766.62,2103045532.85,"{""SURVEY"": 114, ""VERIFICATION"": 114, ""OBJECTION"": 37, ""AWARD"": 76, ""COMPENSATION"": 76}","{""officers_count"": 5, ""sla_breaches"": 8, ""disputes_count"": 7, ""avg_days_per_stage"": 97.0, ""stage_complexity"": 0.7923}"
56a7816c-2999-4b57-9e59-2e3aa66b0616,PROJ-1050,2025-01-01T00:00:00+00:00,429.99,17.45,616,25,590,1,0.0,292703940.14,"{""SURVEY"": 177, ""VERIFICATION"": 177, ""OBJECTION"": 0, ""AWARD"": 118, ""COMPENSATION"": 118}","{""officers_count"": 12, ""sla_breaches"": 2, ""disputes_count"": 2, ""avg_days_per_stage"": 21.7, ""stage_complexity"": 0.3215}"
db87ccf3-5cf5-4b01-adad-6843b446cb87,PROJ-1050,2025-01-16T00:00:00+00:00,429.99,39.09,616,56,559,0,48783990.02,282947142.14,"{""SURVEY"": 167, ""VERIFICATION"": 167, ""OBJECTION"": 0, ""AWARD"": 111, ""COMPENSATION"": 111}","{""officers_count"": 7, ""sla_breaches"": 1, ""disputes_count"": 2, ""avg_days_per_stage"": 21.9, ""stage_complexity"": 0.3215}"
652cf584-7de1-4135-90b4-514a97866e91,PROJ-1050,2025-01-31T00:00:00+00:00,429.99,50.26,616,72,544,0,146351970.07,263433546.13,"{""SURVEY"": 163, ""VERIFICATION"": 163, ""OBJECTION"": 0, ""AWARD"": 108, ""COMPENSATION"": 108}","{""officers_count"": 6, ""sla_breaches"": 0, ""disputes_count"": 0, ""avg_days_per_stage"": 16.0, ""stage_complexity"": 0.4329}"
5205d236-e9cd-4d5d-bc1b-00bd216e9097,PROJ-1050,2025-02-15T00:00:00+00:00,429.99,59.33,616,85,531,0,292703940.14,234163152.11,"{""SURVEY"": 159, ""VERIFICATION"": 159, ""OBJECTION"": 0, ""AWARD"": 106, ""COMPENSATION"": 106}","{""officers_count"": 11, ""sla_breaches"": 2, ""disputes_count"": 1, ""avg_days_per_stage"": 31.0, ""stage_complexity"": 0.3879}"
a0c7fb7f-f2e0-49cf-843e-4b37b6c1481c,PROJ-1051,2025-01-01T00:00:00+00:00,742.33,30.27,466,19,443,4,0.0,558070939.19,"{""SURVEY"": 132, ""VERIFICATION"": 132, ""OBJECTION"": 2, ""AWARD"": 88, ""COMPENSATION"": 88}","{""officers_count"": 9, ""sla_breaches"": 1, ""disputes_count"": 3, ""avg_days_per_stage"": 26.8, ""stage_complexity"": 0.3479}"
2abab40a-2537-43cd-be7f-2f7d9fc3ac31,PROJ-1051,2025-01-16T00:00:00+00:00,742.33,66.91,466,42,420,5,93011823.2,539468574.55,"{""SURVEY"": 126, ""VERIFICATION"": 126, ""OBJECTION"": 3, ""AWARD"": 84, ""COMPENSATION"": 84}","{""officers_count"": 5, ""sla_breaches"": 2, ""disputes_count"": 2, ""avg_days_per_stage"": 15.9, ""stage_complexity"": 0.203}"
7cf82bfd-093c-474a-a0dd-02c97dc6c59d,PROJ-1051,2025-01-31T00:00:00+00:00,742.33,121.07,466,76,385,4,279035469.59,502263845.27,"{""SURVEY"": 115, ""VERIFICATION"": 115, ""OBJECTION"": 2, ""AWARD"": 77, ""COMPENSATION"": 77}","{""officers_count"": 5, ""sla_breaches"": 1, ""disputes_count"": 0, ""avg_days_per_stage"": 16.0, ""stage_complexity"": 0.3951}"
9ec2eabe-7b85-4947-ba87-1712420fac15,PROJ-1051,2025-02-15T00:00:00+00:00,742.33,172.04,466,108,354,2,558070939.19,446456751.35,"{""SURVEY"": 106, ""VERIFICATION"": 106, ""OBJECTION"": 1, ""AWARD"": 70, ""COMPENSATION"": 70}","{""officers_count"": 7, ""sla_breaches"": 0, ""disputes_count"": 0, ""avg_days_per_stage"": 32.8, ""stage_complexity"": 0.3478}"
1168f398-8406-41c7-9860-f97b7a196b54,PROJ-1051,2025-03-02T00:00:00+00:00,742.33,219.83,466,138,326,3,930118231.98,372047292.79,"{""SURVEY"": 97, ""VERIFICATION"": 97, ""OBJECTION"": 1, ""AWARD"": 65, ""COMPENSATION"": 65}","{""officers_count"": 7, ""sla_breaches"": 2, ""disputes_count"": 0, ""avg_days_per_stage"": 25.9, ""stage_complexity"": 0.2183}"
7bd6d640-04cc-4985-b40a-5ea44780ef79,PROJ-1051,2025-03-17T00:00:00+00:00,742.33,270.81,466,170,293,4,1395177347.97,279035469.59,"{""SURVEY"": 87, ""VERIFICATION"": 87, ""OBJECTION"": 2, ""AWARD"": 58, ""COMPENSATION"": 58}","{""officers_count"": 5, ""sla_breaches"": 0, ""disputes_count"": 3, ""avg_days_per_stage"": 30.0, ""stage_complexity"": 0.2341}"
4271b4e7-e0d2-4409-b48d-1581b191ab53,PROJ-1051,2025-04-01T00:00:00+00:00,742.33,302.67,466,190,272,2,1860236463.96,186023646.4,"{""SURVEY"": 81, ""VERIFICATION"": 81, ""OBJECTION"": 1, ""AWARD"": 54, ""COMPENSATION"": 54}","{""officers_count"": 9, ""sla_breaches"": 0, ""disputes_count"": 2, ""avg_days_per_stage"": 30.5, ""stage_complexity"": 0.3868}"
8d8279f9-1668-4484-a43f-3658a57b5c48,PROJ-1051,2025-04-16T00:00:00+00:00,742.33,318.6,466,200,264,2,1860236463.96,186023646.4,"{""SURVEY"": 79, ""VERIFICATION"": 79, ""OBJECTION"": 1, ""AWARD"": 52, ""COMPENSATION"": 52}","{""officers_count"": 8, ""sla_breaches"": 2, ""disputes_count"": 0, ""avg_days_per_stage"": 15.6, ""stage_complexity"": 0.2655}"
c872ccb0-4900-400c-84ed-358e33470151,PROJ-1051,2025-05-01T00:00:00+00:00,742.33,348.86,466,219,245,0,1860236463.96,186023646.4,"{""SURVEY"": 73, ""VERIFICATION"": 73, ""OBJECTION"": 0, ""AWARD"": 49, ""COMPENSATION"": 49}","{""officers_count"": 9, ""sla_breaches"": 0, ""disputes_count"": 3, ""avg_days_per_stage"": 26.5, ""stage_complexity"": 0.287}"
1841ff8a-4783-4f5c-8d31-2d6848b21581,PROJ-1052,2025-01-01T00:00:00+00:00,713.41,37.03,655,34,616,4,0.0,1180466344.41,"{""SURVEY"": 184, ""VERIFICATION"": 184, ""OBJECTION"": 2, ""AWARD"": 123, ""COMPENSATION"": 123}","{""officers_count"": 11, ""sla_breaches"": 1, ""disputes_count"": 0, ""avg_days_per_stage"": 33.9, ""stage_complexity"": 0.4304}"
23a27e2a-2839-4ad6-8e4f-d0488abf71b7,PROJ-1052,2025-01-16T00:00:00+00:00,713.41,57.73,655,53,598,4,196744390.74,1141117466.27,"{""SURVEY"": 179, ""VERIFICATION"": 179, ""OBJECTION"": 2, ""AWARD"": 119, ""COMPENSATION"": 119}","{""officers_count"": 11, ""sla_breaches"": 0, ""disputes_count"": 2, ""avg_days_per_stage"": 21.3, ""stage_complexity"": 0.3475}"
09597832-ad1c-46f2-95a1-9f8c6bfedda8,PROJ-1052,2025-01-31T00:00:00+00:00,713.41,74.06,655,68,583,5,590233172.21,1062419709.97,"{""SURVEY"": 174, ""VERIFICATION"": 174, ""OBJECTION"": 3, ""AWARD"": 116, ""COMPENSATION"": 116}","{""officers_count"": 9, ""sla_breaches"": 0, ""disputes_count"": 0, ""avg_days_per_stage"": 29.0, ""stage_complexity"": 0.2992}"
ef9f203f-d25a-4a82-96e7-e9383b2f4d70,PROJ-1052,2025-02-15T00:00:00+00:00,713.41,106.74,655,98,552,6,1180466344.41,944373075.53,"{""SURVEY"": 165, ""VERIFICATION"": 165, ""OBJECTION"": 3, ""AWARD"": 110, ""COMPENSATION"": 110}","{""officers_count"": 10, ""sla_breaches"": 0, ""disputes_count"": 3, ""avg_days_per_stage"": 23.8, ""stage_complexity"": 0.2338}"
86e6cbcb-d058-4538-bb89-006c77c84f7a,PROJ-1052,2025-03-02T00:00:00+00:00,713.41,125.26,655,115,534,7,1967443907.36,786977562.94,"{""SURVEY"": 160, ""VERIFICATION"": 160, ""OBJECTION"": 4, ""AWARD"": 106, ""COMPENSATION"": 106}","{""officers_count"": 12, ""sla_breaches"": 2, ""disputes_count"": 2, ""avg_days_per_stage"": 18.9, ""stage_complexity"": 0.3463}"
ade3bf6c-5f5a-4d8b-9220-d3e75ba998fc,PROJ-1052,2025-03-17T00:00:00+00:00,713.41,161.2,655,148,500,6,2951165861.03,590233172.21,"{""SURVEY"": 150, ""VERIFICATION"": 150, ""OBJECTION"": 3, ""AWARD"": 100, ""COMPENSATION"": 100}","{""officers_count"": 9, ""sla_breaches"": 1, ""disputes_count"": 0, ""avg_days_per_stage"": 32.1, ""stage_complexity"": 0.348}"
6c63a71a-7c7b-41ac-a134-038bc6c2ef5b,PROJ-1052,2025-04-01T00:00:00+00:00,713.41,193.87,655,178,471,7,3934887814.71,393488781.47,"{""SURVEY"": 141, ""VERIFICATION"": 141, ""OBJECTION"": 4, ""AWARD"": 94, ""COMPENSATION"": 94}","{""officers_count"": 11, ""sla_breaches"": 0, ""disputes_count"": 2, ""avg_days_per_stage"": 32.7, ""stage_complexity"": 0.2298}"
8a529dad-fb63-42a1-9d23-7b265402227c,PROJ-1052,2025-04-16T00:00:00+00:00,713.41,230.91,655,212,436,8,3934887814.71,393488781.47,"{""SURVEY"": 130, ""VERIFICATION"": 130, ""OBJECTION"": 4, ""AWARD"": 87, ""COMPENSATION"": 87}","{""officers_count"": 12, ""sla_breaches"": 0, ""disputes_count"": 3, ""avg_days_per_stage"": 32.1, ""stage_complexity"": 0.2024}"
f9744723-23ed-4be1-aa33-e23d1496a086,PROJ-1052,2025-05-01T00:00:00+00:00,713.41,252.69,655,232,415,6,3934887814.71,393488781.47,"{""SURVEY"": 124, ""VERIFICATION"": 124, ""OBJECTION"": 3, ""AWARD"": 83, ""COMPENSATION"": 83}","{""officers_count"": 9, ""sla_breaches"": 0, ""disputes_count"": 0, ""avg_days_per_stage"": 23.1, ""stage_complexity"": 0.3945}"
032b5818-e687-4941-88af-aa4cc166e57d,PROJ-1052,2025-05-16T00:00:00+00:00,713.41,285.36,655,262,387,6,3934887814.71,393488781.47,"{""SURVEY"": 116, ""VERIFICATION"": 116, ""OBJECTION"": 3, ""AWARD"": 77, ""COMPENSATION"": 77}","{""officers_count"": 9, ""sla_breaches"": 0, ""disputes_count"": 0, ""avg_days_per_stage"": 17.4, ""stage_complexity"": 0.3986}"
aa68856e-e4a4-44f3-9b20-bd3cb16a6b1b,PROJ-1052,2025-05-31T00:00:00+00:00,713.41,314.77,655,289,360,5,3934887814.71,393488781.47,"{""SURVEY"": 108, ""VERIFICATION"": 108, ""OBJECTION"": 3, ""AWARD"": 72, ""COMPENSATION"": 72}","{""officers_count"": 10, ""sla_breaches"": 1, ""disputes_count"": 0, ""avg_days_per_stage"": 33.2, ""stage_complexity"": 0.2142}"
65bb6dd9-2934-44b8-949c-eccc1311975b,PROJ-1052,2025-06-15T00:00:00+00:00,713.41,342.0,655,314,336,4,3934887814.71,393488781.47,"{""SURVEY"": 100, ""VERIFICATION"": 100, ""OBJECTION"": 2, ""AWARD"": 67, ""COMPENSATION"": 67}","{""officers_count"": 11, ""sla_breaches"": 0, ""disputes_count"": 1, ""avg_days_per_stage"": 27.3, ""stage_complexity"": 0.4402}"
0b5143d4-6201-4d1b-80c6-2e24ce679e8f,PROJ-1052,2025-06-30T00:00:00+00:00,713.41,357.25,655,328,323,2,3934887814.71,393488781.47,"{""SURVEY"": 96, ""VERIFICATION"": 96, ""OBJECTION"": 1, ""AWARD"": 64, ""COMPENSATION"": 64}","{""officers_count"": 6, ""sla_breaches"": 0, ""disputes_count"": 3, ""avg_days_per_stage"": 29.9, ""stage_complexity"": 0.2554}"
802b9dc3-355a-4d48-b88b-fa7a6f0d9d61,PROJ-1053,2025-01-01T00:00:00+00:00,519.91,11.61,448,10,436,1,0.0,484143237.51,"{""SURVEY"": 130, ""VERIFICATION"": 130, ""OBJECTION"": 0, ""AWARD"": 87, ""COMPENSATION"": 87}","{""officers_count"": 9, ""sla_breaches"": 1, ""disputes_count"": 1, ""avg_days_per_stage"": 31.4, ""stage_complexity"": 0.242}"
fa905021-e633-4d4b-83aa-c0347d4bdc67,PROJ-1053,2025-01-16T00:00:00+00:00,519.91,52.22,448,45,402,2,80690539.59,468005129.6,"{""SURVEY"": 120, ""VERIFICATION"": 120, ""OBJECTION"": 1, ""AWARD"": 80, ""COMPENSATION"": 80}","{""officers_count"": 7, ""sla_breaches"": 0, ""disputes_count"": 3, ""avg_days_per_stage"": 15.2, ""stage_complexity"": 0.3828}"
6f3a84d2-761d-42a9-9015-be8d9d03f641,PROJ-1053,2025-01-31T00:00:00+00:00,519.91,92.84,448,80,366,3,242071618.76,435728913.76,"{""SURVEY"": 109, ""VERIFICATION"": 109, ""OBJECTION"": 1, ""AWARD"": 73, ""COMPENSATION"": 73}","{""officers_count"": 10, ""sla_breaches"": 0, ""disputes_count"": 3, ""avg_days_per_stage"": 32.7, ""stage_complexity"": 0.2095}"
f16e9cc2-f2d4-4d63-870e-698cd2af0993,PROJ-1053,2025-02-15T00:00:00+00:00,519.91,116.05,448,100,345,2,484143237.51,387314590.01,"{""SURVEY"": 103, ""VERIFICATION"": 103, ""OBJECTION"": 1, ""AWARD"": 69, ""COMPENSATION"": 69}","{""officers_count"": 6, ""sla_breaches"": 2, ""disputes_count"": 1, ""avg_days_per_stage"": 28.2, ""stage_complexity"": 0.42}"
7fd0ab53-1a18-4548-aa69-c879123498ad,PROJ-1053,2025-03-02T00:00:00+00:00,519.91,148.55,448,128,318,2,806905395.86,322762158.34,"{""SURVEY"": 95, ""VERIFICATION"": 95, ""OBJECTION"": 1, ""AWARD"": 63, ""COMPENSATION"": 63}","{""officers_count"": 7, ""sla_breaches"": 2, ""disputes_count"": 1, ""avg_days_per_stage"": 21.1, ""stage_complexity"": 0.238}"
ed6de551-0665-4d13-8746-f4240b53d143,PROJ-1053,2025-03-17T00:00:00+00:00,519.91,176.4,448,152,294,1,1210358093.78,242071618.76,"{""SURVEY"": 88, ""VERIFICATION"": 88, ""OBJECTION"": 0, ""AWARD"": 58, ""COMPENSATION"": 58}","{""officers_count"": 5, ""sla_breaches"": 1, ""disputes_count"": 1, ""avg_days_per_stage"": 25.7, ""stage_complexity"": 0.4337}"
304fc7ee-0629-4e42-b5fd-7659ec282a79,PROJ-1053,2025-04-01T00:00:00+00:00,519.91,212.37,448,183,264,1,1613810791.71,161381079.17,"{""SURVEY"": 79, ""VERIFICATION"": 79, ""OBJECTION"": 0, ""AWARD"": 52, ""COMPENSATION"": 52}","{""officers_count"": 10, ""sla_breaches"": 0, ""disputes_count"": 1, ""avg_days_per_stage"": 29.8, ""stage_complexity"": 0.3959}"
9ea0d4a1-5daf-4076-bd9c-b7ff3f210380,PROJ-1053,2025-04-16T00:00:00+00:00,519.91,229.78,448,198,249,2,1613810791.71,161381079.17,"{""SURVEY"": 74, ""VERIFICATION"": 74, ""OBJECTION"": 1, ""AWARD"": 49, ""COMPENSATION"": 49}","{""officers_count"": 12, ""sla_breaches"": 2, ""disputes_count"": 1, ""avg_days_per_stage"": 17.1, ""stage_complexity"": 0.2099}"
fd011d98-5cb8-48d6-8c59-436ea686eb13,PROJ-1053,2025-05-01T00:00:00+00:00,519.91,269.24,448,232,214,1,1613810791.71,161381079.17,"{""SURVEY"": 64, ""VERIFICATION"": 64, ""OBJECTION"": 0, ""AWARD"": 42, ""COMPENSATION"": 42}","{""officers_count"": 10, ""sla_breaches"": 0, ""disputes_count"": 1, ""avg_days_per_stage"": 33.2, ""stage_complexity"": 0.39}"
2c50ca91-245d-4837-9404-fb3d640e5f9e,PROJ-1053,2025-05-16T00:00:00+00:00,519.91,295.93,448,255,192,1,1613810791.71,161381079.17,"{""SURVEY"": 57, ""VERIFICATION"": 57, ""OBJECTION"": 0, ""AWARD"": 38, ""COMPENSATION"": 38}","{""officers_count"": 9, ""sla_breaches"": 0, ""disputes_count"": 3, ""avg_days_per_stage"": 31.9, ""stage_complexity"": 0.4299}"
6307aeab-88a1-4462-a17d-09fec603b787,PROJ-1053,2025-05-31T00:00:00+00:00,519.91,316.82,448,273,174,0,1613810791.71,161381079.17,"{""SURVEY"": 52, ""VERIFICATION"": 52, ""OBJECTION"": 0, ""AWARD"": 34, ""COMPENSATION"": 34}","{""officers_count"": 6, ""sla_breaches"": 1, ""disputes_count"": 0, ""avg_days_per_stage"": 23.4, ""stage_complexity"": 0.3137}"
cbcbcadb-da28-4d0d-a919-6adcee49120f,PROJ-1053,2025-06-15T00:00:00+00:00,519.91,353.96,448,305,143,1,1613810791.71,161381079.17,"{""SURVEY"": 42, ""VERIFICATION"": 42, ""OBJECTION"": 0, ""AWARD"": 28, ""COMPENSATION"": 28}","{""officers_count"": 5, ""sla_breaches"": 0, ""disputes_count"": 1, ""avg_days_per_stage"": 23.3, ""stage_complexity"": 0.2605}"
5f817db3-f095-4b63-926e-ba97f137d092,PROJ-1053,2025-06-30T00:00:00+00:00,519.91,391.09,448,337,110,2,1613810791.71,161381079.17,"{""SURVEY"": 33, ""VERIFICATION"": 33, ""OBJECTION"": 1, ""AWARD"": 22, ""COMPENSATION"": 22}","{""officers_count"": 9, ""sla_breaches"": 0, ""disputes_count"": 1, ""avg_days_per_stage"": 21.6, ""stage_complexity"": 0.3888}"
eda73497-b013-4b95-805c-43ea80d31024,PROJ-1053,2025-07-15T00:00:00+00:00,519.91,422.43,448,364,82,3,1613810791.71,161381079.17,"{""SURVEY"": 24, ""VERIFICATION"": 24, ""OBJECTION"": 1, ""AWARD"": 16, ""COMPENSATION"": 16}","{""officers_count"": 5, ""sla_breaches"": 2, ""disputes_count"": 1, ""avg_days_per_stage"": 25.5, ""stage_complexity"": 0.2245}"
185bba4c-57b2-41cf-9cfc-60c856abf292,PROJ-1054,2025-01-01T00:00:00+00:00,67.28,14.73,137,30,104,2,0.0,85751449.87,"{""SURVEY"": 31, ""VERIFICATION"": 31, ""OBJECTION"": 1, ""AWARD"": 20, ""COMPENSATION"": 20}","{""officers_count"": 11, ""sla_breaches"": 1, ""disputes_count"": 3, ""avg_days_per_stage"": 22.6, ""stage_complexity"": 0.3672}"
cbb79838-b83d-4f1b-abdd-16a6ee4c8dd8,PROJ-1054,2025-01-16T00:00:00+00:00,67.28,27.01,137,55,80,1,14291908.31,82893068.21,"{""SURVEY"": 24, ""VERIFICATION"": 24, ""OBJECTION"": 0, ""AWARD"": 16, ""COMPENSATION"": 16}","{""officers_count"": 8, ""sla_breaches"": 2, ""disputes_count"": 2, ""avg_days_per_stage"": 23.2, ""stage_complexity"": 0.2458}"
875c9233-b85a-4f72-a5dc-a3521179d9a3,PROJ-1054,2025-01-31T00:00:00+00:00,67.28,41.25,137,84,52,2,42875724.94,77176304.89,"{""SURVEY"": 15, ""VERIFICATION"": 15, ""OBJECTION"": 1, ""AWARD"": 10, ""COMPENSATION"": 10}","{""officers_count"": 11, ""sla_breaches"": 0, ""disputes_count"": 3, ""avg_days_per_stage"": 28.1, ""stage_complexity"": 0.3459}"
aba1c7d9-c46f-42b0-8a43-954fcc94c88a,PROJ-1054,2025-02-15T00:00:00+00:00,67.28,48.62,137,99,36,0,85751449.87,68601159.9,"{""SURVEY"": 10, ""VERIFICATION"": 10, ""OBJECTION"": 0, ""AWARD"": 7, ""COMPENSATION"": 7}","{""officers_count"": 9, ""sla_breaches"": 2, ""disputes_count"": 2, ""avg_days_per_stage"": 25.2, ""stage_complexity"": 0.2201}"
e4714e0f-5077-43e3-a0fc-8bd3e457623d,PROJ-1055,2025-01-01T00:00:00+00:00,118.74,12.05,138,14,119,5,0.0,138360573.1,"{""SURVEY"": 35, ""VERIFICATION"": 35, ""OBJECTION"": 3, ""AWARD"": 23, ""COMPENSATION"": 23}","{""officers_count"": 11, ""sla_breaches"": 1, ""disputes_count"": 2, ""avg_days_per_stage"": 33.9, ""stage_complexity"": 0.3787}"
be3b5a75-936e-4ca0-8ff5-057ceee484ff,PROJ-1055,2025-01-16T00:00:00+00:00,118.74,30.98,138,36,97,5,23060095.52,133748554.0,"{""SURVEY"": 29, ""VERIFICATION"": 29, ""OBJECTION"": 3, ""AWARD"": 19, ""COMPENSATION"": 19}","{""officers_count"": 8, ""sla_breaches"": 1, ""disputes_count"": 0, ""avg_days_per_stage"": 15.8, ""stage_complexity"": 0.2643}"
b3ec09d9-6fe4-428b-8cda-f435868fd114,PROJ-1055,2025-01-31T00:00:00+00:00,118.74,59.37,138,69,64,6,69180286.55,124524515.79,"{""SURVEY"": 19, ""VERIFICATION"": 19, ""OBJECTION"": 3, ""AWARD"": 12, ""COMPENSATION"": 12}","{""officers_count"": 9, ""sla_breaches"": 2, ""disputes_count"": 2, ""avg_days_per_stage"": 26.9, ""stage_complexity"": 0.4273}"
80dfd05a-8408-4201-8603-dffd6248a71f,PROJ-1055,2025-02-15T00:00:00+00:00,118.74,73.14,138,85,47,7,138360573.1,110688458.48,"{""SURVEY"": 14, ""VERIFICATION"": 14, ""OBJECTION"": 4, ""AWARD"": 9, ""COMPENSATION"": 9}","{""officers_count"": 8, ""sla_breaches"": 0, ""disputes_count"": 0, ""avg_days_per_stage"": 34.1, ""stage_complexity"": 0.405}"
50e6ae3d-bc2f-479a-aab9-18aef4015223,PROJ-1055,2025-03-02T00:00:00+00:00,118.74,86.04,138,100,31,6,230600955.17,92240382.07,"{""SURVEY"": 9, ""VERIFICATION"": 9, ""OBJECTION"": 3, ""AWARD"": 6, ""COMPENSATION"": 6}","{""officers_count"": 6, ""sla_breaches"": 2, ""disputes_count"": 3, ""avg_days_per_stage"": 34.4, ""stage_complexity"": 0.3804}"
21e34052-d4c1-450b-b2d5-be4723e692b2,PROJ-1055,2025-03-17T00:00:00+00:00,118.74,101.53,138,118,14,6,345901432.76,69180286.55,"{""SURVEY"": 4, ""VERIFICATION"": 4, ""OBJECTION"": 3, ""AWARD"": 2, ""COMPENSATION"": 2}","{""officers_count"": 11, ""sla_breaches"": 0, ""disputes_count"": 1, ""avg_days_per_stage"": 26.5, ""stage_complexity"": 0.2916}"
edb426ee-b6b2-4bf6-867b-4db85af1282e,PROJ-1055,2025-04-01T00:00:00+00:00,118.74,118.74,138,138,0,7,461201910.35,46120191.03,"{""SURVEY"": 0, ""VERIFICATION"": 0, ""OBJECTION"": 4, ""AWARD"": 0, ""COMPENSATION"": 0}","{""officers_count"": 5, ""sla_breaches"": 2, ""disputes_count"": 3, ""avg_days_per_stage"": 30.8, ""stage_complexity"": 0.2043}"
dddef20e-a61e-4a8a-ba84-6abd7ae057f6,PROJ-1055,2025-04-16T00:00:00+00:00,118.74,118.74,138,138,0,6,461201910.35,46120191.03,"{""SURVEY"": 0, ""VERIFICATION"": 0, ""OBJECTION"": 3, ""AWARD"": 0, ""COMPENSATION"": 0}","{""officers_count"": 11, ""sla_breaches"": 2, ""disputes_count"": 2, ""avg_days_per_stage"": 30.4, ""stage_complexity"": 0.2493}"
1d94eef8-0ac9-4fb2-a96e-881070577dc8,PROJ-1055,2025-05-01T00:00:00+00:00,118.74,118.74,138,138,0,7,461201910.35,46120191.03,"{""SURVEY"": 0, ""VERIFICATION"": 0, ""OBJECTION"": 4, ""AWARD"": 0, ""COMPENSATION"": 0}","{""officers_count"": 12, ""sla_breaches"": 1, ""disputes_count"": 3, ""avg_days_per_stage"": 26.0, ""stage_complexity"": 0.3814}"
de63cc2a-6d96-4003-83ea-0258214dac17,PROJ-1055,2025-05-16T00:00:00+00:00,118.74,118.74,138,138,0,5,461201910.35,46120191.03,"{""SURVEY"": 0, ""VERIFICATION"": 0, ""OBJECTION"": 3, ""AWARD"": 0, ""COMPENSATION"": 0}","{""officers_count"": 5, ""sla_breaches"": 1, ""disputes_count"": 1, ""avg_days_per_stage"": 25.0, ""stage_complexity"": 0.3698}"
18b5e9a2-74ad-452a-be7b-ccaf3f8286ca,PROJ-1056,2025-01-01T00:00:00+00:00,1186.92,30.89,269,7,253,9,878159357.58,5360542992.09,"{""SURVEY"": 75, ""VERIFICATION"": 75, ""OBJECTION"": 5, ""AWARD"": 50, ""COMPENSATION"": 50}","{""officers_count"": 6, ""sla_breaches"": 5, ""disputes_count"": 3, ""avg_days_per_stage"": 64.9, ""stage_complexity"": 0.8337}"
83930fd7-4b40-49d8-a5e7-cd575aa87679,PROJ-1056,2025-01-16T00:00:00+00:00,1186.92,39.71,269,9,248,12,1085500100.66,4954372209.92,"{""SURVEY"": 74, ""VERIFICATION"": 74, ""OBJECTION"": 7, ""AWARD"": 49, ""COMPENSATION"": 49}","{""officers_count"": 3, ""sla_breaches"": 10, ""disputes_count"": 3, ""avg_days_per_stage"": 101.1, ""stage_complexity"": 0.89}"
3a278fa5-c692-4825-8a18-e81de035f324,PROJ-1056,2025-01-31T00:00:00+00:00,1186.92,52.95,269,12,242,15,631525694.51,4237263010.05,"{""SURVEY"": 72, ""VERIFICATION"": 72, ""OBJECTION"": 9, ""AWARD"": 48, ""COMPENSATION"": 48}","{""officers_count"": 6, ""sla_breaches"": 10, ""disputes_count"": 7, ""avg_days_per_stage"": 83.2, ""stage_complexity"": 0.7263}"
1f3e8600-9174-4455-95e1-2d1fcbb819cf,PROJ-1056,2025-02-15T00:00:00+00:00,1186.92,61.77,269,14,238,17,1339398043.13,4740822068.71,"{""SURVEY"": 71, ""VERIFICATION"": 71, ""OBJECTION"": 10, ""AWARD"": 47, ""COMPENSATION"": 47}","{""officers_count"": 5, ""sla_breaches"": 5, ""disputes_count"": 7, ""avg_days_per_stage"": 91.5, ""stage_complexity"": 0.7022}"
c7faf23e-b62e-4b45-a2df-72c0e60e161a,PROJ-1056,2025-03-02T00:00:00+00:00,1186.92,75.01,269,17,232,20,768298786.91,5269643758.97,"{""SURVEY"": 69, ""VERIFICATION"": 69, ""OBJECTION"": 12, ""AWARD"": 46, ""COMPENSATION"": 46}","{""officers_count"": 3, ""sla_breaches"": 7, ""disputes_count"": 7, ""avg_days_per_stage"": 87.8, ""stage_complexity"": 0.7081}"
48ebb87c-0d7d-41ee-b7cc-fc8694a27d9f,PROJ-1056,2025-03-17T00:00:00+00:00,1186.92,101.48,269,23,224,22,717145863.07,4572282445.39,"{""SURVEY"": 67, ""VERIFICATION"": 67, ""OBJECTION"": 13, ""AWARD"": 44, ""COMPENSATION"": 44}","{""officers_count"": 3, ""sla_breaches"": 9, ""disputes_count"": 4, ""avg_days_per_stage"": 64.2, ""stage_complexity"": 0.7931}"
c0e9801a-ab73-41de-b174-fadcb22c87c1,PROJ-1056,2025-04-01T00:00:00+00:00,1186.92,132.37,269,30,214,25,1262045094.59,4141119325.54,"{""SURVEY"": 64, ""VERIFICATION"": 64, ""OBJECTION"": 15, ""AWARD"": 42, ""COMPENSATION"": 42}","{""officers_count"": 5, ""sla_breaches"": 10, ""disputes_count"": 6, ""avg_days_per_stage"": 59.5, ""stage_complexity"": 0.7775}"
38f937ac-073c-4948-ab1c-582d419aa6d8,PROJ-1056,2025-04-16T00:00:00+00:00,1186.92,150.02,269,34,207,28,1524362321.32,4662982784.89,"{""SURVEY"": 62, ""VERIFICATION"": 62, ""OBJECTION"": 16, ""AWARD"": 41, ""COMPENSATION"": 41}","{""officers_count"": 5, ""sla_breaches"": 10, ""disputes_count"": 6, ""avg_days_per_stage"": 86.9, ""stage_complexity"": 0.8131}"
68b47503-f145-4a50-ac18-fe656528cb2e,PROJ-1056,2025-05-01T00:00:00+00:00,1186.92,172.08,269,39,199,31,1466222278.18,4458338954.01,"{""SURVEY"": 59, ""VERIFICATION"": 59, ""OBJECTION"": 18, ""AWARD"": 39, ""COMPENSATION"": 39}","{""officers_count"": 4, ""sla_breaches"": 9, ""disputes_count"": 6, ""avg_days_per_stage"": 64.7, ""stage_complexity"": 0.7128}"
488af92c-49a8-4f4e-9aca-228d094d82c4,PROJ-1056,2025-05-16T00:00:00+00:00,1186.92,198.56,269,45,187,37,508456785.4,4018549355.81,"{""SURVEY"": 56, ""VERIFICATION"": 56, ""OBJECTION"": 22, ""AWARD"": 37, ""COMPENSATION"": 37}","{""officers_count"": 3, ""sla_breaches"": 10, ""disputes_count"": 5, ""avg_days_per_stage"": 107.0, ""stage_complexity"": 0.8132}"
e42d74fb-85aa-4099-8ca7-69c9003aec57,PROJ-1056,2025-05-31T00:00:00+00:00,1186.92,233.85,269,53,174,42,948441989.72,4474130350.07,"{""SURVEY"": 52, ""VERIFICATION"": 52, ""OBJECTION"": 25, ""AWARD"": 34, ""COMPENSATION"": 34}","{""officers_count"": 6, ""sla_breaches"": 10, ""disputes_count"": 5, ""avg_days_per_stage"": 100.2, ""stage_complexity"": 0.8086}"
a58e0f42-7582-480d-a520-05f391ccb3ec,PROJ-1056,2025-06-15T00:00:00+00:00,1186.92,260.33,269,59,163,47,671023359.0,4780693925.16,"{""SURVEY"": 48, ""VERIFICATION"": 48, ""OBJECTION"": 28, ""AWARD"": 32, ""COMPENSATION"": 32}","{""officers_count"": 3, ""sla_breaches"": 9, ""disputes_count"": 3, ""avg_days_per_stage"": 64.5, ""stage_complexity"": 0.8376}"
a1f3af60-1c0a-4b18-911a-4776ce9ad1a1,PROJ-1057,2025-01-01T00:00:00+00:00,982.55,13.87,425,6,413,6,638858877.5,3938269236.9,"{""SURVEY"": 123, ""VERIFICATION"": 123, ""OBJECTION"": 3, ""AWARD"": 82, ""COMPENSATION"": 82}","{""officers_count"": 4, ""sla_breaches"": 8, ""disputes_count"": 4, ""avg_days_per_stage"": 81.8, ""stage_complexity"": 0.7654}"
068f7238-33eb-4bfa-b070-a7c43f91605d,PROJ-1057,2025-01-16T00:00:00+00:00,982.55,23.12,425,10,406,9,771759699.78,3737716958.34,"{""SURVEY"": 121, ""VERIFICATION"": 121, ""OBJECTION"": 5, ""AWARD"": 81, ""COMPENSATION"": 81}","{""officers_count"": 3, ""sla_breaches"": 7, ""disputes_count"": 4, ""avg_days_per_stage"": 107.2, ""stage_complexity"": 0.7549}"
52363913-0776-4bf1-bf13-8a735956bf91,PROJ-1057,2025-01-31T00:00:00+00:00,982.55,36.99,425,16,397,12,576231898.6,2849348527.02,"{""SURVEY"": 119, ""VERIFICATION"": 119, ""OBJECTION"": 7, ""AWARD"": 79, ""COMPENSATION"": 79}","{""officers_count"": 6, ""sla_breaches"": 9, ""disputes_count"": 4, ""avg_days_per_stage"": 59.8, ""stage_complexity"": 0.7411}"
969a8391-fbab-40ce-9bc8-0a4415bf0dca,PROJ-1057,2025-02-15T00:00:00+00:00,982.55,46.24,425,20,387,18,805288845.08,3317804553.6,"{""SURVEY"": 116, ""VERIFICATION"": 116, ""OBJECTION"": 10, ""AWARD"": 77, ""COMPENSATION"": 77}","{""officers_count"": 6, ""sla_breaches"": 5, ""disputes_count"": 7, ""avg_days_per_stage"": 91.2, ""stage_complexity"": 0.7312}"
f0eea264-da57-49a1-bdfd-5ab5f4366f80,PROJ-1057,2025-03-02T00:00:00+00:00,982.55,53.17,425,23,378,24,649387401.52,3078815415.83,"{""SURVEY"": 113, ""VERIFICATION"": 113, ""OBJECTION"": 14, ""AWARD"": 75, ""COMPENSATION"": 75}","{""officers_count"": 6, ""sla_breaches"": 5, ""disputes_count"": 6, ""avg_days_per_stage"": 90.3, ""stage_complexity"": 0.8304}"
8e7b8d60-ac76-4b92-a071-494c8d904308,PROJ-1057,2025-03-17T00:00:00+00:00,982.55,62.42,425,27,370,28,596277911.35,3257133875.39,"{""SURVEY"": 111, ""VERIFICATION"": 111, ""OBJECTION"": 16, ""AWARD"": 74, ""COMPENSATION"": 74}","{""officers_count"": 5, ""sla_breaches"": 9, ""disputes_count"": 6, ""avg_days_per_stage"": 97.2, ""stage_complexity"": 0.8796}"
5f0dd72f-86f4-4bc5-b7ba-de6fe1efa142,PROJ-1057,2025-04-01T00:00:00+00:00,982.55,78.6,425,34,357,34,383802692.21,3957890351.55,"{""SURVEY"": 107, ""VERIFICATION"": 107, ""OBJECTION"": 20, ""AWARD"": 71, ""COMPENSATION"": 71}","{""officers_count"": 4, ""sla_breaches"": 9, ""disputes_count"": 8, ""avg_days_per_stage"": 105.4, ""stage_complexity"": 0.8202}"
6fd17e68-19f2-4eb5-97eb-86ec9d93e294,PROJ-1057,2025-04-16T00:00:00+00:00,982.55,92.48,425,40,345,40,244020428.08,3760631540.3,"{""SURVEY"": 103, ""VERIFICATION"": 103, ""OBJECTION"": 24, ""AWARD"": 69, ""COMPENSATION"": 69}","{""officers_count"": 5, ""sla_breaches"": 9, ""disputes_count"": 7, ""avg_days_per_stage"": 73.7, ""stage_complexity"": 0.7315}"
8c76df46-52a5-43f8-9538-5bdd02940e23,PROJ-1057,2025-05-01T00:00:00+00:00,982.55,108.66,425,47,333,45,812787070.81,3888192954.09,"{""SURVEY"": 99, ""VERIFICATION"": 99, ""OBJECTION"": 27, ""AWARD"": 66, ""COMPENSATION"": 66}","{""officers_count"": 4, ""sla_breaches"": 5, ""disputes_count"": 5, ""avg_days_per_stage"": 56.5, ""stage_complexity"": 0.824}"
82f720ab-0ecf-49bc-a5d3-525c0476fc65,PROJ-1057,2025-05-16T00:00:00+00:00,982.55,122.53,425,53,324,48,305160637.98,3219825254.37,"{""SURVEY"": 97, ""VERIFICATION"": 97, ""OBJECTION"": 28, ""AWARD"": 64, ""COMPENSATION"": 64}","{""officers_count"": 3, ""sla_breaches"": 5, ""disputes_count"": 7, ""avg_days_per_stage"": 81.6, ""stage_complexity"": 0.7767}"
31041b36-36d2-4e30-8d5a-1a4c85ddde2a,PROJ-1057,2025-05-31T00:00:00+00:00,982.55,127.15,425,55,319,51,399687206.78,3228016222.97,"{""SURVEY"": 95, ""VERIFICATION"": 95, ""OBJECTION"": 30, ""AWARD"": 63, ""COMPENSATION"": 63}","{""officers_count"": 4, ""sla_breaches"": 5, ""disputes_count"": 4, ""avg_days_per_stage"": 59.3, ""stage_complexity"": 0.7798}"
4376bfe4-bd76-4fe9-b5bc-573d9f00d50b,PROJ-1057,2025-06-15T00:00:00+00:00,982.55,134.09,425,58,310,57,443405241.85,2980070620.84,"{""SURVEY"": 93, ""VERIFICATION"": 93, ""OBJECTION"": 34, ""AWARD"": 62, ""COMPENSATION"": 62}","{""officers_count"": 4, ""sla_breaches"": 9, ""disputes_count"": 3, ""avg_days_per_stage"": 104.5, ""stage_complexity"": 0.8627}"
00abccd7-7998-4113-991c-3ed557b812c4,PROJ-1057,2025-06-30T00:00:00+00:00,982.55,145.65,425,63,302,60,785029309.36,3617740270.68,"{""SURVEY"": 90, ""VERIFICATION"": 90, ""OBJECTION"": 36, ""AWARD"": 60, ""COMPENSATION"": 60}","{""officers_count"": 3, ""sla_breaches"": 5, ""disputes_count"": 8, ""avg_days_per_stage"": 56.3, ""stage_complexity"": 0.852}"
e5574fe9-b03c-4e8c-9981-f1b3959f5fc9,PROJ-1057,2025-07-15T00:00:00+00:00,982.55,154.9,425,67,293,65,401039353.86,3565499510.61,"{""SURVEY"": 87, ""VERIFICATION"": 87, ""OBJECTION"": 39, ""AWARD"": 58, ""COMPENSATION"": 58}","{""officers_count"": 6, ""sla_breaches"": 7, ""disputes_count"": 7, ""avg_days_per_stage"": 80.9, ""stage_complexity"": 0.7213}"
38e436f5-907f-4b20-9384-a93dd4fa53eb,PROJ-1057,2025-07-30T00:00:00+00:00,982.55,168.77,425,73,281,71,851662355.1,3531681898.45,"{""SURVEY"": 84, ""VERIFICATION"": 84, ""OBJECTION"": 42, ""AWARD"": 56, ""COMPENSATION"": 56}","{""officers_count"": 6, ""sla_breaches"": 7, ""disputes_count"": 3, ""avg_days_per_stage"": 100.9, ""stage_complexity"": 0.7847}"
5721e1ec-6013-4467-b954-910819470514,PROJ-1057,2025-08-14T00:00:00+00:00,982.55,182.64,425,79,273,73,709731306.05,3621651298.82,"{""SURVEY"": 81, ""VERIFICATION"": 81, ""OBJECTION"": 43, ""AWARD"": 54, ""COMPENSATION"": 54}","{""officers_count"": 6, ""sla_breaches"": 9, ""disputes_count"": 3, ""avg_days_per_stage"": 68.6, ""stage_complexity"": 0.8621}"
37f55f59-1533-4ffd-b66e-d0b187a79206,PROJ-1057,2025-08-29T00:00:00+00:00,982.55,194.2,425,84,266,75,354817137.89,3867153468.21,"{""SURVEY"": 79, ""VERIFICATION"": 79, ""OBJECTION"": 45, ""AWARD"": 53, ""COMPENSATION"": 53}","{""officers_count"": 3, ""sla_breaches"": 6, ""disputes_count"": 5, ""avg_days_per_stage"": 67.9, ""stage_complexity"": 0.851}"
da6a765b-acdc-481e-8afe-03892e97e789,PROJ-1057,2025-09-13T00:00:00+00:00,982.55,198.82,425,86,260,79,1077643416.72,3534233472.06,"{""SURVEY"": 78, ""VERIFICATION"": 78, ""OBJECTION"": 47, ""AWARD"": 52, ""COMPENSATION"": 52}","{""officers_count"": 5, ""sla_breaches"": 7, ""disputes_count"": 7, ""avg_days_per_stage"": 108.1, ""stage_complexity"": 0.8789}"
3cbb50bc-b4c6-4557-98fb-7fc0958e55be,PROJ-1058,2025-01-01T00:00:00+00:00,181.86,2.86,700,11,686,2,0.0,146713244.6,"{""SURVEY"": 205, ""VERIFICATION"": 205, ""OBJECTION"": 1, ""AWARD"": 137, ""COMPENSATION"": 137}","{""officers_count"": 12, ""sla_breaches"": 0, ""disputes_count"": 2, ""avg_days_per_stage"": 27.9, ""stage_complexity"": 0.4164}"
36982b60-4852-4172-afbd-301cd21ce6b9,PROJ-1058,2025-01-16T00:00:00+00:00,181.86,11.43,700,44,654,1,24452207.43,141822803.11,"{""SURVEY"": 196, ""VERIFICATION"": 196, ""OBJECTION"": 0, ""AWARD"": 130, ""COMPENSATION"": 130}","{""officers_count"": 6, ""sla_breaches"": 1, ""disputes_count"": 2, ""avg_days_per_stage"": 31.6, ""stage_complexity"": 0.2444}"
76204d36-013f-4841-9af2-b2426fcc48ce,PROJ-1058,2025-01-31T00:00:00+00:00,181.86,20.26,700,78,621,1,73356622.3,132041920.14,"{""SURVEY"": 186, ""VERIFICATION"": 186, ""OBJECTION"": 0, ""AWARD"": 124, ""COMPENSATION"": 124}","{""officers_count"": 10, ""sla_breaches"": 1, ""disputes_count"": 0, ""avg_days_per_stage"": 28.6, ""stage_complexity"": 0.249}"
edab9bac-99b2-4e0f-b967-9160c4ec5d07,PROJ-1058,2025-02-15T00:00:00+00:00,181.86,26.5,700,102,597,0,146713244.6,117370595.68,"{""SURVEY"": 179, ""VERIFICATION"": 179, ""OBJECTION"": 0, ""AWARD"": 119, ""COMPENSATION"": 119}","{""officers_count"": 11, ""sla_breaches"": 1, ""disputes_count"": 2, ""avg_days_per_stage"": 31.8, ""stage_complexity"": 0.2399}"
2d07d836-5714-4262-924c-64d0151375e6,PROJ-1058,2025-03-02T00:00:00+00:00,181.86,35.07,700,135,565,0,244522074.33,97808829.73,"{""SURVEY"": 169, ""VERIFICATION"": 169, ""OBJECTION"": 0, ""AWARD"": 113, ""COMPENSATION"": 113}","{""officers_count"": 12, ""sla_breaches"": 0, ""disputes_count"": 1, ""avg_days_per_stage"": 25.1, ""stage_complexity"": 0.4174}"
bfeebf2c-c17a-4d49-8607-a7251b9e975c,PROJ-1058,2025-03-17T00:00:00+00:00,181.86,40.01,700,154,546,1,366783111.49,73356622.3,"{""SURVEY"": 163, ""VERIFICATION"": 163, ""OBJECTION"": 0, ""AWARD"": 109, ""COMPENSATION"": 109}","{""officers_count"": 6, ""sla_breaches"": 1, ""disputes_count"": 0, ""avg_days_per_stage"": 33.2, ""stage_complexity"": 0.4222}"
d2988d4a-a0ba-41ca-aaac-9924459957a8,PROJ-1058,2025-04-01T00:00:00+00:00,181.86,46.5,700,179,520,0,489044148.65,48904414.87,"{""SURVEY"": 156, ""VERIFICATION"": 156, ""OBJECTION"": 0, ""AWARD"": 104, ""COMPENSATION"": 104}","{""officers_count"": 7, ""sla_breaches"": 2, ""disputes_count"": 3, ""avg_days_per_stage"": 22.5, ""stage_complexity"": 0.4328}"
dc5eb0e1-e49f-49b8-8708-e6ab1f3df22b,PROJ-1058,2025-04-16T00:00:00+00:00,181.86,52.48,700,202,498,0,489044148.65,48904414.87,"{""SURVEY"": 149, ""VERIFICATION"": 149, ""OBJECTION"": 0, ""AWARD"": 99, ""COMPENSATION"": 99}","{""officers_count"": 8, ""sla_breaches"": 2, ""disputes_count"": 3, ""avg_days_per_stage"": 31.9, ""stage_complexity"": 0.209}"
e6c2fe40-4b49-45b0-980c-b034a67d943e,PROJ-1058,2025-05-01T00:00:00+00:00,181.86,55.08,700,212,488,0,489044148.65,48904414.87,"{""SURVEY"": 146, ""VERIFICATION"": 146, ""OBJECTION"": 0, ""AWARD"": 97, ""COMPENSATION"": 97}","{""officers_count"": 6, ""sla_breaches"": 2, ""disputes_count"": 0, ""avg_days_per_stage"": 16.3, ""stage_complexity"": 0.3448}"
391f1ece-e214-4bd2-84f4-4a463a3028b8,PROJ-1058,2025-05-16T00:00:00+00:00,181.86,63.39,700,244,456,1,489044148.65,48904414.87,"{""SURVEY"": 136, ""VERIFICATION"": 136, ""OBJECTION"": 0, ""AWARD"": 91, ""COMPENSATION"": 91}","{""officers_count"": 10, ""sla_breaches"": 0, ""disputes_count"": 0, ""avg_days_per_stage"": 22.9, ""stage_complexity"": 0.4329}"
ab69ab23-d392-4574-87e0-90aa27066d4d,PROJ-1058,2025-05-31T00:00:00+00:00,181.86,66.25,700,255,444,0,489044148.65,48904414.87,"{""SURVEY"": 133, ""VERIFICATION"": 133, ""OBJECTION"": 0, ""AWARD"": 88, ""COMPENSATION"": 88}","{""officers_count"": 11, ""sla_breaches"": 1, ""disputes_count"": 3, ""avg_days_per_stage"": 25.8, ""stage_complexity"": 0.2678}"
fea17a24-5a72-4ebe-bcfb-059835613122,PROJ-1058,2025-06-15T00:00:00+00:00,181.86,75.08,700,289,411,0,489044148.65,48904414.87,"{""SURVEY"": 123, ""VERIFICATION"": 123, ""OBJECTION"": 0, ""AWARD"": 82, ""COMPENSATION"": 82}","{""officers_count"": 8, ""sla_breaches"": 0, ""disputes_count"": 0, ""avg_days_per_stage"": 34.4, ""stage_complexity"": 0.2255}"
889b9fbf-6cf1-477f-8446-0f99c6cf2ff2,PROJ-1058,2025-06-30T00:00:00+00:00,181.86,79.24,700,305,395,0,489044148.65,48904414.87,"{""SURVEY"": 118, ""VERIFICATION"": 118, ""OBJECTION"": 0, ""AWARD"": 79, ""COMPENSATION"": 79}","{""officers_count"": 12, ""sla_breaches"": 0, ""disputes_count"": 0, ""avg_days_per_stage"": 26.5, ""stage_complexity"": 0.214}"
cc9b9df9-d8f9-44b1-9030-e72746cd2e75,PROJ-1059,2025-01-01T00:00:00+00:00,1057.47,10.86,584,6,563,15,1418294985.9,4556148911.57,"{""SURVEY"": 168, ""VERIFICATION"": 168, ""OBJECTION"": 9, ""AWARD"": 112, ""COMPENSATION"": 112}","{""officers_count"": 5, ""sla_breaches"": 10, ""disputes_count"": 20, ""avg_days_per_stage"": 83.3, ""stage_complexity"": 0.8274}"
441e1ff5-a5f9-45a6-81b6-5fa4ee4ae2cb,PROJ-1059,2025-01-16T00:00:00+00:00,1057.47,12.68,584,7,554,23,974341354.12,4602800458.82,"{""SURVEY"": 166, ""VERIFICATION"": 166, ""OBJECTION"": 13, ""AWARD"": 110, ""COMPENSATION"": 110}","{""officers_count"": 4, ""sla_breaches"": 8, ""disputes_count"": 32, ""avg_days_per_stage"": 100.1, ""stage_complexity"": 0.9118}"
90a60dfd-17f2-4c72-ae45-eef40b529f5e,PROJ-1059,2025-01-31T00:00:00+00:00,1057.47,14.49,584,8,543,33,1292889046.71,4416674391.89,"{""SURVEY"": 162, ""VERIFICATION"": 162, ""OBJECTION"": 19, ""AWARD"": 108, ""COMPENSATION"": 108}","{""officers_count"": 5, ""sla_breaches"": 9, ""disputes_count"": 36, ""avg_days_per_stage"": 70.4, ""stage_complexity"": 0.9314}"
c4ce3b0d-8433-491a-9180-a2ba1b01b340,PROJ-1059,2025-02-15T00:00:00+00:00,1057.47,25.35,584,14,533,37,1199045343.64,3731316268.67,"{""SURVEY"": 159, ""VERIFICATION"": 159, ""OBJECTION"": 22, ""AWARD"": 106, ""COMPENSATION"": 106}","{""officers_count"": 5, ""sla_breaches"": 10, ""disputes_count"": 47, ""avg_days_per_stage"": 88.6, ""stage_complexity"": 0.8032}"
3f7ad58c-efc3-4df3-a0d3-c6686b244239,PROJ-1059,2025-03-02T00:00:00+00:00,1057.47,27.16,584,15,527,42,1622770136.84,2912760596.37,"{""SURVEY"": 158, ""VERIFICATION"": 158, ""OBJECTION"": 25, ""AWARD"": 105, ""COMPENSATION"": 105}","{""officers_count"": 3, ""sla_breaches"": 5, ""disputes_count"": 49, ""avg_days_per_stage"": 74.7, ""stage_complexity"": 0.777}"
a5e92383-5c30-43ec-8847-5df1fd2c37b8,PROJ-1060,2025-01-01T00:00:00+00:00,915.05,43.51,736,35,696,5,0.0,1617577232.3,"{""SURVEY"": 208, ""VERIFICATION"": 208, ""OBJECTION"": 3, ""AWARD"": 139, ""COMPENSATION"": 139}","{""officers_count"": 10, ""sla_breaches"": 1, ""disputes_count"": 3, ""avg_days_per_stage"": 16.1, ""stage_complexity"": 0.3764}"
ce4d215c-fc11-455f-809e-bf922f3b8cc1,PROJ-1060,2025-01-16T00:00:00+00:00,915.05,58.43,736,47,684,4,269596205.38,1563657991.23,"{""SURVEY"": 205, ""VERIFICATION"": 205, ""OBJECTION"": 2, ""AWARD"": 136, ""COMPENSATION"": 136}","{""officers_count"": 6, ""sla_breaches"": 0, ""disputes_count"": 3, ""avg_days_per_stage"": 23.9, ""stage_complexity"": 0.3362}"
6a2c7466-e99c-45ed-8320-7b1d7176d34f,PROJ-1060,2025-01-31T00:00:00+00:00,915.05,73.35,736,59,673,5,808788616.15,1455819509.07,"{""SURVEY"": 201, ""VERIFICATION"": 201, ""OBJECTION"": 3, ""AWARD"": 134, ""COMPENSATION"": 134}","{""officers_count"": 5, ""sla_breaches"": 0, ""disputes_count"": 3, ""avg_days_per_stage"": 17.1, ""stage_complexity"": 0.2337}"
e30b603b-8bf5-4983-b92e-8781d71ade02,PROJ-1060,2025-02-15T00:00:00+00:00,915.05,93.25,736,75,656,4,1617577232.3,1294061785.84,"{""SURVEY"": 196, ""VERIFICATION"": 196, ""OBJECTION"": 2, ""AWARD"": 131, ""COMPENSATION"": 131}","{""officers_count"": 10, ""sla_breaches"": 2, ""disputes_count"": 2, ""avg_days_per_stage"": 19.4, ""stage_complexity"": 0.3783}"
f64ef13e-d64c-4efb-ab7d-d4c9d1020c8b,PROJ-1060,2025-03-02T00:00:00+00:00,915.05,121.84,736,98,634,3,2695962053.84,1078384821.54,"{""SURVEY"": 190, ""VERIFICATION"": 190, ""OBJECTION"": 1, ""AWARD"": 126, ""COMPENSATION"": 126}","{""officers_count"": 11, ""sla_breaches"": 2, ""disputes_count"": 2, ""avg_days_per_stage"": 29.4, ""stage_complexity"": 0.2652}"
e620a3fe-b37c-4942-b467-7e49935580f1,PROJ-1060,2025-03-17T00:00:00+00:00,915.05,160.38,736,129,604,3,4043943080.76,808788616.15,"{""SURVEY"": 181, ""VERIFICATION"": 181, ""OBJECTION"": 1, ""AWARD"": 120, ""COMPENSATION"": 120}","{""officers_count"": 11, ""sla_breaches"": 1, ""disputes_count"": 2, ""avg_days_per_stage"": 16.6, ""stage_complexity"": 0.4117}"
b9f74bc0-aabf-45a8-91de-4d81ef00bce2,PROJ-1060,2025-04-01T00:00:00+00:00,915.05,186.49,736,150,583,2,5391924107.68,539192410.77,"{""SURVEY"": 174, ""VERIFICATION"": 174, ""OBJECTION"": 1, ""AWARD"": 116, ""COMPENSATION"": 116}","{""officers_count"": 5, ""sla_breaches"": 0, ""disputes_count"": 1, ""avg_days_per_stage"": 29.4, ""stage_complexity"": 0.3432}"
fa7b6440-e868-4503-a04a-b786af5d8701,PROJ-1060,2025-04-16T00:00:00+00:00,915.05,205.14,736,165,569,1,5391924107.68,539192410.77,"{""SURVEY"": 170, ""VERIFICATION"": 170, ""OBJECTION"": 0, ""AWARD"": 113, ""COMPENSATION"": 113}","{""officers_count"": 12, ""sla_breaches"": 1, ""disputes_count"": 1, ""avg_days_per_stage"": 25.5, ""stage_complexity"": 0.2098}"
6ffd2280-08bd-4806-ab7a-2b806ac1d114,PROJ-1060,2025-05-01T00:00:00+00:00,915.05,243.68,736,196,539,0,5391924107.68,539192410.77,"{""SURVEY"": 161, ""VERIFICATION"": 161, ""OBJECTION"": 0, ""AWARD"": 107, ""COMPENSATION"": 107}","{""officers_count"": 12, ""sla_breaches"": 1, ""disputes_count"": 1, ""avg_days_per_stage"": 21.3, ""stage_complexity"": 0.285}"
eb38bd96-ee2d-49fa-abee-04ee0b29e410,PROJ-1060,2025-05-16T00:00:00+00:00,915.05,268.55,736,216,520,0,5391924107.68,539192410.77,"{""SURVEY"": 156, ""VERIFICATION"": 156, ""OBJECTION"": 0, ""AWARD"": 104, ""COMPENSATION"": 104}","{""officers_count"": 12, ""sla_breaches"": 2, ""disputes_count"": 1, ""avg_days_per_stage"": 15.9, ""stage_complexity"": 0.4085}"
70d2d744-c32c-46ac-bf72-9e4566d6a63d,PROJ-1060,2025-05-31T00:00:00+00:00,915.05,312.06,736,251,485,0,5391924107.68,539192410.77,"{""SURVEY"": 145, ""VERIFICATION"": 145, ""OBJECTION"": 0, ""AWARD"": 97, ""COMPENSATION"": 97}","{""officers_count"": 7, ""sla_breaches"": 2, ""disputes_count"": 0, ""avg_days_per_stage"": 32.9, ""stage_complexity"": 0.293}"
7fb30bba-a616-45fa-bec2-db7ae12944a6,PROJ-1060,2025-06-15T00:00:00+00:00,915.05,341.9,736,275,461,0,5391924107.68,539192410.77,"{""SURVEY"": 138, ""VERIFICATION"": 138, ""OBJECTION"": 0, ""AWARD"": 92, ""COMPENSATION"": 92}","{""officers_count"": 6, ""sla_breaches"": 0, ""disputes_count"": 3, ""avg_days_per_stage"": 20.3, ""stage_complexity"": 0.3312}"
ed218839-2a03-46d1-827f-859d2c7cee61,PROJ-1060,2025-06-30T00:00:00+00:00,915.05,370.5,736,298,438,0,5391924107.68,539192410.77,"{""SURVEY"": 131, ""VERIFICATION"": 131, ""OBJECTION"": 0, ""AWARD"": 87, ""COMPENSATION"": 87}","{""officers_count"": 12, ""sla_breaches"": 1, ""disputes_count"": 1, ""avg_days_per_stage"": 24.9, ""stage_complexity"": 0.2736}"
e477a5e1-e2d5-417b-ae9a-07e053674127,PROJ-1060,2025-07-15T00:00:00+00:00,915.05,402.82,736,324,412,1,5391924107.68,539192410.77,"{""SURVEY"": 123, ""VERIFICATION"": 123, ""OBJECTION"": 0, ""AWARD"": 82, ""COMPENSATION"": 82}","{""officers_count"": 10, ""sla_breaches"": 0, ""disputes_count"": 2, ""avg_days_per_stage"": 25.3, ""stage_complexity"": 0.244}"
f504c3d6-5ed7-4814-9618-15a191894289,PROJ-1060,2025-07-30T00:00:00+00:00,915.05,442.61,736,356,379,2,5391924107.68,539192410.77,"{""SURVEY"": 113, ""VERIFICATION"": 113, ""OBJECTION"": 1, ""AWARD"": 75, ""COMPENSATION"": 75}","{""officers_count"": 5, ""sla_breaches"": 2, ""disputes_count"": 0, ""avg_days_per_stage"": 18.6, ""stage_complexity"": 0.3652}"
674ffddc-efba-4dbb-98f4-f8eddd79f594,PROJ-1061,2025-01-01T00:00:00+00:00,856.23,1.61,532,1,518,13,743875121.19,1536477010.68,"{""SURVEY"": 155, ""VERIFICATION"": 155, ""OBJECTION"": 7, ""AWARD"": 103, ""COMPENSATION"": 103}","{""officers_count"": 4, ""sla_breaches"": 9, ""disputes_count"": 15, ""avg_days_per_stage"": 89.2, ""stage_complexity"": 0.9284}"
f0233666-3850-4d2f-a4e6-53244ef5a35a,PROJ-1061,2025-01-16T00:00:00+00:00,856.23,9.66,532,6,506,20,539002831.49,1259926290.0,"{""SURVEY"": 151, ""VERIFICATION"": 151, ""OBJECTION"": 12, ""AWARD"": 101, ""COMPENSATION"": 101}","{""officers_count"": 5, ""sla_breaches"": 10, ""disputes_count"": 27, ""avg_days_per_stage"": 119.7, ""stage_complexity"": 0.9474}"
7921246e-ee6b-455f-8191-55b710822f3e,PROJ-1061,2025-01-31T00:00:00+00:00,856.23,11.27,532,7,496,29,346236492.82,2112869792.04,"{""SURVEY"": 148, ""VERIFICATION"": 148, ""OBJECTION"": 17, ""AWARD"": 99, ""COMPENSATION"": 99}","{""officers_count"": 5, ""sla_breaches"": 10, ""disputes_count"": 39, ""avg_days_per_stage"": 68.9, ""stage_complexity"": 0.9389}"
1b36daf1-118f-426a-b4ef-cda076c3d847,PROJ-1061,2025-02-15T00:00:00+00:00,856.23,12.88,532,8,490,34,621826660.09,1577484475.18,"{""SURVEY"": 147, ""VERIFICATION"": 147, ""OBJECTION"": 20, ""AWARD"": 98, ""COMPENSATION"": 98}","{""officers_count"": 5, ""sla_breaches"": 6, ""disputes_count"": 39, ""avg_days_per_stage"": 119.9, ""stage_complexity"": 0.7662}"
332c73cc-3911-40ce-9a60-ee6273807657,PROJ-1061,2025-03-02T00:00:00+00:00,856.23,19.31,532,12,480,40,460718087.05,1425629393.5,"{""SURVEY"": 144, ""VERIFICATION"": 144, ""OBJECTION"": 24, ""AWARD"": 96, ""COMPENSATION"": 96}","{""officers_count"": 3, ""sla_breaches"": 5, ""disputes_count"": 43, ""avg_days_per_stage"": 72.4, ""stage_complexity"": 0.7567}"
25d3be6d-976f-4a5a-aad7-d7eaa175a7a1,PROJ-1061,2025-03-17T00:00:00+00:00,856.23,25.75,532,16,466,50,347694254.34,2060680200.33,"{""SURVEY"": 139, ""VERIFICATION"": 139, ""OBJECTION"": 30, ""AWARD"": 93, ""COMPENSATION"": 93}","{""officers_count"": 4, ""sla_breaches"": 9, ""disputes_count"": 56, ""avg_days_per_stage"": 80.7, ""stage_complexity"": 0.8409}"
fe295e88-69f0-40f9-9a26-cb79c1594eb9,PROJ-1061,2025-04-01T00:00:00+00:00,856.23,28.97,532,18,458,56,730572813.18,1942191952.95,"{""SURVEY"": 137, ""VERIFICATION"": 137, ""OBJECTION"": 33, ""AWARD"": 91, ""COMPENSATION"": 91}","{""officers_count"": 4, ""sla_breaches"": 11, ""disputes_count"": 59, ""avg_days_per_stage"": 112.8, ""stage_complexity"": 0.8699}"
3667a06c-7004-46b9-8915-ca3bdac0dd15,PROJ-1061,2025-04-16T00:00:00+00:00,856.23,33.8,532,21,451,60,805353509.06,2350804251.07,"{""SURVEY"": 135, ""VERIFICATION"": 135, ""OBJECTION"": 36, ""AWARD"": 90, ""COMPENSATION"": 90}","{""officers_count"": 5, ""sla_breaches"": 8, ""disputes_count"": 68, ""avg_days_per_stage"": 117.0, ""stage_complexity"": 0.8805}"
35daad7f-a599-4a39-b6a1-b20ca69826c9,PROJ-1061,2025-05-01T00:00:00+00:00,856.23,41.85,532,26,438,68,448250574.77,1746402409.88,"{""SURVEY"": 131, ""VERIFICATION"": 131, ""OBJECTION"": 40, ""AWARD"": 87, ""COMPENSATION"": 87}","{""officers_count"": 4, ""sla_breaches"": 4, ""disputes_count"": 76, ""avg_days_per_stage"": 88.5, ""stage_complexity"": 0.9265}"
059e2c3a-fd22-4d05-89ff-9bd7d248d11a,PROJ-1061,2025-05-16T00:00:00+00:00,856.23,45.06,532,28,427,77,572638436.9,2079049299.44,"{""SURVEY"": 128, ""VERIFICATION"": 128, ""OBJECTION"": 46, ""AWARD"": 85, ""COMPENSATION"": 85}","{""officers_count"": 4, ""sla_breaches"": 7, ""disputes_count"": 83, ""avg_days_per_stage"": 76.3, ""stage_complexity"": 0.7524}"
b6497fbf-7689-4669-b195-4b70bac2b861,PROJ-1061,2025-05-31T00:00:00+00:00,856.23,49.89,532,31,413,88,593186697.87,2157051957.53,"{""SURVEY"": 123, ""VERIFICATION"": 123, ""OBJECTION"": 52, ""AWARD"": 82, ""COMPENSATION"": 82}","{""officers_count"": 3, ""sla_breaches"": 7, ""disputes_count"": 96, ""avg_days_per_stage"": 83.3, ""stage_complexity"": 0.7937}"
4ded8511-03eb-4dff-bf0c-a6fcb56b3860,PROJ-1061,2025-06-15T00:00:00+00:00,856.23,59.55,532,37,397,98,373952824.68,1686640305.3,"{""SURVEY"": 119, ""VERIFICATION"": 119, ""OBJECTION"": 58, ""AWARD"": 79, ""COMPENSATION"": 79}","{""officers_count"": 3, ""sla_breaches"": 9, ""disputes_count"": 103, ""avg_days_per_stage"": 88.0, ""stage_complexity"": 0.7617}"
3bd6c0e3-708d-4147-af55-b1813eb43b27,PROJ-1061,2025-06-30T00:00:00+00:00,856.23,64.38,532,40,385,107,310972929.81,2211503002.34,"{""SURVEY"": 115, ""VERIFICATION"": 115, ""OBJECTION"": 64, ""AWARD"": 77, ""COMPENSATION"": 77}","{""officers_count"": 2, ""sla_breaches"": 5, ""disputes_count"": 113, ""avg_days_per_stage"": 122.8, ""stage_complexity"": 0.9327}"
d2093219-53ec-45f4-bcaa-239340f3b809,PROJ-1061,2025-07-15T00:00:00+00:00,856.23,65.99,532,41,379,112,347903259.46,2296982462.27,"{""SURVEY"": 113, ""VERIFICATION"": 113, ""OBJECTION"": 67, ""AWARD"": 75, ""COMPENSATION"": 75}","{""officers_count"": 3, ""sla_breaches"": 4, ""disputes_count"": 119, ""avg_days_per_stage"": 87.6, ""stage_complexity"": 0.8038}"
f4456181-b422-4f94-94cd-c3bebffccc77,PROJ-1061,2025-07-30T00:00:00+00:00,856.23,72.43,532,45,368,119,420756829.07,2355558757.96,"{""SURVEY"": 110, ""VERIFICATION"": 110, ""OBJECTION"": 71, ""AWARD"": 73, ""COMPENSATION"": 73}","{""officers_count"": 5, ""sla_breaches"": 4, ""disputes_count"": 126, ""avg_days_per_stage"": 81.3, ""stage_complexity"": 0.7738}"
7ff31bba-6232-4daa-a200-b4e00c053e8d,PROJ-1061,2025-08-14T00:00:00+00:00,856.23,82.08,532,51,356,125,903864658.73,1890110550.89,"{""SURVEY"": 106, ""VERIFICATION"": 106, ""OBJECTION"": 75, ""AWARD"": 71, ""COMPENSATION"": 71}","{""officers_count"": 4, ""sla_breaches"": 11, ""disputes_count"": 130, ""avg_days_per_stage"": 99.4, ""stage_complexity"": 0.8191}"
b3c549b3-2dc4-45b5-9a09-2a27ad297b0b,PROJ-1062,2025-01-01T00:00:00+00:00,235.19,8.4,196,7,185,4,240078083.38,931896641.69,"{""SURVEY"": 55, ""VERIFICATION"": 55, ""OBJECTION"": 2, ""AWARD"": 37, ""COMPENSATION"": 37}","{""officers_count"": 3, ""sla_breaches"": 10, ""disputes_count"": 6, ""avg_days_per_stage"": 106.3, ""stage_complexity"": 0.8076}"
c971b834-5051-45eb-9eec-824d1a770122,PROJ-1062,2025-01-16T00:00:00+00:00,235.19,14.4,196,12,175,9,133009050.94,1039064721.51,"{""SURVEY"": 52, ""VERIFICATION"": 52, ""OBJECTION"": 5, ""AWARD"": 35, ""COMPENSATION"": 35}","{""officers_count"": 6, ""sla_breaches"": 7, ""disputes_count"": 8, ""avg_days_per_stage"": 60.6, ""stage_complexity"": 0.714}"
6f7837b4-303b-40d9-8e25-cb649ee5acab,PROJ-1062,2025-01-31T00:00:00+00:00,235.19,18.0,196,15,169,12,292273007.21,1027146824.01,"{""SURVEY"": 50, ""VERIFICATION"": 50, ""OBJECTION"": 7, ""AWARD"": 33, ""COMPENSATION"": 33}","{""officers_count"": 5, ""sla_breaches"": 8, ""disputes_count"": 6, ""avg_days_per_stage"": 56.5, ""stage_complexity"": 0.7277}"
8b466462-668f-4478-9235-3f8683f2bbe0,PROJ-1062,2025-02-15T00:00:00+00:00,235.19,21.6,196,18,164,14,229045901.17,858683202.6,"{""SURVEY"": 49, ""VERIFICATION"": 49, ""OBJECTION"": 8, ""AWARD"": 32, ""COMPENSATION"": 32}","{""officers_count"": 6, ""sla_breaches"": 8, ""disputes_count"": 8, ""avg_days_per_stage"": 57.8, ""stage_complexity"": 0.7585}"
607a936f-0cec-4ba3-9c03-a61cbf46b17e,PROJ-1062,2025-03-02T00:00:00+00:00,235.19,31.2,196,26,152,18,167235419.88,784556531.43,"{""SURVEY"": 45, ""VERIFICATION"": 45, ""OBJECTION"": 10, ""AWARD"": 30, ""COMPENSATION"": 30}","{""officers_count"": 3, ""sla_breaches"": 8, ""disputes_count"": 5, ""avg_days_per_stage"": 62.3, ""stage_complexity"": 0.7285}"
e96433a8-fc27-4dd7-b5f4-b632ff77ef1a,PROJ-1062,2025-03-17T00:00:00+00:00,235.19,38.4,196,32,141,23,110005588.13,1056958982.3,"{""SURVEY"": 42, ""VERIFICATION"": 42, ""OBJECTION"": 13, ""AWARD"": 28, ""COMPENSATION"": 28}","{""officers_count"": 5, ""sla_breaches"": 6, ""disputes_count"": 8, ""avg_days_per_stage"": 109.6, ""stage_complexity"": 0.7607}"
c9e65e7d-4944-4e93-84c4-a9b9d634d6a1,PROJ-1062,2025-04-01T00:00:00+00:00,235.19,42.0,196,35,135,26,261398069.59,950557759.74,"{""SURVEY"": 40, ""VERIFICATION"": 40, ""OBJECTION"": 15, ""AWARD"": 27, ""COMPENSATION"": 27}","{""officers_count"": 4, ""sla_breaches"": 10, ""disputes_count"": 6, ""avg_days_per_stage"": 56.4, ""stage_complexity"": 0.7069}"
576d976d-b035-49a1-a90d-7312803f1d13,PROJ-1062,2025-04-16T00:00:00+00:00,235.19,49.2,196,41,125,30,164001947.42,1054588894.1,"{""SURVEY"": 37, ""VERIFICATION"": 37, ""OBJECTION"": 18, ""AWARD"": 25, ""COMPENSATION"": 25}","{""officers_count"": 6, ""sla_breaches"": 5, ""disputes_count"": 8, ""avg_days_per_stage"": 68.7, ""stage_complexity"": 0.8063}"
76f5b546-8bff-4e49-8718-8db1a4239fbe,PROJ-1062,2025-05-01T00:00:00+00:00,235.19,57.6,196,48,112,36,223967638.44,1085083615.16,"{""SURVEY"": 33, ""VERIFICATION"": 33, ""OBJECTION"": 21, ""AWARD"": 22, ""COMPENSATION"": 22}","{""officers_count"": 3, ""sla_breaches"": 8, ""disputes_count"": 6, ""avg_days_per_stage"": 100.8, ""stage_complexity"": 0.72}"
da09f59a-fc91-4bf1-aa19-8f4674d2ea93,PROJ-1062,2025-05-16T00:00:00+00:00,235.19,60.0,196,50,104,42,134562762.57,919356463.16,"{""SURVEY"": 31, ""VERIFICATION"": 31, ""OBJECTION"": 25, ""AWARD"": 20, ""COMPENSATION"": 20}","{""officers_count"": 3, ""sla_breaches"": 7, ""disputes_count"": 4, ""avg_days_per_stage"": 57.0, ""stage_complexity"": 0.8634}"
c20d7f00-7f62-41f5-b491-4bf67adc7e6a,PROJ-1063,2025-01-01T00:00:00+00:00,269.4,5.1,792,15,772,3,0.0,399422540.45,"{""SURVEY"": 231, ""VERIFICATION"": 231, ""OBJECTION"": 1, ""AWARD"": 154, ""COMPENSATION"": 154}","{""officers_count"": 9, ""sla_breaches"": 0, ""disputes_count"": 0, ""avg_days_per_stage"": 26.5, ""stage_complexity"": 0.2497}"
3ac85199-9f95-455a-8457-2f38c34cc67f,PROJ-1063,2025-01-16T00:00:00+00:00,269.4,11.57,792,34,755,3,66570423.41,386108455.77,"{""SURVEY"": 226, ""VERIFICATION"": 226, ""OBJECTION"": 1, ""AWARD"": 151, ""COMPENSATION"": 151}","{""officers_count"": 11, ""sla_breaches"": 1, ""disputes_count"": 2, ""avg_days_per_stage"": 15.8, ""stage_complexity"": 0.3057}"
1cc07701-8f80-418a-9f9e-5e24dcc88582,PROJ-1063,2025-01-31T00:00:00+00:00,269.4,16.33,792,48,741,1,199711270.23,359480286.41,"{""SURVEY"": 222, ""VERIFICATION"": 222, ""OBJECTION"": 0, ""AWARD"": 148, ""COMPENSATION"": 148}","{""officers_count"": 5, ""sla_breaches"": 0, ""disputes_count"": 0, ""avg_days_per_stage"": 16.2, ""stage_complexity"": 0.3725}"
bf582268-05ee-4ff3-af81-1eb585a43c67,PROJ-1063,2025-02-15T00:00:00+00:00,269.4,20.41,792,60,731,0,399422540.45,319538032.36,"{""SURVEY"": 219, ""VERIFICATION"": 219, ""OBJECTION"": 0, ""AWARD"": 146, ""COMPENSATION"": 146}","{""officers_count"": 6, ""sla_breaches"": 0, ""disputes_count"": 3, ""avg_days_per_stage"": 17.4, ""stage_complexity"": 0.3625}"
34f5793f-903b-42e7-8893-1e556d06fe51,PROJ-1063,2025-03-02T00:00:00+00:00,269.4,30.61,792,90,702,1,665704234.09,266281693.63,"{""SURVEY"": 210, ""VERIFICATION"": 210, ""OBJECTION"": 0, ""AWARD"": 140, ""COMPENSATION"": 140}","{""officers_count"": 10, ""sla_breaches"": 2, ""disputes_count"": 2, ""avg_days_per_stage"": 16.6, ""stage_complexity"": 0.407}"
86f44479-10ca-4fe5-9cb7-d6096902f560,PROJ-1063,2025-03-17T00:00:00+00:00,269.4,41.5,792,122,669,2,998556351.13,199711270.23,"{""SURVEY"": 200, ""VERIFICATION"": 200, ""OBJECTION"": 1, ""AWARD"": 133, ""COMPENSATION"": 133}","{""officers_count"": 8, ""sla_breaches"": 0, ""disputes_count"": 3, ""avg_days_per_stage"": 18.5, ""stage_complexity"": 0.2026}"
a12e1e8a-ab94-4cf0-9248-b42ba99dadc3,PROJ-1063,2025-04-01T00:00:00+00:00,269.4,48.64,792,143,647,2,1331408468.17,133140846.82,"{""SURVEY"": 194, ""VERIFICATION"": 194, ""OBJECTION"": 1, ""AWARD"": 129, ""COMPENSATION"": 129}","{""officers_count"": 11, ""sla_breaches"": 1, ""disputes_count"": 1, ""avg_days_per_stage"": 18.0, ""stage_complexity"": 0.2572}"
a57a5c5d-99f0-4961-834b-08a47468f90e,PROJ-1063,2025-04-16T00:00:00+00:00,269.4,55.78,792,164,626,3,1331408468.17,133140846.82,"{""SURVEY"": 187, ""VERIFICATION"": 187, ""OBJECTION"": 1, ""AWARD"": 125, ""COMPENSATION"": 125}","{""officers_count"": 6, ""sla_breaches"": 0, ""disputes_count"": 0, ""avg_days_per_stage"": 31.3, ""stage_complexity"": 0.2575}"
e6f12e16-929d-420f-9a54-6e4aeb2a2dd8,PROJ-1063,2025-05-01T00:00:00+00:00,269.4,67.01,792,197,592,3,1331408468.17,133140846.82,"{""SURVEY"": 177, ""VERIFICATION"": 177, ""OBJECTION"": 1, ""AWARD"": 118, ""COMPENSATION"": 118}","{""officers_count"": 9, ""sla_breaches"": 1, ""disputes_count"": 1, ""avg_days_per_stage"": 24.2, ""stage_complexity"": 0.2763}"
b4ca3b22-a6ba-4c23-98a9-11935abc208d,PROJ-1063,2025-05-16T00:00:00+00:00,269.4,77.89,792,229,560,3,1331408468.17,133140846.82,"{""SURVEY"": 168, ""VERIFICATION"": 168, ""OBJECTION"": 1, ""AWARD"": 112, ""COMPENSATION"": 112}","{""officers_count"": 9, ""sla_breaches"": 0, ""disputes_count"": 0, ""avg_days_per_stage"": 15.4, ""stage_complexity"": 0.2345}"
3618bdd2-8a61-4448-80f7-9d3d3da6c184,PROJ-1063,2025-05-31T00:00:00+00:00,269.4,88.1,792,259,530,1,1331408468.17,133140846.82,"{""SURVEY"": 159, ""VERIFICATION"": 159, ""OBJECTION"": 0, ""AWARD"": 106, ""COMPENSATION"": 106}","{""officers_count"": 7, ""sla_breaches"": 2, ""disputes_count"": 1, ""avg_days_per_stage"": 25.8, ""stage_complexity"": 0.206}"
34de1e74-4f5a-4fb5-9697-c9355fa94f40,PROJ-1063,2025-06-15T00:00:00+00:00,269.4,92.86,792,273,518,2,1331408468.17,133140846.82,"{""SURVEY"": 155, ""VERIFICATION"": 155, ""OBJECTION"": 1, ""AWARD"": 103, ""COMPENSATION"": 103}","{""officers_count"": 12, ""sla_breaches"": 1, ""disputes_count"": 3, ""avg_days_per_stage"": 32.1, ""stage_complexity"": 0.3604}"
2c50004e-c64d-40f8-90e1-ebfde9c7a20c,PROJ-1063,2025-06-30T00:00:00+00:00,269.4,100.34,792,295,495,2,1331408468.17,133140846.82,"{""SURVEY"": 148, ""VERIFICATION"": 148, ""OBJECTION"": 1, ""AWARD"": 99, ""COMPENSATION"": 99}","{""officers_count"": 7, ""sla_breaches"": 2, ""disputes_count"": 2, ""avg_days_per_stage"": 20.3, ""stage_complexity"": 0.2616}"
0df75496-e69d-4786-910a-2e7a9c8927a4,PROJ-1063,2025-07-15T00:00:00+00:00,269.4,106.47,792,313,477,2,1331408468.17,133140846.82,"{""SURVEY"": 143, ""VERIFICATION"": 143, ""OBJECTION"": 1, ""AWARD"": 95, ""COMPENSATION"": 95}","{""officers_count"": 11, ""sla_breaches"": 0, ""disputes_count"": 1, ""avg_days_per_stage"": 33.5, ""stage_complexity"": 0.2021}"
ed1ab557-5fa8-4e40-9bbd-277dff5b7c41,PROJ-1063,2025-07-30T00:00:00+00:00,269.4,117.35,792,345,445,2,1331408468.17,133140846.82,"{""SURVEY"": 133, ""VERIFICATION"": 133, ""OBJECTION"": 1, ""AWARD"": 89, ""COMPENSATION"": 89}","{""officers_count"": 7, ""sla_breaches"": 2, ""disputes_count"": 0, ""avg_days_per_stage"": 31.8, ""stage_complexity"": 0.2512}"
535d696c-0acb-4781-9ee8-8f62b5d62742,PROJ-1063,2025-08-14T00:00:00+00:00,269.4,121.09,792,356,434,3,1331408468.17,133140846.82,"{""SURVEY"": 130, ""VERIFICATION"": 130, ""OBJECTION"": 1, ""AWARD"": 86, ""COMPENSATION"": 86}","{""officers_count"": 7, ""sla_breaches"": 0, ""disputes_count"": 3, ""avg_days_per_stage"": 32.7, ""stage_complexity"": 0.3135}"
99a4de87-a1b7-499e-ba44-7b9c7efca4b6,PROJ-1063,2025-08-29T00:00:00+00:00,269.4,129.94,792,382,407,1,1331408468.17,133140846.82,"{""SURVEY"": 122, ""VERIFICATION"": 122, ""OBJECTION"": 0, ""AWARD"": 81, ""COMPENSATION"": 81}","{""officers_count"": 10, ""sla_breaches"": 0, ""disputes_count"": 1, ""avg_days_per_stage"": 30.1, ""stage_complexity"": 0.2803}"
e65d7396-21b1-4745-b7a0-86ea908f348c,PROJ-1063,2025-09-13T00:00:00+00:00,269.4,138.44,792,407,384,0,1331408468.17,133140846.82,"{""SURVEY"": 115, ""VERIFICATION"": 115, ""OBJECTION"": 0, ""AWARD"": 76, ""COMPENSATION"": 76}","{""officers_count"": 11, ""sla_breaches"": 2, ""disputes_count"": 0, ""avg_days_per_stage"": 31.2, ""stage_complexity"": 0.359}"
87584fcc-f5a4-402c-aa6f-61237aec12a5,PROJ-1064,2025-01-01T00:00:00+00:00,615.18,25.63,168,7,158,3,177890648.95,1331553618.08,"{""SURVEY"": 47, ""VERIFICATION"": 47, ""OBJECTION"": 1, ""AWARD"": 31, ""COMPENSATION"": 31}","{""officers_count"": 3, ""sla_breaches"": 8, ""disputes_count"": 5, ""avg_days_per_stage"": 79.4, ""stage_complexity"": 0.7959}"
bf6e3288-b9c5-47bc-821f-075cf9a7a329,PROJ-1064,2025-01-16T00:00:00+00:00,615.18,32.96,168,9,154,5,257930513.76,1345198010.97,"{""SURVEY"": 46, ""VERIFICATION"": 46, ""OBJECTION"": 3, ""AWARD"": 30, ""COMPENSATION"": 30}","{""officers_count"": 3, ""sla_breaches"": 10, ""disputes_count"": 5, ""avg_days_per_stage"": 80.3, ""stage_complexity"": 0.8776}"
f8d7e544-1a77-496e-99d6-e82979cd3dff,PROJ-1064,2025-01-31T00:00:00+00:00,615.18,43.94,168,12,148,8,335057489.02,1238698957.76,"{""SURVEY"": 44, ""VERIFICATION"": 44, ""OBJECTION"": 4, ""AWARD"": 29, ""COMPENSATION"": 29}","{""officers_count"": 5, ""sla_breaches"": 9, ""disputes_count"": 4, ""avg_days_per_stage"": 104.3, ""stage_complexity"": 0.8841}"
f65fd45b-0524-4a10-a90a-cdf2cf3e307a,PROJ-1064,2025-02-15T00:00:00+00:00,615.18,73.24,168,20,136,12,300963804.32,1212619344.78,"{""SURVEY"": 40, ""VERIFICATION"": 40, ""OBJECTION"": 7, ""AWARD"": 27, ""COMPENSATION"": 27}","{""officers_count"": 6, ""sla_breaches"": 7, ""disputes_count"": 8, ""avg_days_per_stage"": 62.4, ""stage_complexity"": 0.8875}"
7f1a1347-2e59-4bdc-be23-b9cd8e4f0f0e,PROJ-1064,2025-03-02T00:00:00+00:00,615.18,91.54,168,25,127,16,100066417.88,1166955865.95,"{""SURVEY"": 38, ""VERIFICATION"": 38, ""OBJECTION"": 9, ""AWARD"": 25, ""COMPENSATION"": 25}","{""officers_count"": 6, ""sla_breaches"": 9, ""disputes_count"": 5, ""avg_days_per_stage"": 107.5, ""stage_complexity"": 0.8578}"
78690873-76e7-46c8-ac5d-80789898165a,PROJ-1064,2025-03-17T00:00:00+00:00,615.18,120.84,168,33,117,18,103270073.74,1196126482.2,"{""SURVEY"": 35, ""VERIFICATION"": 35, ""OBJECTION"": 10, ""AWARD"": 23, ""COMPENSATION"": 23}","{""officers_count"": 4, ""sla_breaches"": 8, ""disputes_count"": 5, ""avg_days_per_stage"": 56.4, ""stage_complexity"": 0.7664}"
f29ebc4e-d498-4699-be84-df08262d74f9,PROJ-1064,2025-04-01T00:00:00+00:00,615.18,135.49,168,37,108,23,272500399.24,1145495661.37,"{""SURVEY"": 32, ""VERIFICATION"": 32, ""OBJECTION"": 13, ""AWARD"": 21, ""COMPENSATION"": 21}","{""officers_count"": 6, ""sla_breaches"": 7, ""disputes_count"": 5, ""avg_days_per_stage"": 103.0, ""stage_complexity"": 0.8449}"
697f0fb9-4699-43ff-a4c7-d73ef8035d5b,PROJ-1064,2025-04-16T00:00:00+00:00,615.18,150.13,168,41,100,27,144093686.58,1170924877.95,"{""SURVEY"": 30, ""VERIFICATION"": 30, ""OBJECTION"": 16, ""AWARD"": 20, ""COMPENSATION"": 20}","{""officers_count"": 5, ""sla_breaches"": 8, ""disputes_count"": 7, ""avg_days_per_stage"": 57.9, ""stage_complexity"": 0.8682}"
37ab81be-ad8d-4ced-9588-ac597367be7c,PROJ-1064,2025-05-01T00:00:00+00:00,615.18,179.43,168,49,87,32,239534939.76,1242166271.5,"{""SURVEY"": 26, ""VERIFICATION"": 26, ""OBJECTION"": 19, ""AWARD"": 17, ""COMPENSATION"": 17}","{""officers_count"": 5, ""sla_breaches"": 6, ""disputes_count"": 3, ""avg_days_per_stage"": 56.8, ""stage_complexity"": 0.8466}"
b86bec0e-4fa1-477e-baf7-0648600f3566,PROJ-1064,2025-05-16T00:00:00+00:00,615.18,208.72,168,57,73,38,195991436.43,1072610597.56,"{""SURVEY"": 21, ""VERIFICATION"": 21, ""OBJECTION"": 22, ""AWARD"": 14, ""COMPENSATION"": 14}","{""officers_count"": 6, ""sla_breaches"": 7, ""disputes_count"": 7, ""avg_days_per_stage"": 70.8, ""stage_complexity"": 0.8172}"
98b62173-8725-4465-b6d7-d3a14ba24374,PROJ-1064,2025-05-31T00:00:00+00:00,615.18,227.03,168,62,66,40,113779911.54,1016729013.56,"{""SURVEY"": 19, ""VERIFICATION"": 19, ""OBJECTION"": 24, ""AWARD"": 13, ""COMPENSATION"": 13}","{""officers_count"": 5, ""sla_breaches"": 6, ""disputes_count"": 5, ""avg_days_per_stage"": 75.3, ""stage_complexity"": 0.8057}"
e741088a-d571-40e5-b128-df2294fe162a,PROJ-1064,2025-06-15T00:00:00+00:00,615.18,252.66,168,69,54,45,298880330.33,1049001037.98,"{""SURVEY"": 16, ""VERIFICATION"": 16, ""OBJECTION"": 27, ""AWARD"": 10, ""COMPENSATION"": 10}","{""officers_count"": 3, ""sla_breaches"": 5, ""disputes_count"": 3, ""avg_days_per_stage"": 84.8, ""stage_complexity"": 0.7738}"
36048f64-4125-4605-803e-49d7954d93f5,PROJ-1064,2025-06-30T00:00:00+00:00,615.18,270.97,168,74,46,48,202298206.1,1076421743.04,"{""SURVEY"": 13, ""VERIFICATION"": 13, ""OBJECTION"": 28, ""AWARD"": 9, ""COMPENSATION"": 9}","{""officers_count"": 4, ""sla_breaches"": 10, ""disputes_count"": 7, ""avg_days_per_stage"": 90.7, ""stage_complexity"": 0.8498}"
7d3d68c4-61e3-4039-9db8-31a72a5cbdcc,PROJ-1064,2025-07-15T00:00:00+00:00,615.18,300.27,168,82,36,50,75226497.78,1337849133.03,"{""SURVEY"": 10, ""VERIFICATION"": 10, ""OBJECTION"": 30, ""AWARD"": 7, ""COMPENSATION"": 7}","{""officers_count"": 6, ""sla_breaches"": 10, ""disputes_count"": 5, ""avg_days_per_stage"": 89.4, ""stage_complexity"": 0.7118}"
6ea5d0b5-df1b-4e6f-ae82-7b15656d7895,PROJ-1065,2025-01-01T00:00:00+00:00,304.51,13.46,362,16,345,0,0.0,221499391.26,"{""SURVEY"": 103, ""VERIFICATION"": 103, ""OBJECTION"": 0, ""AWARD"": 69, ""COMPENSATION"": 69}","{""officers_count"": 7, ""sla_breaches"": 0, ""disputes_count"": 1, ""avg_days_per_stage"": 26.3, ""stage_complexity"": 0.3935}"
90673982-8164-4228-8194-5857b89e473b,PROJ-1065,2025-01-16T00:00:00+00:00,304.51,38.69,362,46,316,0,36916565.21,214116078.22,"{""SURVEY"": 94, ""VERIFICATION"": 94, ""OBJECTION"": 0, ""AWARD"": 63, ""COMPENSATION"": 63}","{""officers_count"": 6, ""sla_breaches"": 1, ""disputes_count"": 0, ""avg_days_per_stage"": 21.5, ""stage_complexity"": 0.3294}"
0e56870c-bdad-42fa-915b-fecdc80ee32f,PROJ-1065,2025-01-31T00:00:00+00:00,304.51,52.99,362,63,299,0,110749695.63,199349452.13,"{""SURVEY"": 89, ""VERIFICATION"": 89, ""OBJECTION"": 0, ""AWARD"": 59, ""COMPENSATION"": 59}","{""officers_count"": 10, ""sla_breaches"": 2, ""disputes_count"": 1, ""avg_days_per_stage"": 17.6, ""stage_complexity"": 0.3881}"
8c8de1d1-6bcb-4b4f-9d25-f817c23f968a,PROJ-1065,2025-02-15T00:00:00+00:00,304.51,74.87,362,89,273,1,221499391.26,177199513.01,"{""SURVEY"": 81, ""VERIFICATION"": 81, ""OBJECTION"": 0, ""AWARD"": 54, ""COMPENSATION"": 54}","{""officers_count"": 9, ""sla_breaches"": 1, ""disputes_count"": 0, ""avg_days_per_stage"": 19.0, ""stage_complexity"": 0.2275}"
a677d176-67da-4531-8554-e4add5937326,PROJ-1065,2025-03-02T00:00:00+00:00,304.51,95.9,362,114,247,2,369165652.1,147666260.84,"{""SURVEY"": 74, ""VERIFICATION"": 74, ""OBJECTION"": 1, ""AWARD"": 49, ""COMPENSATION"": 49}","{""officers_count"": 11, ""sla_breaches"": 2, ""disputes_count"": 1, ""avg_days_per_stage"": 30.4, ""stage_complexity"": 0.3331}"
60154906-eb65-4142-ace8-67504f89f723,PROJ-1065,2025-03-17T00:00:00+00:00,304.51,124.5,362,148,212,0,553748478.15,110749695.63,"{""SURVEY"": 63, ""VERIFICATION"": 63, ""OBJECTION"": 0, ""AWARD"": 42, ""COMPENSATION"": 42}","{""officers_count"": 6, ""sla_breaches"": 2, ""disputes_count"": 2, ""avg_days_per_stage"": 15.3, ""stage_complexity"": 0.2452}"
5cedb24d-6173-40ec-ac4f-ef27b319a8b0,PROJ-1065,2025-04-01T00:00:00+00:00,304.51,147.21,362,175,187,0,738331304.19,73833130.42,"{""SURVEY"": 56, ""VERIFICATION"": 56, ""OBJECTION"": 0, ""AWARD"": 37, ""COMPENSATION"": 37}","{""officers_count"": 11, ""sla_breaches"": 1, ""disputes_count"": 2, ""avg_days_per_stage"": 32.8, ""stage_complexity"": 0.3895}"
1c2158e2-9556-4365-9ed6-8bc59ba51f4d,PROJ-1065,2025-04-16T00:00:00+00:00,304.51,159.83,362,190,172,1,738331304.19,73833130.42,"{""SURVEY"": 51, ""VERIFICATION"": 51, ""OBJECTION"": 0, ""AWARD"": 34, ""COMPENSATION"": 34}","{""officers_count"": 7, ""sla_breaches"": 0, ""disputes_count"": 3, ""avg_days_per_stage"": 27.1, ""stage_complexity"": 0.3291}"
0e2af5cc-809c-406d-9d64-979b37a2aef3,PROJ-1065,2025-05-01T00:00:00+00:00,304.51,187.58,362,223,138,2,738331304.19,73833130.42,"{""SURVEY"": 41, ""VERIFICATION"": 41, ""OBJECTION"": 1, ""AWARD"": 27, ""COMPENSATION"": 27}","{""officers_count"": 6, ""sla_breaches"": 1, ""disputes_count"": 2, ""avg_days_per_stage"": 16.2, ""stage_complexity"": 0.2557}"
88f66268-d29c-495a-9c1a-9faa0b177b50,PROJ-1065,2025-05-16T00:00:00+00:00,304.51,205.25,362,244,116,2,738331304.19,73833130.42,"{""SURVEY"": 34, ""VERIFICATION"": 34, ""OBJECTION"": 1, ""AWARD"": 23, ""COMPENSATION"": 23}","{""officers_count"": 10, ""sla_breaches"": 2, ""disputes_count"": 3, ""avg_days_per_stage"": 29.1, ""stage_complexity"": 0.4417}"
d96f6c2b-4432-4783-8108-72c0826d970f,PROJ-1065,2025-05-31T00:00:00+00:00,304.51,234.69,362,279,81,3,738331304.19,73833130.42,"{""SURVEY"": 24, ""VERIFICATION"": 24, ""OBJECTION"": 1, ""AWARD"": 16, ""COMPENSATION"": 16}","{""officers_count"": 11, ""sla_breaches"": 0, ""disputes_count"": 1, ""avg_days_per_stage"": 28.4, ""stage_complexity"": 0.2666}"
5b65808d-7cb1-4490-9935-9a2752a93ef5,PROJ-1066,2025-01-01T00:00:00+00:00,206.19,6.91,507,17,488,1,0.0,355486848.93,"{""SURVEY"": 146, ""VERIFICATION"": 146, ""OBJECTION"": 0, ""AWARD"": 97, ""COMPENSATION"": 97}","{""officers_count"": 9, ""sla_breaches"": 0, ""disputes_count"": 0, ""avg_days_per_stage"": 15.9, ""stage_complexity"": 0.2152}"
c5dc6492-29a5-48a1-b3aa-116cc4abf3e6,PROJ-1066,2025-01-16T00:00:00+00:00,206.19,17.49,507,43,463,2,59247808.15,343637287.3,"{""SURVEY"": 138, ""VERIFICATION"": 138, ""OBJECTION"": 1, ""AWARD"": 92, ""COMPENSATION"": 92}","{""officers_count"": 8, ""sla_breaches"": 0, ""disputes_count"": 1, ""avg_days_per_stage"": 22.9, ""stage_complexity"": 0.4228}"
a2a26652-1039-463b-8e84-1012524cf6e9,PROJ-1066,2025-01-31T00:00:00+00:00,206.19,22.77,507,56,449,0,177743424.46,319938164.04,"{""SURVEY"": 134, ""VERIFICATION"": 134, ""OBJECTION"": 0, ""AWARD"": 89, ""COMPENSATION"": 89}","{""officers_count"": 5, ""sla_breaches"": 0, ""disputes_count"": 2, ""avg_days_per_stage"": 24.0, ""stage_complexity"": 0.2339}"
47cfdea5-5ad5-4460-80d8-5f7dd6b8726d,PROJ-1066,2025-02-15T00:00:00+00:00,206.19,29.69,507,73,434,1,355486848.93,284389479.14,"{""SURVEY"": 130, ""VERIFICATION"": 130, ""OBJECTION"": 0, ""AWARD"": 86, ""COMPENSATION"": 86}","{""officers_count"": 5, ""sla_breaches"": 0, ""disputes_count"": 1, ""avg_days_per_stage"": 34.2, ""stage_complexity"": 0.365}"
898086bc-3676-4e5f-9e7a-fade391d1eed,PROJ-1066,2025-03-02T00:00:00+00:00,206.19,37.01,507,91,415,0,592478081.55,236991232.62,"{""SURVEY"": 124, ""VERIFICATION"": 124, ""OBJECTION"": 0, ""AWARD"": 83, ""COMPENSATION"": 83}","{""officers_count"": 11, ""sla_breaches"": 1, ""disputes_count"": 0, ""avg_days_per_stage"": 25.9, ""stage_complexity"": 0.3504}"
75f2c3a8-c8c3-463b-bf5b-2c5d58d801ef,PROJ-1066,2025-03-17T00:00:00+00:00,206.19,41.48,507,102,405,0,888717122.32,177743424.46,"{""SURVEY"": 121, ""VERIFICATION"": 121, ""OBJECTION"": 0, ""AWARD"": 81, ""COMPENSATION"": 81}","{""officers_count"": 5, ""sla_breaches"": 1, ""disputes_count"": 1, ""avg_days_per_stage"": 19.2, ""stage_complexity"": 0.3433}"
df02b592-38c1-4d34-b793-b187442aca6b,PROJ-1067,2025-01-01T00:00:00+00:00,227.19,2.97,535,7,527,1,141199846.21,167672179.32,"{""SURVEY"": 158, ""VERIFICATION"": 158, ""OBJECTION"": 0, ""AWARD"": 105, ""COMPENSATION"": 105}","{""officers_count"": 4, ""sla_breaches"": 5, ""disputes_count"": 5, ""avg_days_per_stage"": 47.0, ""stage_complexity"": 0.4285}"
e0b0a2a7-7d29-47fa-bc21-cbd96f17aa7c,PROJ-1067,2025-01-16T00:00:00+00:00,227.19,5.1,535,12,520,3,128011387.19,224276995.65,"{""SURVEY"": 156, ""VERIFICATION"": 156, ""OBJECTION"": 1, ""AWARD"": 104, ""COMPENSATION"": 104}","{""officers_count"": 6, ""sla_breaches"": 3, ""disputes_count"": 5, ""avg_days_per_stage"": 47.9, ""stage_complexity"": 0.4823}"
4915b61a-bc8a-4277-9a33-1cd8c708931f,PROJ-1067,2025-01-31T00:00:00+00:00,227.19,9.77,535,23,509,3,161966123.85,180061491.51,"{""SURVEY"": 152, ""VERIFICATION"": 152, ""OBJECTION"": 1, ""AWARD"": 101, ""COMPENSATION"": 101}","{""officers_count"": 4, ""sla_breaches"": 5, ""disputes_count"": 7, ""avg_days_per_stage"": 64.8, ""stage_complexity"": 0.6449}"
566309be-cd5e-4c5e-8a71-9229a1801bea,PROJ-1067,2025-02-15T00:00:00+00:00,227.19,15.29,535,36,497,2,171353297.27,169561088.48,"{""SURVEY"": 149, ""VERIFICATION"": 149, ""OBJECTION"": 1, ""AWARD"": 99, ""COMPENSATION"": 99}","{""officers_count"": 3, ""sla_breaches"": 5, ""disputes_count"": 4, ""avg_days_per_stage"": 49.2, ""stage_complexity"": 0.4182}"
6c61c009-341f-4db2-9a2d-2b27eedef2f3,PROJ-1067,2025-03-02T00:00:00+00:00,227.19,18.68,535,44,489,2,193001904.5,250845743.85,"{""SURVEY"": 146, ""VERIFICATION"": 146, ""OBJECTION"": 1, ""AWARD"": 97, ""COMPENSATION"": 97}","{""officers_count"": 3, ""sla_breaches"": 3, ""disputes_count"": 7, ""avg_days_per_stage"": 47.1, ""stage_complexity"": 0.5004}"
d9149ce2-ef48-470d-8caf-389286633494,PROJ-1067,2025-03-17T00:00:00+00:00,227.19,21.23,535,50,481,4,131627056.97,255281383.31,"{""SURVEY"": 144, ""VERIFICATION"": 144, ""OBJECTION"": 2, ""AWARD"": 96, ""COMPENSATION"": 96}","{""officers_count"": 6, ""sla_breaches"": 5, ""disputes_count"": 4, ""avg_days_per_stage"": 38.0, ""stage_complexity"": 0.6334}"
3b126dab-eda6-4df5-8960-15d4a6e85149,PROJ-1067,2025-04-01T00:00:00+00:00,227.19,23.36,535,55,473,7,224704013.01,140742681.82,"{""SURVEY"": 141, ""VERIFICATION"": 141, ""OBJECTION"": 4, ""AWARD"": 94, ""COMPENSATION"": 94}","{""officers_count"": 6, ""sla_breaches"": 5, ""disputes_count"": 6, ""avg_days_per_stage"": 37.4, ""stage_complexity"": 0.4142}"
76d0d67e-55bd-482c-9af2-e1db93648ea7,PROJ-1067,2025-04-16T00:00:00+00:00,227.19,25.9,535,61,466,8,222597806.64,264272726.68,"{""SURVEY"": 139, ""VERIFICATION"": 139, ""OBJECTION"": 4, ""AWARD"": 93, ""COMPENSATION"": 93}","{""officers_count"": 6, ""sla_breaches"": 5, ""disputes_count"": 4, ""avg_days_per_stage"": 36.1, ""stage_complexity"": 0.446}"
844869b2-4e24-49d2-a462-27de9aba70e1,PROJ-1067,2025-05-01T00:00:00+00:00,227.19,28.03,535,66,462,7,142803723.93,205146395.82,"{""SURVEY"": 138, ""VERIFICATION"": 138, ""OBJECTION"": 4, ""AWARD"": 92, ""COMPENSATION"": 92}","{""officers_count"": 3, ""sla_breaches"": 2, ""disputes_count"": 6, ""avg_days_per_stage"": 39.0, ""stage_complexity"": 0.5034}"
5391e0a4-d1aa-4071-8d48-85b4d9c0835e,PROJ-1067,2025-05-16T00:00:00+00:00,227.19,30.15,535,71,456,8,165491498.62,254950350.02,"{""SURVEY"": 136, ""VERIFICATION"": 136, ""OBJECTION"": 4, ""AWARD"": 91, ""COMPENSATION"": 91}","{""officers_count"": 6, ""sla_breaches"": 4, ""disputes_count"": 6, ""avg_days_per_stage"": 58.6, ""stage_complexity"": 0.6574}"
a40bce1f-6592-4a89-9a64-504b582d8612,PROJ-1068,2025-01-01T00:00:00+00:00,856.36,51.15,519,31,486,1,0.0,1491452850.08,"{""SURVEY"": 145, ""VERIFICATION"": 145, ""OBJECTION"": 0, ""AWARD"": 97, ""COMPENSATION"": 97}","{""officers_count"": 8, ""sla_breaches"": 0, ""disputes_count"": 1, ""avg_days_per_stage"": 34.8, ""stage_complexity"": 0.4392}"
bd8f2ab9-4278-40dd-8c8a-86d214e17332,PROJ-1068,2025-01-16T00:00:00+00:00,856.36,105.6,519,64,454,1,248575475.01,1441737755.07,"{""SURVEY"": 136, ""VERIFICATION"": 136, ""OBJECTION"": 0, ""AWARD"": 90, ""COMPENSATION"": 90}","{""officers_count"": 12, ""sla_breaches"": 2, ""disputes_count"": 0, ""avg_days_per_stage"": 31.9, ""stage_complexity"": 0.4441}"
32a2693f-8803-4bec-9095-4da821102423,PROJ-1068,2025-01-31T00:00:00+00:00,856.36,153.45,519,93,425,0,745726425.04,1342307565.07,"{""SURVEY"": 127, ""VERIFICATION"": 127, ""OBJECTION"": 0, ""AWARD"": 85, ""COMPENSATION"": 85}","{""officers_count"": 12, ""sla_breaches"": 1, ""disputes_count"": 2, ""avg_days_per_stage"": 15.4, ""stage_complexity"": 0.2819}"
224f32cd-4bab-44bb-8062-450ad4dffd98,PROJ-1068,2025-02-15T00:00:00+00:00,856.36,183.15,519,111,408,0,1491452850.08,1193162280.06,"{""SURVEY"": 122, ""VERIFICATION"": 122, ""OBJECTION"": 0, ""AWARD"": 81, ""COMPENSATION"": 81}","{""officers_count"": 5, ""sla_breaches"": 1, ""disputes_count"": 1, ""avg_days_per_stage"": 19.9, ""stage_complexity"": 0.2741}"
a1b3140d-63a4-47ef-bfc6-a80bc62e95b1,PROJ-1068,2025-03-02T00:00:00+00:00,856.36,221.1,519,134,385,1,2485754750.13,994301900.05,"{""SURVEY"": 115, ""VERIFICATION"": 115, ""OBJECTION"": 0, ""AWARD"": 77, ""COMPENSATION"": 77}","{""officers_count"": 7, ""sla_breaches"": 0, ""disputes_count"": 2, ""avg_days_per_stage"": 18.0, ""stage_complexity"": 0.4355}"
366ca63c-5f7d-47f2-b98b-5930080e09a0,PROJ-1068,2025-03-17T00:00:00+00:00,856.36,277.2,519,168,350,2,3728632125.19,745726425.04,"{""SURVEY"": 105, ""VERIFICATION"": 105, ""OBJECTION"": 1, ""AWARD"": 70, ""COMPENSATION"": 70}","{""officers_count"": 8, ""sla_breaches"": 1, ""disputes_count"": 3, ""avg_days_per_stage"": 21.5, ""stage_complexity"": 0.2545}"
71a38fca-f41b-4229-b99e-3696de756ada,PROJ-1068,2025-04-01T00:00:00+00:00,856.36,318.45,519,193,324,1,4971509500.26,497150950.03,"{""SURVEY"": 97, ""VERIFICATION"": 97, ""OBJECTION"": 0, ""AWARD"": 64, ""COMPENSATION"": 64}","{""officers_count"": 11, ""sla_breaches"": 1, ""disputes_count"": 0, ""avg_days_per_stage"": 26.7, ""stage_complexity"": 0.3067}"
18211965-710d-4977-b036-274c68a9d954,PROJ-1068,2025-04-16T00:00:00+00:00,856.36,351.45,519,213,305,0,4971509500.26,497150950.03,"{""SURVEY"": 91, ""VERIFICATION"": 91, ""OBJECTION"": 0, ""AWARD"": 61, ""COMPENSATION"": 61}","{""officers_count"": 12, ""sla_breaches"": 0, ""disputes_count"": 3, ""avg_days_per_stage"": 16.8, ""stage_complexity"": 0.3753}"
a079c48d-6de6-4ee7-956a-2ef68423d921,PROJ-1068,2025-05-01T00:00:00+00:00,856.36,381.15,519,231,288,0,4971509500.26,497150950.03,"{""SURVEY"": 86, ""VERIFICATION"": 86, ""OBJECTION"": 0, ""AWARD"": 57, ""COMPENSATION"": 57}","{""officers_count"": 8, ""sla_breaches"": 2, ""disputes_count"": 0, ""avg_days_per_stage"": 32.0, ""stage_complexity"": 0.2496}"
d4876037-b871-4d20-9747-c929548bd582,PROJ-1068,2025-05-16T00:00:00+00:00,856.36,433.96,519,263,256,1,4971509500.26,497150950.03,"{""SURVEY"": 76, ""VERIFICATION"": 76, ""OBJECTION"": 0, ""AWARD"": 51, ""COMPENSATION"": 51}","{""officers_count"": 7, ""sla_breaches"": 2, ""disputes_count"": 3, ""avg_days_per_stage"": 22.3, ""stage_complexity"": 0.2434}"
5f2b38c1-2cf5-44be-8240-dfae9cfaf6c7,PROJ-1068,2025-05-31T00:00:00+00:00,856.36,478.51,519,290,228,0,4971509500.26,497150950.03,"{""SURVEY"": 68, ""VERIFICATION"": 68, ""OBJECTION"": 0, ""AWARD"": 45, ""COMPENSATION"": 45}","{""officers_count"": 7, ""sla_breaches"": 1, ""disputes_count"": 0, ""avg_days_per_stage"": 34.8, ""stage_complexity"": 0.2692}"
376e2145-e9da-46ca-ac86-6ff5a3b030d2,PROJ-1068,2025-06-15T00:00:00+00:00,856.36,511.51,519,310,209,0,4971509500.26,497150950.03,"{""SURVEY"": 62, ""VERIFICATION"": 62, ""OBJECTION"": 0, ""AWARD"": 41, ""COMPENSATION"": 41}","{""officers_count"": 7, ""sla_breaches"": 0, ""disputes_count"": 2, ""avg_days_per_stage"": 22.2, ""stage_complexity"": 0.2693}"
ec50857b-3c37-4e8b-b805-fc1807263431,PROJ-1068,2025-06-30T00:00:00+00:00,856.36,539.56,519,327,192,0,4971509500.26,497150950.03,"{""SURVEY"": 57, ""VERIFICATION"": 57, ""OBJECTION"": 0, ""AWARD"": 38, ""COMPENSATION"": 38}","{""officers_count"": 8, ""sla_breaches"": 2, ""disputes_count"": 0, ""avg_days_per_stage"": 27.1, ""stage_complexity"": 0.2849}"
6e489079-8d52-4014-b1f6-fd4b60085966,PROJ-1068,2025-07-15T00:00:00+00:00,856.36,564.31,519,342,177,0,4971509500.26,497150950.03,"{""SURVEY"": 53, ""VERIFICATION"": 53, ""OBJECTION"": 0, ""AWARD"": 35, ""COMPENSATION"": 35}","{""officers_count"": 10, ""sla_breaches"": 0, ""disputes_count"": 1, ""avg_days_per_stage"": 17.3, ""stage_complexity"": 0.2719}"
9324fcee-a33c-4bbf-be30-156b18c07bd4,PROJ-1068,2025-07-30T00:00:00+00:00,856.36,610.51,519,370,149,0,4971509500.26,497150950.03,"{""SURVEY"": 44, ""VERIFICATION"": 44, ""OBJECTION"": 0, ""AWARD"": 29, ""COMPENSATION"": 29}","{""officers_count"": 5, ""sla_breaches"": 2, ""disputes_count"": 0, ""avg_days_per_stage"": 17.9, ""stage_complexity"": 0.3746}"
01e99da4-2bd1-43ec-8525-4fe516037946,PROJ-1068,2025-08-14T00:00:00+00:00,856.36,660.01,519,400,119,0,4971509500.26,497150950.03,"{""SURVEY"": 35, ""VERIFICATION"": 35, ""OBJECTION"": 0, ""AWARD"": 23, ""COMPENSATION"": 23}","{""officers_count"": 11, ""sla_breaches"": 0, ""disputes_count"": 3, ""avg_days_per_stage"": 16.8, ""stage_complexity"": 0.4412}"
1726c5d2-f889-47e0-ac2d-9ea83fd21146,PROJ-1069,2025-01-01T00:00:00+00:00,1062.04,31.7,134,4,123,7,206305313.66,3282091052.13,"{""SURVEY"": 36, ""VERIFICATION"": 36, ""OBJECTION"": 4, ""AWARD"": 24, ""COMPENSATION"": 24}","{""officers_count"": 5, ""sla_breaches"": 8, ""disputes_count"": 8, ""avg_days_per_stage"": 104.0, ""stage_complexity"": 0.7015}"
84779f63-b496-4ba8-849a-b364162f7140,PROJ-1069,2025-01-16T00:00:00+00:00,1062.04,95.11,134,12,111,11,888072836.64,3132478890.31,"{""SURVEY"": 33, ""VERIFICATION"": 33, ""OBJECTION"": 6, ""AWARD"": 22, ""COMPENSATION"": 22}","{""officers_count"": 5, ""sla_breaches"": 9, ""disputes_count"": 4, ""avg_days_per_stage"": 105.7, ""stage_complexity"": 0.8642}"
44669574-83e9-4e2d-8791-eb6fc14521ab,PROJ-1069,2025-01-31T00:00:00+00:00,1062.04,118.89,134,15,106,13,918714996.88,3022152337.98,"{""SURVEY"": 31, ""VERIFICATION"": 31, ""OBJECTION"": 7, ""AWARD"": 21, ""COMPENSATION"": 21}","{""officers_count"": 3, ""sla_breaches"": 10, ""disputes_count"": 5, ""avg_days_per_stage"": 92.1, ""stage_complexity"": 0.8533}"
1fa23d88-9a94-42ab-bc6c-3c7d76e869f1,PROJ-1069,2025-02-15T00:00:00+00:00,1062.04,142.66,134,18,101,15,368643870.74,3002508362.7,"{""SURVEY"": 30, ""VERIFICATION"": 30, ""OBJECTION"": 9, ""AWARD"": 20, ""COMPENSATION"": 20}","{""officers_count"": 4, ""sla_breaches"": 9, ""disputes_count"": 4, ""avg_days_per_stage"": 103.8, ""stage_complexity"": 0.8345}"
5f5c8ccc-1b10-4ff7-892d-9fbe7bfed23a,PROJ-1069,2025-03-02T00:00:00+00:00,1062.04,198.14,134,25,90,19,765336678.94,3020118198.59,"{""SURVEY"": 27, ""VERIFICATION"": 27, ""OBJECTION"": 11, ""AWARD"": 18, ""COMPENSATION"": 18}","{""officers_count"": 5, ""sla_breaches"": 10, ""disputes_count"": 4, ""avg_days_per_stage"": 91.9, ""stage_complexity"": 0.7001}"
6435151d-d8ed-41d0-bd0c-4f4bb9449417,PROJ-1069,2025-03-17T00:00:00+00:00,1062.04,261.55,134,33,79,22,405994020.32,3311880963.41,"{""SURVEY"": 23, ""VERIFICATION"": 23, ""OBJECTION"": 13, ""AWARD"": 15, ""COMPENSATION"": 15}","{""officers_count"": 4, ""sla_breaches"": 10, ""disputes_count"": 5, ""avg_days_per_stage"": 93.2, ""stage_complexity"": 0.8336}"
5ee8f7a5-c92d-41d3-8f12-0fc7ff2edefb,PROJ-1069,2025-04-01T00:00:00+00:00,1062.04,317.03,134,40,69,25,264091113.95,2518299603.91,"{""SURVEY"": 20, ""VERIFICATION"": 20, ""OBJECTION"": 15, ""AWARD"": 13, ""COMPENSATION"": 13}","{""officers_count"": 6, ""sla_breaches"": 5, ""disputes_count"": 4, ""avg_days_per_stage"": 73.8, ""stage_complexity"": 0.7468}"
b7d897ec-6c38-4037-b692-555e6b7c0c26,PROJ-1069,2025-04-16T00:00:00+00:00,1062.04,356.66,134,45,60,29,793526438.0,2859560684.08,"{""SURVEY"": 18, ""VERIFICATION"": 18, ""OBJECTION"": 17, ""AWARD"": 12, ""COMPENSATION"": 12}","{""officers_count"": 6, ""sla_breaches"": 9, ""disputes_count"": 6, ""avg_days_per_stage"": 93.7, ""stage_complexity"": 0.7562}"
7b4aeffa-db37-4eaa-8f63-cf6625a1f10f,PROJ-1069,2025-05-01T00:00:00+00:00,1062.04,420.06,134,53,46,35,389714585.01,2941739790.48,"{""SURVEY"": 13, ""VERIFICATION"": 13, ""OBJECTION"": 21, ""AWARD"": 9, ""COMPENSATION"": 9}","{""officers_count"": 3, ""sla_breaches"": 9, ""disputes_count"": 8, ""avg_days_per_stage"": 83.5, ""stage_complexity"": 0.7811}"
47fd234c-70c8-4e59-ad05-482a02938e97,PROJ-1069,2025-05-16T00:00:00+00:00,1062.04,475.54,134,60,34,40,757837699.65,3256717527.44,"{""SURVEY"": 10, ""VERIFICATION"": 10, ""OBJECTION"": 24, ""AWARD"": 6, ""COMPENSATION"": 6}","{""officers_count"": 4, ""sla_breaches"": 6, ""disputes_count"": 3, ""avg_days_per_stage"": 92.8, ""stage_complexity"": 0.8871}"
303a0b3a-97d3-4429-8766-5dd80c608b3c,PROJ-1070,2025-01-01T00:00:00+00:00,938.94,35.27,426,16,410,0,0.0,1199179932.1,"{""SURVEY"": 123, ""VERIFICATION"": 123, ""OBJECTION"": 0, ""AWARD"": 82, ""COMPENSATION"": 82}","{""officers_count"": 8, ""sla_breaches"": 1, ""disputes_count"": 1, ""avg_days_per_stage"": 16.2, ""stage_complexity"": 0.2635}"
dc2def3d-981a-4ce8-b794-b6a78e316b08,PROJ-1070,2025-01-16T00:00:00+00:00,938.94,70.53,426,32,394,0,199863322.02,1159207267.7,"{""SURVEY"": 118, ""VERIFICATION"": 118, ""OBJECTION"": 0, ""AWARD"": 78, ""COMPENSATION"": 78}","{""officers_count"": 10, ""sla_breaches"": 2, ""disputes_count"": 3, ""avg_days_per_stage"": 33.7, ""stage_complexity"": 0.4438}"
9b61e13e-c383-4ab0-810b-5d15e9863894,PROJ-1070,2025-01-31T00:00:00+00:00,938.94,103.59,426,47,379,1,599589966.05,1079261938.89,"{""SURVEY"": 113, ""VERIFICATION"": 113, ""OBJECTION"": 0, ""AWARD"": 75, ""COMPENSATION"": 75}","{""officers_count"": 11, ""sla_breaches"": 1, ""disputes_count"": 0, ""avg_days_per_stage"": 27.3, ""stage_complexity"": 0.3703}"
82e2c2db-843b-4af3-8139-989b0760932e,PROJ-1070,2025-02-15T00:00:00+00:00,938.94,163.1,426,74,351,2,1199179932.1,959343945.68,"{""SURVEY"": 105, ""VERIFICATION"": 105, ""OBJECTION"": 1, ""AWARD"": 70, ""COMPENSATION"": 70}","{""officers_count"": 6, ""sla_breaches"": 1, ""disputes_count"": 2, ""avg_days_per_stage"": 34.2, ""stage_complexity"": 0.3283}"
ae9f978f-185e-43a3-ba36-285c2bb017a6,PROJ-1070,2025-03-02T00:00:00+00:00,938.94,185.14,426,84,340,0,1998633220.17,799453288.07,"{""SURVEY"": 102, ""VERIFICATION"": 102, ""OBJECTION"": 0, ""AWARD"": 68, ""COMPENSATION"": 68}","{""officers_count"": 5, ""sla_breaches"": 1, ""disputes_count"": 1, ""avg_days_per_stage"": 20.2, ""stage_complexity"": 0.2208}"
855afc68-14f6-40e8-89e1-5fb3eb540bf3,PROJ-1070,2025-03-17T00:00:00+00:00,938.94,257.88,426,117,309,0,2997949830.25,599589966.05,"{""SURVEY"": 92, ""VERIFICATION"": 92, ""OBJECTION"": 0, ""AWARD"": 61, ""COMPENSATION"": 61}","{""officers_count"": 9, ""sla_breaches"": 2, ""disputes_count"": 0, ""avg_days_per_stage"": 29.0, ""stage_complexity"": 0.2943}"
bc430f01-cea8-400a-b1aa-778d645c2333,PROJ-1070,2025-04-01T00:00:00+00:00,938.94,312.98,426,142,284,0,3997266440.34,399726644.03,"{""SURVEY"": 85, ""VERIFICATION"": 85, ""OBJECTION"": 0, ""AWARD"": 56, ""COMPENSATION"": 56}","{""officers_count"": 6, ""sla_breaches"": 1, ""disputes_count"": 2, ""avg_days_per_stage"": 31.4, ""stage_complexity"": 0.2558}"
44024c75-5338-4ab4-aa4f-b05044029e68,PROJ-1070,2025-04-16T00:00:00+00:00,938.94,365.88,426,166,260,1,3997266440.34,399726644.03,"{""SURVEY"": 78, ""VERIFICATION"": 78, ""OBJECTION"": 0, ""AWARD"": 52, ""COMPENSATION"": 52}","{""officers_count"": 6, ""sla_breaches"": 2, ""disputes_count"": 1, ""avg_days_per_stage"": 19.3, ""stage_complexity"": 0.2545}"
16343106-4083-452d-ba69-b4851d645590,PROJ-1070,2025-05-01T00:00:00+00:00,938.94,403.35,426,183,242,2,3997266440.34,399726644.03,"{""SURVEY"": 72, ""VERIFICATION"": 72, ""OBJECTION"": 1, ""AWARD"": 48, ""COMPENSATION"": 48}","{""officers_count"": 10, ""sla_breaches"": 0, ""disputes_count"": 1, ""avg_days_per_stage"": 27.9, ""stage_complexity"": 0.2653}"
a106073a-0506-4e34-b47d-97d5f0b1d85c,PROJ-1070,2025-05-16T00:00:00+00:00,938.94,458.45,426,208,216,3,3997266440.34,399726644.03,"{""SURVEY"": 64, ""VERIFICATION"": 64, ""OBJECTION"": 1, ""AWARD"": 43, ""COMPENSATION"": 43}","{""officers_count"": 11, ""sla_breaches"": 1, ""disputes_count"": 0, ""avg_days_per_stage"": 25.3, ""stage_complexity"": 0.2466}"
fba4b9de-950e-4853-a4bb-5319b7f1a18c,PROJ-1070,2025-05-31T00:00:00+00:00,938.94,509.14,426,231,192,2,3997266440.34,399726644.03,"{""SURVEY"": 57, ""VERIFICATION"": 57, ""OBJECTION"": 1, ""AWARD"": 38, ""COMPENSATION"": 38}","{""officers_count"": 7, ""sla_breaches"": 0, ""disputes_count"": 1, ""avg_days_per_stage"": 15.1, ""stage_complexity"": 0.3681}"
c2ca033e-222c-470c-86dd-91eb0ec5c191,PROJ-1070,2025-06-15T00:00:00+00:00,938.94,540.0,426,245,179,0,3997266440.34,399726644.03,"{""SURVEY"": 53, ""VERIFICATION"": 53, ""OBJECTION"": 0, ""AWARD"": 35, ""COMPENSATION"": 35}","{""officers_count"": 10, ""sla_breaches"": 1, ""disputes_count"": 2, ""avg_days_per_stage"": 17.7, ""stage_complexity"": 0.3229}"
efd97f93-783f-4391-82e2-7dc5035453a4,PROJ-1070,2025-06-30T00:00:00+00:00,938.94,592.9,426,269,157,1,3997266440.34,399726644.03,"{""SURVEY"": 47, ""VERIFICATION"": 47, ""OBJECTION"": 0, ""AWARD"": 31, ""COMPENSATION"": 31}","{""officers_count"": 7, ""sla_breaches"": 1, ""disputes_count"": 3, ""avg_days_per_stage"": 23.0, ""stage_complexity"": 0.3303}"
b449cfb9-db5b-4ce2-a311-22d8abd21239,PROJ-1070,2025-07-15T00:00:00+00:00,938.94,656.82,426,298,127,2,3997266440.34,399726644.03,"{""SURVEY"": 38, ""VERIFICATION"": 38, ""OBJECTION"": 1, ""AWARD"": 25, ""COMPENSATION"": 25}","{""officers_count"": 7, ""sla_breaches"": 2, ""disputes_count"": 2, ""avg_days_per_stage"": 30.0, ""stage_complexity"": 0.422}"
c753070f-1615-4ffc-85ff-6d3f8052888e,PROJ-1070,2025-07-30T00:00:00+00:00,938.94,700.9,426,318,106,0,3997266440.34,399726644.03,"{""SURVEY"": 31, ""VERIFICATION"": 31, ""OBJECTION"": 0, ""AWARD"": 21, ""COMPENSATION"": 21}","{""officers_count"": 6, ""sla_breaches"": 2, ""disputes_count"": 1, ""avg_days_per_stage"": 19.0, ""stage_complexity"": 0.3611}"
9547c723-97cf-460b-ae6e-9207e158eb35,PROJ-1070,2025-08-14T00:00:00+00:00,938.94,773.63,426,351,75,0,3997266440.34,399726644.03,"{""SURVEY"": 22, ""VERIFICATION"": 22, ""OBJECTION"": 0, ""AWARD"": 15, ""COMPENSATION"": 15}","{""officers_count"": 10, ""sla_breaches"": 2, ""disputes_count"": 0, ""avg_days_per_stage"": 18.1, ""stage_complexity"": 0.2074}"
53e8fab8-25b1-4a55-8a33-a75cac0a5e7c,PROJ-1071,2025-01-01T00:00:00+00:00,543.57,15.49,386,11,375,0,0.0,791675603.91,"{""SURVEY"": 112, ""VERIFICATION"": 112, ""OBJECTION"": 0, ""AWARD"": 75, ""COMPENSATION"": 75}","{""officers_count"": 11, ""sla_breaches"": 2, ""disputes_count"": 3, ""avg_days_per_stage"": 33.0, ""stage_complexity"": 0.2409}"
b620dd2c-8f0e-4d32-8bf8-a3cba9a01198,PROJ-1071,2025-01-16T00:00:00+00:00,543.57,49.29,386,35,351,0,131945933.99,765286417.12,"{""SURVEY"": 105, ""VERIFICATION"": 105, ""OBJECTION"": 0, ""AWARD"": 70, ""COMPENSATION"": 70}","{""officers_count"": 9, ""sla_breaches"": 0, ""disputes_count"": 1, ""avg_days_per_stage"": 15.1, ""stage_complexity"": 0.32}"
6a7d0ef2-2f7b-4788-ba20-f257a3d9c47b,PROJ-1071,2025-01-31T00:00:00+00:00,543.57,77.45,386,55,331,0,395837801.96,712508043.52,"{""SURVEY"": 99, ""VERIFICATION"": 99, ""OBJECTION"": 0, ""AWARD"": 66, ""COMPENSATION"": 66}","{""officers_count"": 10, ""sla_breaches"": 2, ""disputes_count"": 1, ""avg_days_per_stage"": 24.9, ""stage_complexity"": 0.299}"
14881f75-b759-4d66-ba57-2678c44e0163,PROJ-1071,2025-02-15T00:00:00+00:00,543.57,108.43,386,77,309,0,791675603.91,633340483.13,"{""SURVEY"": 92, ""VERIFICATION"": 92, ""OBJECTION"": 0, ""AWARD"": 61, ""COMPENSATION"": 61}","{""officers_count"": 8, ""sla_breaches"": 2, ""disputes_count"": 0, ""avg_days_per_stage"": 29.0, ""stage_complexity"": 0.4089}"
399ea084-056a-4dc3-bb95-6688008a101d,PROJ-1071,2025-03-02T00:00:00+00:00,543.57,133.78,386,95,291,0,1319459339.85,527783735.94,"{""SURVEY"": 87, ""VERIFICATION"": 87, ""OBJECTION"": 0, ""AWARD"": 58, ""COMPENSATION"": 58}","{""officers_count"": 8, ""sla_breaches"": 2, ""disputes_count"": 2, ""avg_days_per_stage"": 16.2, ""stage_complexity"": 0.4223}"
7cd280bc-a605-4351-aa51-ef87a92ccf01,PROJ-1071,2025-03-17T00:00:00+00:00,543.57,149.27,386,106,280,0,1979189009.78,395837801.96,"{""SURVEY"": 84, ""VERIFICATION"": 84, ""OBJECTION"": 0, ""AWARD"": 56, ""COMPENSATION"": 56}","{""officers_count"": 8, ""sla_breaches"": 2, ""disputes_count"": 0, ""avg_days_per_stage"": 22.5, ""stage_complexity"": 0.4302}"
8655847d-3624-443f-93ea-41ef808ae968,PROJ-1071,2025-04-01T00:00:00+00:00,543.57,197.15,386,140,246,1,2638918679.71,263891867.97,"{""SURVEY"": 73, ""VERIFICATION"": 73, ""OBJECTION"": 0, ""AWARD"": 49, ""COMPENSATION"": 49}","{""officers_count"": 11, ""sla_breaches"": 1, ""disputes_count"": 2, ""avg_days_per_stage"": 20.6, ""stage_complexity"": 0.2096}"
ec9a3279-dcc1-436b-bec9-ab12808b1e61,PROJ-1071,2025-04-16T00:00:00+00:00,543.57,240.8,386,171,214,0,2638918679.71,263891867.97,"{""SURVEY"": 64, ""VERIFICATION"": 64, ""OBJECTION"": 0, ""AWARD"": 42, ""COMPENSATION"": 42}","{""officers_count"": 8, ""sla_breaches"": 1, ""disputes_count"": 3, ""avg_days_per_stage"": 31.0, ""stage_complexity"": 0.448}"
c453f5c3-2944-458e-8357-a5e8f9f74c1a,PROJ-1071,2025-05-01T00:00:00+00:00,543.57,290.09,386,206,180,1,2638918679.71,263891867.97,"{""SURVEY"": 54, ""VERIFICATION"": 54, ""OBJECTION"": 0, ""AWARD"": 36, ""COMPENSATION"": 36}","{""officers_count"": 9, ""sla_breaches"": 2, ""disputes_count"": 2, ""avg_days_per_stage"": 18.0, ""stage_complexity"": 0.2601}"
b87bc29b-515d-408e-87ba-9245d29c31de,PROJ-1071,2025-05-16T00:00:00+00:00,543.57,312.62,386,222,163,0,2638918679.71,263891867.97,"{""SURVEY"": 48, ""VERIFICATION"": 48, ""OBJECTION"": 0, ""AWARD"": 32, ""COMPENSATION"": 32}","{""officers_count"": 10, ""sla_breaches"": 1, ""disputes_count"": 3, ""avg_days_per_stage"": 21.4, ""stage_complexity"": 0.3276}"
9f93fb7a-dc0b-4d7e-aa66-82435b855b89,PROJ-1071,2025-05-31T00:00:00+00:00,543.57,359.09,386,255,131,1,2638918679.71,263891867.97,"{""SURVEY"": 39, ""VERIFICATION"": 39, ""OBJECTION"": 0, ""AWARD"": 26, ""COMPENSATION"": 26}","{""officers_count"": 9, ""sla_breaches"": 1, ""disputes_count"": 1, ""avg_days_per_stage"": 21.8, ""stage_complexity"": 0.2227}"
f0fcdbca-b9e1-45ea-9466-a84c2e2697db,PROJ-1071,2025-06-15T00:00:00+00:00,543.57,399.93,386,284,101,1,2638918679.71,263891867.97,"{""SURVEY"": 30, ""VERIFICATION"": 30, ""OBJECTION"": 0, ""AWARD"": 20, ""COMPENSATION"": 20}","{""officers_count"": 5, ""sla_breaches"": 2, ""disputes_count"": 1, ""avg_days_per_stage"": 33.3, ""stage_complexity"": 0.3538}"
788cae21-51e9-465f-b03c-ad82b479a561,PROJ-1071,2025-06-30T00:00:00+00:00,543.57,432.32,386,307,78,1,2638918679.71,263891867.97,"{""SURVEY"": 23, ""VERIFICATION"": 23, ""OBJECTION"": 0, ""AWARD"": 15, ""COMPENSATION"": 15}","{""officers_count"": 7, ""sla_breaches"": 1, ""disputes_count"": 0, ""avg_days_per_stage"": 18.8, ""stage_complexity"": 0.2197}"
9efa66e2-13e4-4064-bbc1-17960ef1e916,PROJ-1072,2025-01-01T00:00:00+00:00,650.28,62.11,178,17,158,2,0.0,771170519.84,"{""SURVEY"": 47, ""VERIFICATION"": 47, ""OBJECTION"": 1, ""AWARD"": 31, ""COMPENSATION"": 31}","{""officers_count"": 12, ""sla_breaches"": 1, ""disputes_count"": 1, ""avg_days_per_stage"": 28.2, ""stage_complexity"": 0.2933}"
88035fb6-5f2b-4b57-9449-279617e9708f,PROJ-1072,2025-01-16T00:00:00+00:00,650.28,160.74,178,44,132,2,128528419.97,745464835.84,"{""SURVEY"": 39, ""VERIFICATION"": 39, ""OBJECTION"": 1, ""AWARD"": 26, ""COMPENSATION"": 26}","{""officers_count"": 9, ""sla_breaches"": 1, ""disputes_count"": 2, ""avg_days_per_stage"": 33.7, ""stage_complexity"": 0.3782}"
09b75ce4-276f-4bdd-8b65-5c7291720408,PROJ-1072,2025-01-31T00:00:00+00:00,650.28,263.03,178,72,104,0,385585259.92,694053467.85,"{""SURVEY"": 31, ""VERIFICATION"": 31, ""OBJECTION"": 0, ""AWARD"": 20, ""COMPENSATION"": 20}","{""officers_count"": 8, ""sla_breaches"": 0, ""disputes_count"": 2, ""avg_days_per_stage"": 32.9, ""stage_complexity"": 0.4227}"
5d5a4339-6882-4c20-8484-e239976a25d7,PROJ-1072,2025-02-15T00:00:00+00:00,650.28,372.63,178,102,76,0,771170519.84,616936415.87,"{""SURVEY"": 22, ""VERIFICATION"": 22, ""OBJECTION"": 0, ""AWARD"": 15, ""COMPENSATION"": 15}","{""officers_count"": 7, ""sla_breaches"": 2, ""disputes_count"": 2, ""avg_days_per_stage"": 21.0, ""stage_complexity"": 0.3809}"
1ad26edd-9a4e-4c16-a207-45e0bfbb73ae,PROJ-1072,2025-03-02T00:00:00+00:00,650.28,416.47,178,114,64,0,1285284199.73,514113679.89,"{""SURVEY"": 19, ""VERIFICATION"": 19, ""OBJECTION"": 0, ""AWARD"": 12, ""COMPENSATION"": 12}","{""officers_count"": 11, ""sla_breaches"": 0, ""disputes_count"": 1, ""avg_days_per_stage"": 18.2, ""stage_complexity"": 0.2021}"
93b93042-98f0-467c-b031-c3a72db10e17,PROJ-1072,2025-03-17T00:00:00+00:00,650.28,485.88,178,133,45,0,1927926299.6,385585259.92,"{""SURVEY"": 13, ""VERIFICATION"": 13, ""OBJECTION"": 0, ""AWARD"": 9, ""COMPENSATION"": 9}","{""officers_count"": 7, ""sla_breaches"": 2, ""disputes_count"": 2, ""avg_days_per_stage"": 23.5, ""stage_complexity"": 0.2139}"
4e35576d-1670-4722-8437-16aaa75e0451,PROJ-1072,2025-04-01T00:00:00+00:00,650.28,610.09,178,167,11,0,2570568399.46,257056839.95,"{""SURVEY"": 3, ""VERIFICATION"": 3, ""OBJECTION"": 0, ""AWARD"": 2, ""COMPENSATION"": 2}","{""officers_count"": 12, ""sla_breaches"": 0, ""disputes_count"": 3, ""avg_days_per_stage"": 33.8, ""stage_complexity"": 0.3508}"
9973edd3-327f-4d67-8777-53fe14990cff,PROJ-1072,2025-04-16T00:00:00+00:00,650.28,646.63,178,177,1,0,2570568399.46,257056839.95,"{""SURVEY"": 0, ""VERIFICATION"": 0, ""OBJECTION"": 0, ""AWARD"": 0, ""COMPENSATION"": 0}","{""officers_count"": 9, ""sla_breaches"": 1, ""disputes_count"": 2, ""avg_days_per_stage"": 30.9, ""stage_complexity"": 0.4028}"
4f2f943b-1b14-4e75-bd3e-234b40553a50,PROJ-1072,2025-05-01T00:00:00+00:00,650.28,650.28,178,178,0,0,2570568399.46,257056839.95,"{""SURVEY"": 0, ""VERIFICATION"": 0, ""OBJECTION"": 0, ""AWARD"": 0, ""COMPENSATION"": 0}","{""officers_count"": 10, ""sla_breaches"": 0, ""disputes_count"": 1, ""avg_days_per_stage"": 21.5, ""stage_complexity"": 0.2788}"
290c0cda-8bd2-4524-8fed-10b80ba30ce3,PROJ-1072,2025-05-16T00:00:00+00:00,650.28,650.28,178,178,0,0,2570568399.46,257056839.95,"{""SURVEY"": 0, ""VERIFICATION"": 0, ""OBJECTION"": 0, ""AWARD"": 0, ""COMPENSATION"": 0}","{""officers_count"": 7, ""sla_breaches"": 0, ""disputes_count"": 3, ""avg_days_per_stage"": 24.8, ""stage_complexity"": 0.4096}"
f2a0a906-eaa1-4e57-a569-9f677e5aaec9,PROJ-1072,2025-05-31T00:00:00+00:00,650.28,650.28,178,178,0,0,2570568399.46,257056839.95,"{""SURVEY"": 0, ""VERIFICATION"": 0, ""OBJECTION"": 0, ""AWARD"": 0, ""COMPENSATION"": 0}","{""officers_count"": 9, ""sla_breaches"": 1, ""disputes_count"": 2, ""avg_days_per_stage"": 31.3, ""stage_complexity"": 0.3362}"
83af2cc9-d494-405c-9475-00085a9b6919,PROJ-1072,2025-06-15T00:00:00+00:00,650.28,650.28,178,178,0,0,2570568399.46,257056839.95,"{""SURVEY"": 0, ""VERIFICATION"": 0, ""OBJECTION"": 0, ""AWARD"": 0, ""COMPENSATION"": 0}","{""officers_count"": 8, ""sla_breaches"": 1, ""disputes_count"": 3, ""avg_days_per_stage"": 34.5, ""stage_complexity"": 0.4134}"
0968b95f-0fff-4760-ad40-14bd886aa614,PROJ-1072,2025-06-30T00:00:00+00:00,650.28,650.28,178,178,0,0,2570568399.46,257056839.95,"{""SURVEY"": 0, ""VERIFICATION"": 0, ""OBJECTION"": 0, ""AWARD"": 0, ""COMPENSATION"": 0}","{""officers_count"": 9, ""sla_breaches"": 1, ""disputes_count"": 2, ""avg_days_per_stage"": 22.0, ""stage_complexity"": 0.4184}"
599f798d-0a2f-43f6-9065-fd9eeaaf64ea,PROJ-1072,2025-07-15T00:00:00+00:00,650.28,650.28,178,178,0,0,2570568399.46,257056839.95,"{""SURVEY"": 0, ""VERIFICATION"": 0, ""OBJECTION"": 0, ""AWARD"": 0, ""COMPENSATION"": 0}","{""officers_count"": 5, ""sla_breaches"": 2, ""disputes_count"": 3, ""avg_days_per_stage"": 34.2, ""stage_complexity"": 0.2475}"
5b43e238-5030-4315-a9ce-56f50ac0e8c1,PROJ-1072,2025-07-30T00:00:00+00:00,650.28,650.28,178,178,0,1,2570568399.46,257056839.95,"{""SURVEY"": 0, ""VERIFICATION"": 0, ""OBJECTION"": 0, ""AWARD"": 0, ""COMPENSATION"": 0}","{""officers_count"": 12, ""sla_breaches"": 2, ""disputes_count"": 1, ""avg_days_per_stage"": 25.5, ""stage_complexity"": 0.3014}"
6f12b635-508b-426c-a19f-64fbe3d40f9f,PROJ-1073,2025-01-01T00:00:00+00:00,58.74,0.66,89,1,85,5,86759045.48,229904282.59,"{""SURVEY"": 25, ""VERIFICATION"": 25, ""OBJECTION"": 3, ""AWARD"": 17, ""COMPENSATION"": 17}","{""officers_count"": 2, ""sla_breaches"": 10, ""disputes_count"": 4, ""avg_days_per_stage"": 111.0, ""stage_complexity"": 0.7217}"
a2206d34-2216-433c-9642-5a9fbdba1014,PROJ-1073,2025-01-16T00:00:00+00:00,58.74,3.3,89,5,79,7,55900374.57,188055699.49,"{""SURVEY"": 23, ""VERIFICATION"": 23, ""OBJECTION"": 4, ""AWARD"": 15, ""COMPENSATION"": 15}","{""officers_count"": 2, ""sla_breaches"": 12, ""disputes_count"": 3, ""avg_days_per_stage"": 98.6, ""stage_complexity"": 0.7233}"
0df9c5de-ad6e-40f5-8674-39e46cc2a407,PROJ-1073,2025-01-31T00:00:00+00:00,58.74,3.96,89,6,76,9,85236425.83,188227677.12,"{""SURVEY"": 22, ""VERIFICATION"": 22, ""OBJECTION"": 5, ""AWARD"": 15, ""COMPENSATION"": 15}","{""officers_count"": 2, ""sla_breaches"": 9, ""disputes_count"": 5, ""avg_days_per_stage"": 88.4, ""stage_complexity"": 0.5676}"
7c1ba1d4-a64a-4353-b012-6be979bc8b36,PROJ-1073,2025-02-15T00:00:00+00:00,58.74,4.62,89,7,73,12,56863319.36,180967287.95,"{""SURVEY"": 21, ""VERIFICATION"": 21, ""OBJECTION"": 7, ""AWARD"": 14, ""COMPENSATION"": 14}","{""officers_count"": 2, ""sla_breaches"": 6, ""disputes_count"": 2, ""avg_days_per_stage"": 103.8, ""stage_complexity"": 0.5559}"
43a81075-4097-4926-ba78-4d1002be0e6e,PROJ-1073,2025-03-02T00:00:00+00:00,58.74,7.26,89,11,66,14,38962549.2,206233846.34,"{""SURVEY"": 19, ""VERIFICATION"": 19, ""OBJECTION"": 8, ""AWARD"": 13, ""COMPENSATION"": 13}","{""officers_count"": 2, ""sla_breaches"": 8, ""disputes_count"": 2, ""avg_days_per_stage"": 128.7, ""stage_complexity"": 0.7891}"
b5e6a06e-1628-4348-9b51-a63f1ffd84a0,PROJ-1074,2025-01-01T00:00:00+00:00,864.3,11.37,456,6,444,6,552564971.24,3527517977.84,"{""SURVEY"": 133, ""VERIFICATION"": 133, ""OBJECTION"": 3, ""AWARD"": 88, ""COMPENSATION"": 88}","{""officers_count"": 5, ""sla_breaches"": 7, ""disputes_count"": 6, ""avg_days_per_stage"": 61.3, ""stage_complexity"": 0.7488}"
ca73ec63-6878-443b-a917-55bd13a9c8a7,PROJ-1074,2025-01-16T00:00:00+00:00,864.3,22.74,456,12,435,9,523262406.15,3938580342.3,"{""SURVEY"": 130, ""VERIFICATION"": 130, ""OBJECTION"": 5, ""AWARD"": 87, ""COMPENSATION"": 87}","{""officers_count"": 6, ""sla_breaches"": 8, ""disputes_count"": 7, ""avg_days_per_stage"": 77.0, ""stage_complexity"": 0.8238}"
6d9e8094-5ab5-4071-826c-44f4fb9f6fbb,PROJ-1074,2025-01-31T00:00:00+00:00,864.3,32.22,456,17,424,15,239307249.7,3121015600.2,"{""SURVEY"": 127, ""VERIFICATION"": 127, ""OBJECTION"": 9, ""AWARD"": 84, ""COMPENSATION"": 84}","{""officers_count"": 5, ""sla_breaches"": 6, ""disputes_count"": 3, ""avg_days_per_stage"": 101.1, ""stage_complexity"": 0.8157}"
e9a8d26b-d7fa-4545-a369-091f98a0d07d,PROJ-1074,2025-02-15T00:00:00+00:00,864.3,39.8,456,21,416,19,606310497.59,2926798404.84,"{""SURVEY"": 124, ""VERIFICATION"": 124, ""OBJECTION"": 11, ""AWARD"": 83, ""COMPENSATION"": 83}","{""officers_count"": 5, ""sla_breaches"": 9, ""disputes_count"": 3, ""avg_days_per_stage"": 85.6, ""stage_complexity"": 0.7651}"
08a425d9-e428-4ec3-a1e2-b1a785910187,PROJ-1074,2025-03-02T00:00:00+00:00,864.3,49.28,456,26,407,23,649924631.36,3364034793.33,"{""SURVEY"": 122, ""VERIFICATION"": 122, ""OBJECTION"": 13, ""AWARD"": 81, ""COMPENSATION"": 81}","{""officers_count"": 3, ""sla_breaches"": 5, ""disputes_count"": 7, ""avg_days_per_stage"": 76.4, ""stage_complexity"": 0.8835}"
ae4683d3-f865-4e3c-9982-b21eefb56d76,PROJ-1074,2025-03-17T00:00:00+00:00,864.3,62.55,456,33,395,28,874539159.65,3630094967.26,"{""SURVEY"": 118, ""VERIFICATION"": 118, ""OBJECTION"": 16, ""AWARD"": 79, ""COMPENSATION"": 79}","{""officers_count"": 6, ""sla_breaches"": 7, ""disputes_count"": 3, ""avg_days_per_stage"": 85.5, ""stage_complexity"": 0.7278}"
7a82e52f-e2a5-44c5-b49d-68882a282a80,PROJ-1074,2025-04-01T00:00:00+00:00,864.3,70.13,456,37,387,32,1091414324.95,3192726352.91,"{""SURVEY"": 116, ""VERIFICATION"": 116, ""OBJECTION"": 19, ""AWARD"": 77, ""COMPENSATION"": 77}","{""officers_count"": 5, ""sla_breaches"": 8, ""disputes_count"": 6, ""avg_days_per_stage"": 80.6, ""stage_complexity"": 0.7637}"
fe22b489-b843-4e0a-a1d3-7c560c8941d9,PROJ-1074,2025-04-16T00:00:00+00:00,864.3,77.71,456,41,380,35,789128063.47,2978278762.85,"{""SURVEY"": 114, ""VERIFICATION"": 114, ""OBJECTION"": 21, ""AWARD"": 76, ""COMPENSATION"": 76}","{""officers_count"": 3, ""sla_breaches"": 8, ""disputes_count"": 3, ""avg_days_per_stage"": 94.6, ""stage_complexity"": 0.8701}"
dc545770-013f-480e-92f5-1ab0c9f25296,PROJ-1074,2025-05-01T00:00:00+00:00,864.3,81.5,456,43,373,40,993476292.3,2900400833.17,"{""SURVEY"": 111, ""VERIFICATION"": 111, ""OBJECTION"": 24, ""AWARD"": 74, ""COMPENSATION"": 74}","{""officers_count"": 6, ""sla_breaches"": 5, ""disputes_count"": 4, ""avg_days_per_stage"": 59.2, ""stage_complexity"": 0.7424}"
6b800ebc-41e3-465e-b86e-ce534bd05038,PROJ-1074,2025-05-16T00:00:00+00:00,864.3,87.19,456,46,367,43,550845210.81,3766793161.68,"{""SURVEY"": 110, ""VERIFICATION"": 110, ""OBJECTION"": 25, ""AWARD"": 73, ""COMPENSATION"": 73}","{""officers_count"": 4, ""sla_breaches"": 5, ""disputes_count"": 4, ""avg_days_per_stage"": 91.6, ""stage_complexity"": 0.7873}"
b0268777-f1a6-493b-abb9-1d104c65c747,PROJ-1074,2025-05-31T00:00:00+00:00,864.3,92.87,456,49,358,49,270320916.19,3513679498.98,"{""SURVEY"": 107, ""VERIFICATION"": 107, ""OBJECTION"": 29, ""AWARD"": 71, ""COMPENSATION"": 71}","{""officers_count"": 4, ""sla_breaches"": 10, ""disputes_count"": 6, ""avg_days_per_stage"": 70.0, ""stage_complexity"": 0.7597}"
a94937a9-ea49-4cbe-ad2b-401ecc8d2173,PROJ-1074,2025-06-15T00:00:00+00:00,864.3,102.35,456,54,348,54,857994455.81,3081530631.41,"{""SURVEY"": 104, ""VERIFICATION"": 104, ""OBJECTION"": 32, ""AWARD"": 69, ""COMPENSATION"": 69}","{""officers_count"": 3, ""sla_breaches"": 7, ""disputes_count"": 5, ""avg_days_per_stage"": 71.3, ""stage_complexity"": 0.7724}"
b61ff020-764d-4687-bb1f-ad57390992ef,PROJ-1074,2025-06-30T00:00:00+00:00,864.3,109.93,456,58,340,58,1005806550.48,3353314377.11,"{""SURVEY"": 102, ""VERIFICATION"": 102, ""OBJECTION"": 34, ""AWARD"": 68, ""COMPENSATION"": 68}","{""officers_count"": 3, ""sla_breaches"": 8, ""disputes_count"": 8, ""avg_days_per_stage"": 62.1, ""stage_complexity"": 0.8015}"
ce48bfa0-b79f-49d1-a27a-a3c0f17b4e7c,PROJ-1074,2025-07-15T00:00:00+00:00,864.3,123.2,456,65,331,60,788447913.18,3702287318.07,"{""SURVEY"": 99, ""VERIFICATION"": 99, ""OBJECTION"": 36, ""AWARD"": 66, ""COMPENSATION"": 66}","{""officers_count"": 4, ""sla_breaches"": 10, ""disputes_count"": 4, ""avg_days_per_stage"": 75.8, ""stage_complexity"": 0.7248}"
8eb6c206-d4bd-4ce3-8cd8-ed2344b58abb,PROJ-1074,2025-07-30T00:00:00+00:00,864.3,130.78,456,69,324,63,955960349.07,3737714904.6,"{""SURVEY"": 97, ""VERIFICATION"": 97, ""OBJECTION"": 37, ""AWARD"": 64, ""COMPENSATION"": 64}","{""officers_count"": 4, ""sla_breaches"": 10, ""disputes_count"": 7, ""avg_days_per_stage"": 103.9, ""stage_complexity"": 0.7073}"
e1bc5b2a-e22b-4b05-87e3-141dcf4e7616,PROJ-1074,2025-08-14T00:00:00+00:00,864.3,134.57,456,71,320,65,302362631.77,3319576557.98,"{""SURVEY"": 96, ""VERIFICATION"": 96, ""OBJECTION"": 39, ""AWARD"": 64, ""COMPENSATION"": 64}","{""officers_count"": 4, ""sla_breaches"": 9, ""disputes_count"": 3, ""avg_days_per_stage"": 100.9, ""stage_complexity"": 0.8546}"
ed189b9f-8889-49d1-9b50-d2ffe8bed1ad,PROJ-1074,2025-08-29T00:00:00+00:00,864.3,138.36,456,73,313,70,522449810.83,3444750439.39,"{""SURVEY"": 93, ""VERIFICATION"": 93, ""OBJECTION"": 42, ""AWARD"": 62, ""COMPENSATION"": 62}","{""officers_count"": 5, ""sla_breaches"": 6, ""disputes_count"": 3, ""avg_days_per_stage"": 104.1, ""stage_complexity"": 0.7151}"
fdf4090d-49a9-4eaa-a9e6-8ede01c00d85,PROJ-1075,2025-01-01T00:00:00+00:00,296.37,12.5,498,21,477,1,0.0,260032685.31,"{""SURVEY"": 143, ""VERIFICATION"": 143, ""OBJECTION"": 0, ""AWARD"": 95, ""COMPENSATION"": 95}","{""officers_count"": 11, ""sla_breaches"": 1, ""disputes_count"": 0, ""avg_days_per_stage"": 22.6, ""stage_complexity"": 0.2024}"
a7e47ca9-f4a2-41cb-8c69-c527062df986,PROJ-1075,2025-01-16T00:00:00+00:00,296.37,28.57,498,48,449,1,43338780.89,251364929.14,"{""SURVEY"": 134, ""VERIFICATION"": 134, ""OBJECTION"": 0, ""AWARD"": 89, ""COMPENSATION"": 89}","{""officers_count"": 7, ""sla_breaches"": 1, ""disputes_count"": 2, ""avg_days_per_stage"": 26.6, ""stage_complexity"": 0.2905}"
b4a1cd43-153a-4528-8990-5a9e7aa4f913,PROJ-1075,2025-01-31T00:00:00+00:00,296.37,47.01,498,79,418,1,130016342.66,234029416.78,"{""SURVEY"": 125, ""VERIFICATION"": 125, ""OBJECTION"": 0, ""AWARD"": 83, ""COMPENSATION"": 83}","{""officers_count"": 5, ""sla_breaches"": 1, ""disputes_count"": 2, ""avg_days_per_stage"": 32.1, ""stage_complexity"": 0.2051}"
bd062c59-d159-4cf6-867d-911f924ee07c,PROJ-1075,2025-02-15T00:00:00+00:00,296.37,54.75,498,92,405,2,260032685.31,208026148.25,"{""SURVEY"": 121, ""VERIFICATION"": 121, ""OBJECTION"": 1, ""AWARD"": 81, ""COMPENSATION"": 81}","{""officers_count"": 8, ""sla_breaches"": 0, ""disputes_count"": 1, ""avg_days_per_stage"": 23.8, ""stage_complexity"": 0.2581}"
22fe5bc5-024e-411c-9ddd-b2c76ebef68c,PROJ-1075,2025-03-02T00:00:00+00:00,296.37,70.82,498,119,377,2,433387808.86,173355123.54,"{""SURVEY"": 113, ""VERIFICATION"": 113, ""OBJECTION"": 1, ""AWARD"": 75, ""COMPENSATION"": 75}","{""officers_count"": 10, ""sla_breaches"": 2, ""disputes_count"": 1, ""avg_days_per_stage"": 22.0, ""stage_complexity"": 0.2149}"
8ccb433e-e0ca-41e6-8bde-09a576c5dbec,PROJ-1075,2025-03-17T00:00:00+00:00,296.37,80.94,498,136,360,1,650081713.29,130016342.66,"{""SURVEY"": 108, ""VERIFICATION"": 108, ""OBJECTION"": 0, ""AWARD"": 72, ""COMPENSATION"": 72}","{""officers_count"": 7, ""sla_breaches"": 2, ""disputes_count"": 0, ""avg_days_per_stage"": 32.3, ""stage_complexity"": 0.3395}"
e37f9bcc-3886-4bf7-9f49-54fcbf090ddc,PROJ-1075,2025-04-01T00:00:00+00:00,296.37,91.65,498,154,343,2,866775617.72,86677561.77,"{""SURVEY"": 102, ""VERIFICATION"": 102, ""OBJECTION"": 1, ""AWARD"": 68, ""COMPENSATION"": 68}","{""officers_count"": 6, ""sla_breaches"": 2, ""disputes_count"": 2, ""avg_days_per_stage"": 32.6, ""stage_complexity"": 0.2694}"
67cc9201-5241-4bce-9948-f42196df062d,PROJ-1075,2025-04-16T00:00:00+00:00,296.37,107.72,498,181,315,1,866775617.72,86677561.77,"{""SURVEY"": 94, ""VERIFICATION"": 94, ""OBJECTION"": 0, ""AWARD"": 63, ""COMPENSATION"": 63}","{""officers_count"": 8, ""sla_breaches"": 0, ""disputes_count"": 2, ""avg_days_per_stage"": 34.3, ""stage_complexity"": 0.341}"
43609574-a23b-4baa-abf3-9879d4363264,PROJ-1075,2025-05-01T00:00:00+00:00,296.37,124.38,498,209,288,2,866775617.72,86677561.77,"{""SURVEY"": 86, ""VERIFICATION"": 86, ""OBJECTION"": 1, ""AWARD"": 57, ""COMPENSATION"": 57}","{""officers_count"": 6, ""sla_breaches"": 2, ""disputes_count"": 2, ""avg_days_per_stage"": 24.0, ""stage_complexity"": 0.2541}"
c77a7a89-7067-497f-b1fe-0604ff5b8645,PROJ-1076,2025-01-01T00:00:00+00:00,136.49,0.87,469,3,455,11,61120882.79,137737035.46,"{""SURVEY"": 136, ""VERIFICATION"": 136, ""OBJECTION"": 6, ""AWARD"": 91, ""COMPENSATION"": 91}","{""officers_count"": 2, ""sla_breaches"": 5, ""disputes_count"": 19, ""avg_days_per_stage"": 138.8, ""stage_complexity"": 0.8423}"
fcaf43a6-089c-4c72-8482-ddc32a01b181,PROJ-1076,2025-01-16T00:00:00+00:00,136.49,2.04,469,7,447,15,38608943.13,216092647.82,"{""SURVEY"": 134, ""VERIFICATION"": 134, ""OBJECTION"": 9, ""AWARD"": 89, ""COMPENSATION"": 89}","{""officers_count"": 4, ""sla_breaches"": 8, ""disputes_count"": 23, ""avg_days_per_stage"": 75.5, ""stage_complexity"": 0.8967}"
1c5d4932-4bbc-4c8e-aa79-7c5832d8777a,PROJ-1076,2025-01-31T00:00:00+00:00,136.49,2.62,469,9,438,22,55349482.61,182836759.3,"{""SURVEY"": 131, ""VERIFICATION"": 131, ""OBJECTION"": 13, ""AWARD"": 87, ""COMPENSATION"": 87}","{""officers_count"": 5, ""sla_breaches"": 5, ""disputes_count"": 31, ""avg_days_per_stage"": 75.4, ""stage_complexity"": 0.9435}"
cc2a26a9-c8de-45d6-9272-302726dc71fa,PROJ-1076,2025-02-15T00:00:00+00:00,136.49,2.91,469,10,431,28,66578242.7,134581279.44,"{""SURVEY"": 129, ""VERIFICATION"": 129, ""OBJECTION"": 16, ""AWARD"": 86, ""COMPENSATION"": 86}","{""officers_count"": 5, ""sla_breaches"": 4, ""disputes_count"": 31, ""avg_days_per_stage"": 106.9, ""stage_complexity"": 0.8414}"
20f7b497-b780-4585-9ee6-f8a50645d719,PROJ-1076,2025-03-02T00:00:00+00:00,136.49,4.66,469,16,421,32,46532745.21,209529764.37,"{""SURVEY"": 126, ""VERIFICATION"": 126, ""OBJECTION"": 19, ""AWARD"": 84, ""COMPENSATION"": 84}","{""officers_count"": 4, ""sla_breaches"": 5, ""disputes_count"": 36, ""avg_days_per_stage"": 71.5, ""stage_complexity"": 0.9154}"
6c7d9c57-2295-42a1-bbed-79dfbdc74728,PROJ-1076,2025-03-17T00:00:00+00:00,136.49,5.82,469,20,405,44,63667862.11,178012983.08,"{""SURVEY"": 121, ""VERIFICATION"": 121, ""OBJECTION"": 26, ""AWARD"": 81, ""COMPENSATION"": 81}","{""officers_count"": 2, ""sla_breaches"": 10, ""disputes_count"": 51, ""avg_days_per_stage"": 80.1, ""stage_complexity"": 0.7534}"
e9611b69-967d-4300-ab26-e5eb3e8593f5,PROJ-1077,2025-01-01T00:00:00+00:00,722.54,84.84,264,31,232,0,0.0,611879442.84,"{""SURVEY"": 69, ""VERIFICATION"": 69, ""OBJECTION"": 0, ""AWARD"": 46, ""COMPENSATION"": 46}","{""officers_count"": 5, ""sla_breaches"": 0, ""disputes_count"": 2, ""avg_days_per_stage"": 31.0, ""stage_complexity"": 0.4235}"
3268aa29-2ada-4995-b768-9be74c4a9f86,PROJ-1077,2025-01-16T00:00:00+00:00,722.54,166.95,264,61,203,0,101979907.14,591483461.41,"{""SURVEY"": 60, ""VERIFICATION"": 60, ""OBJECTION"": 0, ""AWARD"": 40, ""COMPENSATION"": 40}","{""officers_count"": 6, ""sla_breaches"": 1, ""disputes_count"": 0, ""avg_days_per_stage"": 16.2, ""stage_complexity"": 0.2502}"
f3a6252d-2087-4053-80c1-0ae96fb42726,PROJ-1077,2025-01-31T00:00:00+00:00,722.54,246.32,264,90,174,0,305939721.42,550691498.55,"{""SURVEY"": 52, ""VERIFICATION"": 52, ""OBJECTION"": 0, ""AWARD"": 34, ""COMPENSATION"": 34}","{""officers_count"": 11, ""sla_breaches"": 2, ""disputes_count"": 0, ""avg_days_per_stage"": 25.6, ""stage_complexity"": 0.4018}"
a5efb7c0-4abf-4416-a02d-ca69adb2ccc3,PROJ-1077,2025-02-15T00:00:00+00:00,722.54,339.37,264,124,140,1,611879442.84,489503554.27,"{""SURVEY"": 42, ""VERIFICATION"": 42, ""OBJECTION"": 0, ""AWARD"": 28, ""COMPENSATION"": 28}","{""officers_count"": 9, ""sla_breaches"": 1, ""disputes_count"": 0, ""avg_days_per_stage"": 21.0, ""stage_complexity"": 0.3479}"
5cc17c5a-b545-4ad5-acc0-72fbbec69305,PROJ-1077,2025-03-02T00:00:00+00:00,722.54,399.59,264,146,117,2,1019799071.4,407919628.56,"{""SURVEY"": 35, ""VERIFICATION"": 35, ""OBJECTION"": 1, ""AWARD"": 23, ""COMPENSATION"": 23}","{""officers_count"": 5, ""sla_breaches"": 2, ""disputes_count"": 0, ""avg_days_per_stage"": 16.1, ""stage_complexity"": 0.2656}"
56eb7640-1818-4f68-870e-5e1e7c266613,PROJ-1077,2025-03-17T00:00:00+00:00,722.54,457.06,264,167,95,3,1529698607.09,305939721.42,"{""SURVEY"": 28, ""VERIFICATION"": 28, ""OBJECTION"": 1, ""AWARD"": 19, ""COMPENSATION"": 19}","{""officers_count"": 8, ""sla_breaches"": 2, ""disputes_count"": 3, ""avg_days_per_stage"": 30.0, ""stage_complexity"": 0.3634}"
a1f28824-ff01-4b5a-9d1c-eb5926598064,PROJ-1077,2025-04-01T00:00:00+00:00,722.54,522.75,264,191,70,3,2039598142.79,203959814.28,"{""SURVEY"": 21, ""VERIFICATION"": 21, ""OBJECTION"": 1, ""AWARD"": 14, ""COMPENSATION"": 14}","{""officers_count"": 10, ""sla_breaches"": 1, ""disputes_count"": 2, ""avg_days_per_stage"": 21.3, ""stage_complexity"": 0.3562}"
47130ccc-4d84-4a54-b2a3-02ae8e6662d7,PROJ-1077,2025-04-16T00:00:00+00:00,722.54,599.38,264,219,42,3,2039598142.79,203959814.28,"{""SURVEY"": 12, ""VERIFICATION"": 12, ""OBJECTION"": 1, ""AWARD"": 8, ""COMPENSATION"": 8}","{""officers_count"": 9, ""sla_breaches"": 2, ""disputes_count"": 1, ""avg_days_per_stage"": 30.3, ""stage_complexity"": 0.3422}"
1f96de78-e74b-4604-b2a9-6f8df4bfcd03,PROJ-1077,2025-05-01T00:00:00+00:00,722.54,654.12,264,239,22,4,2039598142.79,203959814.28,"{""SURVEY"": 6, ""VERIFICATION"": 6, ""OBJECTION"": 2, ""AWARD"": 4, ""COMPENSATION"": 4}","{""officers_count"": 11, ""sla_breaches"": 1, ""disputes_count"": 3, ""avg_days_per_stage"": 21.7, ""stage_complexity"": 0.2776}"
761a39d2-80cc-4cd3-91eb-a76153bad3d4,PROJ-1077,2025-05-16T00:00:00+00:00,722.54,722.54,264,264,0,4,2039598142.79,203959814.28,"{""SURVEY"": 0, ""VERIFICATION"": 0, ""OBJECTION"": 2, ""AWARD"": 0, ""COMPENSATION"": 0}","{""officers_count"": 10, ""sla_breaches"": 1, ""disputes_count"": 3, ""avg_days_per_stage"": 16.0, ""stage_complexity"": 0.2129}"
1fb7c87a-3530-42b2-8cad-f45d5579c137,PROJ-1077,2025-05-31T00:00:00+00:00,722.54,722.54,264,264,0,3,2039598142.79,203959814.28,"{""SURVEY"": 0, ""VERIFICATION"": 0, ""OBJECTION"": 1, ""AWARD"": 0, ""COMPENSATION"": 0}","{""officers_count"": 6, ""sla_breaches"": 1, ""disputes_count"": 3, ""avg_days_per_stage"": 34.7, ""stage_complexity"": 0.3861}"
0f7ffc3f-47ef-4850-9a86-6a945c442297,PROJ-1077,2025-06-15T00:00:00+00:00,722.54,722.54,264,264,0,2,2039598142.79,203959814.28,"{""SURVEY"": 0, ""VERIFICATION"": 0, ""OBJECTION"": 1, ""AWARD"": 0, ""COMPENSATION"": 0}","{""officers_count"": 8, ""sla_breaches"": 1, ""disputes_count"": 3, ""avg_days_per_stage"": 28.9, ""stage_complexity"": 0.3986}"
92487496-d027-4b56-84d0-eb41f4c2a5fa,PROJ-1077,2025-06-30T00:00:00+00:00,722.54,722.54,264,264,0,2,2039598142.79,203959814.28,"{""SURVEY"": 0, ""VERIFICATION"": 0, ""OBJECTION"": 1, ""AWARD"": 0, ""COMPENSATION"": 0}","{""officers_count"": 8, ""sla_breaches"": 2, ""disputes_count"": 0, ""avg_days_per_stage"": 21.3, ""stage_complexity"": 0.2062}"
a4861fdf-976f-4bfc-aa85-70a605562a51,PROJ-1077,2025-07-15T00:00:00+00:00,722.54,722.54,264,264,0,1,2039598142.79,203959814.28,"{""SURVEY"": 0, ""VERIFICATION"": 0, ""OBJECTION"": 0, ""AWARD"": 0, ""COMPENSATION"": 0}","{""officers_count"": 6, ""sla_breaches"": 0, ""disputes_count"": 1, ""avg_days_per_stage"": 19.7, ""stage_complexity"": 0.3428}"
8c0cf022-0227-426b-b62e-3532d27f890f,PROJ-1077,2025-07-30T00:00:00+00:00,722.54,722.54,264,264,0,2,2039598142.79,203959814.28,"{""SURVEY"": 0, ""VERIFICATION"": 0, ""OBJECTION"": 1, ""AWARD"": 0, ""COMPENSATION"": 0}","{""officers_count"": 8, ""sla_breaches"": 0, ""disputes_count"": 2, ""avg_days_per_stage"": 17.7, ""stage_complexity"": 0.3784}"
5a72ac2d-6a80-4360-a184-27a15f1394f5,PROJ-1078,2025-01-01T00:00:00+00:00,950.27,30.37,438,14,424,0,0.0,1286307330.75,"{""SURVEY"": 127, ""VERIFICATION"": 127, ""OBJECTION"": 0, ""AWARD"": 84, ""COMPENSATION"": 84}","{""officers_count"": 6, ""sla_breaches"": 1, ""disputes_count"": 0, ""avg_days_per_stage"": 16.0, ""stage_complexity"": 0.2938}"
d835bf8a-3114-4dc5-8b04-c633cad688cf,PROJ-1078,2025-01-16T00:00:00+00:00,950.27,88.95,438,41,397,0,214384555.12,1243430419.72,"{""SURVEY"": 119, ""VERIFICATION"": 119, ""OBJECTION"": 0, ""AWARD"": 79, ""COMPENSATION"": 79}","{""officers_count"": 5, ""sla_breaches"": 2, ""disputes_count"": 0, ""avg_days_per_stage"": 22.3, ""stage_complexity"": 0.3546}"
9d73644e-25a3-4ebc-abb3-69c9d05eded5,PROJ-1078,2025-01-31T00:00:00+00:00,950.27,143.19,438,66,372,0,643153665.37,1157676597.67,"{""SURVEY"": 111, ""VERIFICATION"": 111, ""OBJECTION"": 0, ""AWARD"": 74, ""COMPENSATION"": 74}","{""officers_count"": 6, ""sla_breaches"": 1, ""disputes_count"": 0, ""avg_days_per_stage"": 30.6, ""stage_complexity"": 0.2131}"
c6306f44-4f00-49dd-9f5e-3524ef88dda6,PROJ-1078,2025-02-15T00:00:00+00:00,950.27,210.45,438,97,341,0,1286307330.75,1029045864.6,"{""SURVEY"": 102, ""VERIFICATION"": 102, ""OBJECTION"": 0, ""AWARD"": 68, ""COMPENSATION"": 68}","{""officers_count"": 9, ""sla_breaches"": 2, ""disputes_count"": 3, ""avg_days_per_stage"": 21.8, ""stage_complexity"": 0.3054}"
82f3d6a1-eb67-4a0c-a5fe-75624d66f9cb,PROJ-1078,2025-03-02T00:00:00+00:00,950.27,271.2,438,125,313,0,2143845551.25,857538220.5,"{""SURVEY"": 93, ""VERIFICATION"": 93, ""OBJECTION"": 0, ""AWARD"": 62, ""COMPENSATION"": 62}","{""officers_count"": 11, ""sla_breaches"": 0, ""disputes_count"": 3, ""avg_days_per_stage"": 19.2, ""stage_complexity"": 0.3546}"
2755c34f-ef2a-4aa3-bb5e-6d0dc852781d,PROJ-1078,2025-03-17T00:00:00+00:00,950.27,329.77,438,152,286,0,3215768326.87,643153665.37,"{""SURVEY"": 85, ""VERIFICATION"": 85, ""OBJECTION"": 0, ""AWARD"": 57, ""COMPENSATION"": 57}","{""officers_count"": 12, ""sla_breaches"": 0, ""disputes_count"": 3, ""avg_days_per_stage"": 31.5, ""stage_complexity"": 0.2633}"
3002b355-ad3b-45a0-a391-595ff1e493e6,PROJ-1079,2025-01-01T00:00:00+00:00,615.99,111.59,138,25,109,5,0.0,806537256.0,"{""SURVEY"": 32, ""VERIFICATION"": 32, ""OBJECTION"": 3, ""AWARD"": 21, ""COMPENSATION"": 21}","{""officers_count"": 11, ""sla_breaches"": 0, ""disputes_count"": 1, ""avg_days_per_stage"": 26.8, ""stage_complexity"": 0.2956}"
55e5edcd-4c0e-45da-8d18-56da76a774ae,PROJ-1079,2025-01-16T00:00:00+00:00,615.99,267.82,138,60,73,3,134422876.0,779652680.8,"{""SURVEY"": 21, ""VERIFICATION"": 21, ""OBJECTION"": 1, ""AWARD"": 14, ""COMPENSATION"": 14}","{""officers_count"": 11, ""sla_breaches"": 0, ""disputes_count"": 3, ""avg_days_per_stage"": 19.5, ""stage_complexity"": 0.2803}"
8b5d37f3-22c3-42f3-ba06-637f4a483fb0,PROJ-1079,2025-01-31T00:00:00+00:00,615.99,352.63,138,79,56,4,403268628.0,725883530.4,"{""SURVEY"": 16, ""VERIFICATION"": 16, ""OBJECTION"": 2, ""AWARD"": 11, ""COMPENSATION"": 11}","{""officers_count"": 7, ""sla_breaches"": 1, ""disputes_count"": 1, ""avg_days_per_stage"": 28.2, ""stage_complexity"": 0.222}"
673101e1-81eb-44c2-826e-cb4d2574bd61,PROJ-1079,2025-02-15T00:00:00+00:00,615.99,491.01,138,110,24,3,806537256.0,645229804.8,"{""SURVEY"": 7, ""VERIFICATION"": 7, ""OBJECTION"": 1, ""AWARD"": 4, ""COMPENSATION"": 4}","{""officers_count"": 7, ""sla_breaches"": 2, ""disputes_count"": 3, ""avg_days_per_stage"": 34.5, ""stage_complexity"": 0.4321}"
d4215afe-5f62-482c-a939-dee9aceefb7d,PROJ-1079,2025-03-02T00:00:00+00:00,615.99,589.21,138,132,3,1,1344228760.0,537691504.0,"{""SURVEY"": 0, ""VERIFICATION"": 0, ""OBJECTION"": 0, ""AWARD"": 0, ""COMPENSATION"": 0}","{""officers_count"": 8, ""sla_breaches"": 2, ""disputes_count"": 3, ""avg_days_per_stage"": 34.4, ""stage_complexity"": 0.2514}"
d326a10c-f691-4f13-9929-95ae25380858,PROJ-1079,2025-03-17T00:00:00+00:00,615.99,615.99,138,138,0,1,2016343140.0,403268628.0,"{""SURVEY"": 0, ""VERIFICATION"": 0, ""OBJECTION"": 0, ""AWARD"": 0, ""COMPENSATION"": 0}","{""officers_count"": 7, ""sla_breaches"": 1, ""disputes_count"": 1, ""avg_days_per_stage"": 21.0, ""stage_complexity"": 0.4211}"
2ca2c4e4-7d9b-45a7-8efa-eb8328e6a1c0,PROJ-1079,2025-04-01T00:00:00+00:00,615.99,615.99,138,138,0,2,2688457520.0,268845752.0,"{""SURVEY"": 0, ""VERIFICATION"": 0, ""OBJECTION"": 1, ""AWARD"": 0, ""COMPENSATION"": 0}","{""officers_count"": 8, ""sla_breaches"": 0, ""disputes_count"": 3, ""avg_days_per_stage"": 22.6, ""stage_complexity"": 0.2839}"
97475b00-1f0f-4ba9-a94f-f5eebb065dba,PROJ-1079,2025-04-16T00:00:00+00:00,615.99,615.99,138,138,0,2,2688457520.0,268845752.0,"{""SURVEY"": 0, ""VERIFICATION"": 0, ""OBJECTION"": 1, ""AWARD"": 0, ""COMPENSATION"": 0}","{""officers_count"": 5, ""sla_breaches"": 1, ""disputes_count"": 1, ""avg_days_per_stage"": 32.1, ""stage_complexity"": 0.2238}"
5cd92eb6-00ba-4c93-9840-fe1a8ecd73d7,PROJ-1079,2025-05-01T00:00:00+00:00,615.99,615.99,138,138,0,0,2688457520.0,268845752.0,"{""SURVEY"": 0, ""VERIFICATION"": 0, ""OBJECTION"": 0, ""AWARD"": 0, ""COMPENSATION"": 0}","{""officers_count"": 5, ""sla_breaches"": 0, ""disputes_count"": 2, ""avg_days_per_stage"": 20.4, ""stage_complexity"": 0.2847}"
173477cb-12dc-4a40-8f2c-86d5e8628385,PROJ-1079,2025-05-16T00:00:00+00:00,615.99,615.99,138,138,0,1,2688457520.0,268845752.0,"{""SURVEY"": 0, ""VERIFICATION"": 0, ""OBJECTION"": 0, ""AWARD"": 0, ""COMPENSATION"": 0}","{""officers_count"": 12, ""sla_breaches"": 1, ""disputes_count"": 2, ""avg_days_per_stage"": 24.7, ""stage_complexity"": 0.2781}"
860e591c-ca21-4bfb-aa70-d2070871be51,PROJ-1079,2025-05-31T00:00:00+00:00,615.99,615.99,138,138,0,1,2688457520.0,268845752.0,"{""SURVEY"": 0, ""VERIFICATION"": 0, ""OBJECTION"": 0, ""AWARD"": 0, ""COMPENSATION"": 0}","{""officers_count"": 12, ""sla_breaches"": 2, ""disputes_count"": 3, ""avg_days_per_stage"": 16.9, ""stage_complexity"": 0.2066}"
25c9a507-fd18-4eeb-9afe-6d96bffbe4b5,PROJ-1079,2025-06-15T00:00:00+00:00,615.99,615.99,138,138,0,1,2688457520.0,268845752.0,"{""SURVEY"": 0, ""VERIFICATION"": 0, ""OBJECTION"": 0, ""AWARD"": 0, ""COMPENSATION"": 0}","{""officers_count"": 8, ""sla_breaches"": 0, ""disputes_count"": 1, ""avg_days_per_stage"": 23.3, ""stage_complexity"": 0.2088}"
f9e97741-0ea2-4694-8cd8-f6674770c0c0,PROJ-1079,2025-06-30T00:00:00+00:00,615.99,615.99,138,138,0,0,2688457520.0,268845752.0,"{""SURVEY"": 0, ""VERIFICATION"": 0, ""OBJECTION"": 0, ""AWARD"": 0, ""COMPENSATION"": 0}","{""officers_count"": 11, ""sla_breaches"": 1, ""disputes_count"": 2, ""avg_days_per_stage"": 33.3, ""stage_complexity"": 0.3112}"
c46fe7f3-47e0-4986-8519-f6febdfde0ee,PROJ-1080,2025-01-01T00:00:00+00:00,96.0,0.84,800,7,786,7,41821739.24,185227556.62,"{""SURVEY"": 235, ""VERIFICATION"": 235, ""OBJECTION"": 4, ""AWARD"": 157, ""COMPENSATION"": 157}","{""officers_count"": 3, ""sla_breaches"": 10, ""disputes_count"": 3, ""avg_days_per_stage"": 97.9, ""stage_complexity"": 0.8622}"
feec96ab-cacd-4279-8e03-697b0014b39a,PROJ-1080,2025-01-16T00:00:00+00:00,96.0,1.2,800,10,779,11,35381375.93,175229628.77,"{""SURVEY"": 233, ""VERIFICATION"": 233, ""OBJECTION"": 6, ""AWARD"": 155, ""COMPENSATION"": 155}","{""officers_count"": 4, ""sla_breaches"": 10, ""disputes_count"": 6, ""avg_days_per_stage"": 63.9, ""stage_complexity"": 0.8379}"
ea6e53f7-9d3c-44bd-b19f-c328ea9589ea,PROJ-1080,2025-01-31T00:00:00+00:00,96.0,1.56,800,13,774,13,58475602.05,170013880.51,"{""SURVEY"": 232, ""VERIFICATION"": 232, ""OBJECTION"": 7, ""AWARD"": 154, ""COMPENSATION"": 154}","{""officers_count"": 6, ""sla_breaches"": 10, ""disputes_count"": 8, ""avg_days_per_stage"": 83.3, ""stage_complexity"": 0.799}"
ad927c8e-bba0-47c2-9ff4-079e2a48d7d9,PROJ-1080,2025-02-15T00:00:00+00:00,96.0,2.52,800,21,761,18,45994697.97,213376607.8,"{""SURVEY"": 228, ""VERIFICATION"": 228, ""OBJECTION"": 10, ""AWARD"": 152, ""COMPENSATION"": 152}","{""officers_count"": 4, ""sla_breaches"": 6, ""disputes_count"": 7, ""avg_days_per_stage"": 62.5, ""stage_complexity"": 0.7655}"
d55502fa-367c-4e71-a890-3d4b9c7b0834,PROJ-1080,2025-03-02T00:00:00+00:00,96.0,3.36,800,28,752,20,55220421.97,204668999.04,"{""SURVEY"": 225, ""VERIFICATION"": 225, ""OBJECTION"": 12, ""AWARD"": 150, ""COMPENSATION"": 150}","{""officers_count"": 3, ""sla_breaches"": 9, ""disputes_count"": 3, ""avg_days_per_stage"": 98.8, ""stage_complexity"": 0.7404}"
5951fa9c-0115-45b1-8145-92830ccea0ab,PROJ-1080,2025-03-17T00:00:00+00:00,96.0,4.32,800,36,742,22,24556456.14,210342223.97,"{""SURVEY"": 222, ""VERIFICATION"": 222, ""OBJECTION"": 13, ""AWARD"": 148, ""COMPENSATION"": 148}","{""officers_count"": 3, ""sla_breaches"": 8, ""disputes_count"": 3, ""avg_days_per_stage"": 74.4, ""stage_complexity"": 0.8674}"
baeb9a27-1522-402b-9a14-6be272522a7e,PROJ-1080,2025-04-01T00:00:00+00:00,96.0,4.68,800,39,737,24,53499020.35,222701373.19,"{""SURVEY"": 221, ""VERIFICATION"": 221, ""OBJECTION"": 14, ""AWARD"": 147, ""COMPENSATION"": 147}","{""officers_count"": 4, ""sla_breaches"": 8, ""disputes_count"": 3, ""avg_days_per_stage"": 77.1, ""stage_complexity"": 0.7812}"
650db57f-2c91-4a45-8b45-e3c53ada7887,PROJ-1080,2025-04-16T00:00:00+00:00,96.0,5.4,800,45,729,26,51254173.33,194745582.64,"{""SURVEY"": 218, ""VERIFICATION"": 218, ""OBJECTION"": 15, ""AWARD"": 145, ""COMPENSATION"": 145}","{""officers_count"": 3, ""sla_breaches"": 10, ""disputes_count"": 8, ""avg_days_per_stage"": 67.8, ""stage_complexity"": 0.8033}"
63d64b7c-191b-4af9-9d18-15cc90abd741,PROJ-1080,2025-05-01T00:00:00+00:00,96.0,6.12,800,51,719,30,47573465.77,166100771.03,"{""SURVEY"": 215, ""VERIFICATION"": 215, ""OBJECTION"": 18, ""AWARD"": 143, ""COMPENSATION"": 143}","{""officers_count"": 3, ""sla_breaches"": 6, ""disputes_count"": 7, ""avg_days_per_stage"": 108.8, ""stage_complexity"": 0.811}"
bb58c422-e50d-4165-9b72-b4ee745a5c4c,PROJ-1080,2025-05-16T00:00:00+00:00,96.0,7.08,800,59,705,36,51889486.69,219069046.73,"{""SURVEY"": 211, ""VERIFICATION"": 211, ""OBJECTION"": 21, ""AWARD"": 141, ""COMPENSATION"": 141}","{""officers_count"": 3, ""sla_breaches"": 6, ""disputes_count"": 7, ""avg_days_per_stage"": 81.6, ""stage_complexity"": 0.7724}"
224c4939-8446-4235-a771-22fe18b82a0a,PROJ-1080,2025-05-31T00:00:00+00:00,96.0,7.68,800,64,695,41,59641427.35,189502050.78,"{""SURVEY"": 208, ""VERIFICATION"": 208, ""OBJECTION"": 24, ""AWARD"": 139, ""COMPENSATION"": 139}","{""officers_count"": 4, ""sla_breaches"": 7, ""disputes_count"": 6, ""avg_days_per_stage"": 67.8, ""stage_complexity"": 0.8402}"
24ddb15c-fdac-4cf5-894b-ae272edd23d5,PROJ-1080,2025-06-15T00:00:00+00:00,96.0,8.28,800,69,686,45,58510262.96,172492476.46,"{""SURVEY"": 205, ""VERIFICATION"": 205, ""OBJECTION"": 27, ""AWARD"": 137, ""COMPENSATION"": 137}","{""officers_count"": 5, ""sla_breaches"": 8, ""disputes_count"": 3, ""avg_days_per_stage"": 59.5, ""stage_complexity"": 0.7948}"
9b7518bd-d47e-4f98-b455-99556b167668,PROJ-1080,2025-06-30T00:00:00+00:00,96.0,8.64,800,72,680,48,57288531.35,219972193.61,"{""SURVEY"": 204, ""VERIFICATION"": 204, ""OBJECTION"": 28, ""AWARD"": 136, ""COMPENSATION"": 136}","{""officers_count"": 4, ""sla_breaches"": 5, ""disputes_count"": 5, ""avg_days_per_stage"": 97.1, ""stage_complexity"": 0.8592}"
87d7616a-fb9c-490a-ba4e-e41bbe38ad9c,PROJ-1081,2025-01-01T00:00:00+00:00,1053.25,16.35,773,12,761,0,0.0,1357933813.32,"{""SURVEY"": 228, ""VERIFICATION"": 228, ""OBJECTION"": 0, ""AWARD"": 152, ""COMPENSATION"": 152}","{""officers_count"": 8, ""sla_breaches"": 2, ""disputes_count"": 1, ""avg_days_per_stage"": 20.8, ""stage_complexity"": 0.2526}"
a77f5ac2-4ee6-40b9-86e9-d048335e5e9b,PROJ-1081,2025-01-16T00:00:00+00:00,1053.25,58.59,773,43,730,0,226322302.22,1312669352.87,"{""SURVEY"": 219, ""VERIFICATION"": 219, ""OBJECTION"": 0, ""AWARD"": 146, ""COMPENSATION"": 146}","{""officers_count"": 5, ""sla_breaches"": 0, ""disputes_count"": 3, ""avg_days_per_stage"": 17.8, ""stage_complexity"": 0.3403}"
e92578a2-90fa-4375-b062-7558743f0478,PROJ-1081,2025-01-31T00:00:00+00:00,1053.25,106.28,773,78,695,1,678966906.66,1222140431.99,"{""SURVEY"": 208, ""VERIFICATION"": 208, ""OBJECTION"": 0, ""AWARD"": 139, ""COMPENSATION"": 139}","{""officers_count"": 5, ""sla_breaches"": 0, ""disputes_count"": 3, ""avg_days_per_stage"": 15.1, ""stage_complexity"": 0.337}"
50bf7049-cc45-46f4-9ca4-d1530ce1648b,PROJ-1081,2025-02-15T00:00:00+00:00,1053.25,123.99,773,91,681,0,1357933813.32,1086347050.65,"{""SURVEY"": 204, ""VERIFICATION"": 204, ""OBJECTION"": 0, ""AWARD"": 136, ""COMPENSATION"": 136}","{""officers_count"": 5, ""sla_breaches"": 2, ""disputes_count"": 2, ""avg_days_per_stage"": 33.4, ""stage_complexity"": 0.2807}"
3b24f496-7ba6-427c-82d5-9a3c1e961366,PROJ-1081,2025-03-02T00:00:00+00:00,1053.25,153.97,773,113,660,0,2263223022.2,905289208.88,"{""SURVEY"": 198, ""VERIFICATION"": 198, ""OBJECTION"": 0, ""AWARD"": 132, ""COMPENSATION"": 132}","{""officers_count"": 10, ""sla_breaches"": 0, ""disputes_count"": 0, ""avg_days_per_stage"": 23.6, ""stage_complexity"": 0.3171}"
9cdb7ba4-3903-46de-a8aa-ace692819321,PROJ-1081,2025-03-17T00:00:00+00:00,1053.25,177.13,773,130,643,0,3394834533.29,678966906.66,"{""SURVEY"": 192, ""VERIFICATION"": 192, ""OBJECTION"": 0, ""AWARD"": 128, ""COMPENSATION"": 128}","{""officers_count"": 6, ""sla_breaches"": 0, ""disputes_count"": 0, ""avg_days_per_stage"": 21.8, ""stage_complexity"": 0.3732}"
d526cc95-0141-44a4-9171-82d4fe2eb3b7,PROJ-1081,2025-04-01T00:00:00+00:00,1053.25,208.47,773,153,620,1,4526446044.39,452644604.44,"{""SURVEY"": 186, ""VERIFICATION"": 186, ""OBJECTION"": 0, ""AWARD"": 124, ""COMPENSATION"": 124}","{""officers_count"": 5, ""sla_breaches"": 2, ""disputes_count"": 2, ""avg_days_per_stage"": 25.7, ""stage_complexity"": 0.2484}"
e51aa3d6-6d2a-4f53-aac7-3d7cef4eae8c,PROJ-1081,2025-04-16T00:00:00+00:00,1053.25,245.26,773,180,592,0,4526446044.39,452644604.44,"{""SURVEY"": 177, ""VERIFICATION"": 177, ""OBJECTION"": 0, ""AWARD"": 118, ""COMPENSATION"": 118}","{""officers_count"": 7, ""sla_breaches"": 1, ""disputes_count"": 3, ""avg_days_per_stage"": 27.4, ""stage_complexity"": 0.4408}"
74c7cc70-d9aa-4a88-ba76-ac72afb6ec08,PROJ-1081,2025-05-01T00:00:00+00:00,1053.25,272.51,773,200,573,1,4526446044.39,452644604.44,"{""SURVEY"": 171, ""VERIFICATION"": 171, ""OBJECTION"": 0, ""AWARD"": 114, ""COMPENSATION"": 114}","{""officers_count"": 9, ""sla_breaches"": 0, ""disputes_count"": 2, ""avg_days_per_stage"": 29.2, ""stage_complexity"": 0.2119}"
41c5a17d-be8d-49a8-ab76-7019882dc9d3,PROJ-1081,2025-05-16T00:00:00+00:00,1053.25,297.04,773,218,554,0,4526446044.39,452644604.44,"{""SURVEY"": 166, ""VERIFICATION"": 166, ""OBJECTION"": 0, ""AWARD"": 110, ""COMPENSATION"": 110}","{""officers_count"": 12, ""sla_breaches"": 1, ""disputes_count"": 2, ""avg_days_per_stage"": 19.2, ""stage_complexity"": 0.2841}"
4495d52d-f2db-4f27-8792-efb260c7c08e,PROJ-1081,2025-05-31T00:00:00+00:00,1053.25,316.11,773,232,541,1,4526446044.39,452644604.44,"{""SURVEY"": 162, ""VERIFICATION"": 162, ""OBJECTION"": 0, ""AWARD"": 108, ""COMPENSATION"": 108}","{""officers_count"": 11, ""sla_breaches"": 0, ""disputes_count"": 1, ""avg_days_per_stage"": 21.8, ""stage_complexity"": 0.3381}"
fe13a556-94c0-496d-91f0-5f301dabe89b,PROJ-1081,2025-06-15T00:00:00+00:00,1053.25,339.27,773,249,523,0,4526446044.39,452644604.44,"{""SURVEY"": 156, ""VERIFICATION"": 156, ""OBJECTION"": 0, ""AWARD"": 104, ""COMPENSATION"": 104}","{""officers_count"": 5, ""sla_breaches"": 0, ""disputes_count"": 2, ""avg_days_per_stage"": 19.0, ""stage_complexity"": 0.2959}"
e02ae27e-b964-4ac1-8105-0c485477fd0c,PROJ-1081,2025-06-30T00:00:00+00:00,1053.25,362.44,773,266,507,1,4526446044.39,452644604.44,"{""SURVEY"": 152, ""VERIFICATION"": 152, ""OBJECTION"": 0, ""AWARD"": 101, ""COMPENSATION"": 101}","{""officers_count"": 6, ""sla_breaches"": 2, ""disputes_count"": 3, ""avg_days_per_stage"": 21.2, ""stage_complexity"": 0.3137}"
31d3810b-5f4f-4b70-86a2-42ad00322380,PROJ-1081,2025-07-15T00:00:00+00:00,1053.25,377.43,773,277,495,0,4526446044.39,452644604.44,"{""SURVEY"": 148, ""VERIFICATION"": 148, ""OBJECTION"": 0, ""AWARD"": 99, ""COMPENSATION"": 99}","{""officers_count"": 10, ""sla_breaches"": 2, ""disputes_count"": 0, ""avg_days_per_stage"": 28.1, ""stage_complexity"": 0.2632}"
bc58def9-0fbc-445d-a32e-bde933af2133,PROJ-1081,2025-07-30T00:00:00+00:00,1053.25,401.95,773,295,478,0,4526446044.39,452644604.44,"{""SURVEY"": 143, ""VERIFICATION"": 143, ""OBJECTION"": 0, ""AWARD"": 95, ""COMPENSATION"": 95}","{""officers_count"": 6, ""sla_breaches"": 0, ""disputes_count"": 0, ""avg_days_per_stage"": 23.6, ""stage_complexity"": 0.2754}"
6c5673c0-a6a5-4698-a59f-1be86f1d6c1d,PROJ-1081,2025-08-14T00:00:00+00:00,1053.25,437.38,773,321,452,0,4526446044.39,452644604.44,"{""SURVEY"": 135, ""VERIFICATION"": 135, ""OBJECTION"": 0, ""AWARD"": 90, ""COMPENSATION"": 90}","{""officers_count"": 8, ""sla_breaches"": 1, ""disputes_count"": 0, ""avg_days_per_stage"": 31.6, ""stage_complexity"": 0.4229}"
9f97c74e-5a6e-43b8-8220-d64c0cf59e99,PROJ-1081,2025-08-29T00:00:00+00:00,1053.25,451.0,773,331,442,1,4526446044.39,452644604.44,"{""SURVEY"": 132, ""VERIFICATION"": 132, ""OBJECTION"": 0, ""AWARD"": 88, ""COMPENSATION"": 88}","{""officers_count"": 10, ""sla_breaches"": 2, ""disputes_count"": 3, ""avg_days_per_stage"": 19.7, ""stage_complexity"": 0.3104}"
6deb7986-8214-4183-9e1b-b38f4a18bb59,PROJ-1081,2025-09-13T00:00:00+00:00,1053.25,474.17,773,348,424,1,4526446044.39,452644604.44,"{""SURVEY"": 127, ""VERIFICATION"": 127, ""OBJECTION"": 0, ""AWARD"": 84, ""COMPENSATION"": 84}","{""officers_count"": 12, ""sla_breaches"": 2, ""disputes_count"": 3, ""avg_days_per_stage"": 19.2, ""stage_complexity"": 0.3521}"
07879ce6-37e4-49b1-9421-320ef99831aa,PROJ-1082,2025-01-01T00:00:00+00:00,522.32,21.42,439,18,420,0,0.0,745101554.79,"{""SURVEY"": 126, ""VERIFICATION"": 126, ""OBJECTION"": 0, ""AWARD"": 84, ""COMPENSATION"": 84}","{""officers_count"": 8, ""sla_breaches"": 0, ""disputes_count"": 2, ""avg_days_per_stage"": 28.9, ""stage_complexity"": 0.239}"
b19ef605-cce6-457f-8a1a-69cc71bdbfd9,PROJ-1082,2025-01-16T00:00:00+00:00,522.32,40.45,439,34,405,1,124183592.47,720264836.3,"{""SURVEY"": 121, ""VERIFICATION"": 121, ""OBJECTION"": 0, ""AWARD"": 81, ""COMPENSATION"": 81}","{""officers_count"": 10, ""sla_breaches"": 2, ""disputes_count"": 0, ""avg_days_per_stage"": 32.6, ""stage_complexity"": 0.3068}"
43e93dc2-3ef2-4880-8f54-34b79a05b416,PROJ-1082,2025-01-31T00:00:00+00:00,522.32,59.49,439,50,388,0,372550777.4,670591399.32,"{""SURVEY"": 116, ""VERIFICATION"": 116, ""OBJECTION"": 0, ""AWARD"": 77, ""COMPENSATION"": 77}","{""officers_count"": 12, ""sla_breaches"": 0, ""disputes_count"": 1, ""avg_days_per_stage"": 31.0, ""stage_complexity"": 0.3624}"
6594fafd-254c-4d8d-a6f7-a7779a71d69b,PROJ-1082,2025-02-15T00:00:00+00:00,522.32,84.48,439,71,368,1,745101554.79,596081243.84,"{""SURVEY"": 110, ""VERIFICATION"": 110, ""OBJECTION"": 0, ""AWARD"": 73, ""COMPENSATION"": 73}","{""officers_count"": 11, ""sla_breaches"": 1, ""disputes_count"": 3, ""avg_days_per_stage"": 31.5, ""stage_complexity"": 0.2382}"
2e4aa77c-1eb8-4a2c-940e-10ffb41dcee2,PROJ-1082,2025-03-02T00:00:00+00:00,522.32,99.94,439,84,354,0,1241835924.66,496734369.86,"{""SURVEY"": 106, ""VERIFICATION"": 106, ""OBJECTION"": 0, ""AWARD"": 70, ""COMPENSATION"": 70}","{""officers_count"": 11, ""sla_breaches"": 1, ""disputes_count"": 0, ""avg_days_per_stage"": 31.6, ""stage_complexity"": 0.3346}"
67a5a293-3635-4ad2-97fb-7ffe89c55558,PROJ-1083,2025-01-01T00:00:00+00:00,202.15,11.23,288,16,267,3,0.0,277299526.29,"{""SURVEY"": 80, ""VERIFICATION"": 80, ""OBJECTION"": 1, ""AWARD"": 53, ""COMPENSATION"": 53}","{""officers_count"": 7, ""sla_breaches"": 2, ""disputes_count"": 1, ""avg_days_per_stage"": 33.7, ""stage_complexity"": 0.254}"
e25ad770-1e46-4968-8b52-c9ac7b3fdd11,PROJ-1083,2025-01-16T00:00:00+00:00,202.15,23.86,288,34,251,1,46216587.72,268056208.75,"{""SURVEY"": 75, ""VERIFICATION"": 75, ""OBJECTION"": 0, ""AWARD"": 50, ""COMPENSATION"": 50}","{""officers_count"": 12, ""sla_breaches"": 0, ""disputes_count"": 1, ""avg_days_per_stage"": 20.0, ""stage_complexity"": 0.2709}"
7dc8ec8d-3d61-47e2-b67b-690a8fbf3360,PROJ-1083,2025-01-31T00:00:00+00:00,202.15,48.43,288,69,218,2,138649763.15,249569573.66,"{""SURVEY"": 65, ""VERIFICATION"": 65, ""OBJECTION"": 1, ""AWARD"": 43, ""COMPENSATION"": 43}","{""officers_count"": 6, ""sla_breaches"": 2, ""disputes_count"": 2, ""avg_days_per_stage"": 18.1, ""stage_complexity"": 0.4048}"
2f21ad67-15c9-4c50-8e50-425bda2185e5,PROJ-1083,2025-02-15T00:00:00+00:00,202.15,66.68,288,95,191,3,277299526.29,221839621.03,"{""SURVEY"": 57, ""VERIFICATION"": 57, ""OBJECTION"": 1, ""AWARD"": 38, ""COMPENSATION"": 38}","{""officers_count"": 7, ""sla_breaches"": 1, ""disputes_count"": 1, ""avg_days_per_stage"": 33.4, ""stage_complexity"": 0.2815}"
6b1c3988-af61-4ac9-a46c-4a217e132b4c,PROJ-1083,2025-03-02T00:00:00+00:00,202.15,84.23,288,120,165,4,462165877.15,184866350.86,"{""SURVEY"": 49, ""VERIFICATION"": 49, ""OBJECTION"": 2, ""AWARD"": 33, ""COMPENSATION"": 33}","{""officers_count"": 11, ""sla_breaches"": 0, ""disputes_count"": 3, ""avg_days_per_stage"": 32.3, ""stage_complexity"": 0.4343}"
07724bb2-3ec9-4af7-b0a0-95c7ad72d8c4,PROJ-1083,2025-03-17T00:00:00+00:00,202.15,105.99,288,151,133,4,693248815.73,138649763.15,"{""SURVEY"": 39, ""VERIFICATION"": 39, ""OBJECTION"": 2, ""AWARD"": 26, ""COMPENSATION"": 26}","{""officers_count"": 8, ""sla_breaches"": 0, ""disputes_count"": 0, ""avg_days_per_stage"": 24.7, ""stage_complexity"": 0.2144}"
10c9f6ab-dcc0-468e-a823-504c17001fef,PROJ-1083,2025-04-01T00:00:00+00:00,202.15,116.52,288,166,118,5,924331754.3,92433175.43,"{""SURVEY"": 35, ""VERIFICATION"": 35, ""OBJECTION"": 3, ""AWARD"": 23, ""COMPENSATION"": 23}","{""officers_count"": 8, ""sla_breaches"": 0, ""disputes_count"": 3, ""avg_days_per_stage"": 20.3, ""stage_complexity"": 0.3398}"
14e31a2a-3b3f-4962-8e72-eeb83daa8632,PROJ-1083,2025-04-16T00:00:00+00:00,202.15,124.24,288,177,106,5,924331754.3,92433175.43,"{""SURVEY"": 31, ""VERIFICATION"": 31, ""OBJECTION"": 3, ""AWARD"": 21, ""COMPENSATION"": 21}","{""officers_count"": 11, ""sla_breaches"": 2, ""disputes_count"": 3, ""avg_days_per_stage"": 24.8, ""stage_complexity"": 0.2532}"
271a0ecd-a190-41ab-8284-278df46780a2,PROJ-1083,2025-05-01T00:00:00+00:00,202.15,141.08,288,201,82,4,924331754.3,92433175.43,"{""SURVEY"": 24, ""VERIFICATION"": 24, ""OBJECTION"": 2, ""AWARD"": 16, ""COMPENSATION"": 16}","{""officers_count"": 10, ""sla_breaches"": 2, ""disputes_count"": 1, ""avg_days_per_stage"": 29.3, ""stage_complexity"": 0.4155}"
3956ee18-ff26-45c4-8e20-18c1ce835167,PROJ-1083,2025-05-16T00:00:00+00:00,202.15,152.31,288,217,67,2,924331754.3,92433175.43,"{""SURVEY"": 20, ""VERIFICATION"": 20, ""OBJECTION"": 1, ""AWARD"": 13, ""COMPENSATION"": 13}","{""officers_count"": 11, ""sla_breaches"": 1, ""disputes_count"": 3, ""avg_days_per_stage"": 17.9, ""stage_complexity"": 0.2918}"
4e4621b0-5173-4336-9efc-188b3890829f,PROJ-1083,2025-05-31T00:00:00+00:00,202.15,168.46,288,240,46,3,924331754.3,92433175.43,"{""SURVEY"": 13, ""VERIFICATION"": 13, ""OBJECTION"": 1, ""AWARD"": 9, ""COMPENSATION"": 9}","{""officers_count"": 11, ""sla_breaches"": 1, ""disputes_count"": 0, ""avg_days_per_stage"": 34.2, ""stage_complexity"": 0.2787}"
11099433-c33e-4175-9a3b-f440943dc116,PROJ-1083,2025-06-15T00:00:00+00:00,202.15,191.62,288,273,12,2,924331754.3,92433175.43,"{""SURVEY"": 3, ""VERIFICATION"": 3, ""OBJECTION"": 1, ""AWARD"": 2, ""COMPENSATION"": 2}","{""officers_count"": 6, ""sla_breaches"": 0, ""disputes_count"": 1, ""avg_days_per_stage"": 19.0, ""stage_complexity"": 0.424}"
b69544f8-098a-480d-b79d-0fd9c8a80486,PROJ-1083,2025-06-30T00:00:00+00:00,202.15,202.15,288,288,0,2,924331754.3,92433175.43,"{""SURVEY"": 0, ""VERIFICATION"": 0, ""OBJECTION"": 1, ""AWARD"": 0, ""COMPENSATION"": 0}","{""officers_count"": 9, ""sla_breaches"": 1, ""disputes_count"": 3, ""avg_days_per_stage"": 20.4, ""stage_complexity"": 0.2197}"
8cb137a8-0c28-4f04-be91-a6d82ce65ddf,PROJ-1083,2025-07-15T00:00:00+00:00,202.15,202.15,288,288,0,1,924331754.3,92433175.43,"{""SURVEY"": 0, ""VERIFICATION"": 0, ""OBJECTION"": 0, ""AWARD"": 0, ""COMPENSATION"": 0}","{""officers_count"": 7, ""sla_breaches"": 2, ""disputes_count"": 0, ""avg_days_per_stage"": 24.4, ""stage_complexity"": 0.4415}"
7eec98f8-e122-4d01-9c39-008e2568adbb,PROJ-1084,2025-01-01T00:00:00+00:00,300.72,13.86,282,13,265,4,439247473.05,692854022.76,"{""SURVEY"": 79, ""VERIFICATION"": 79, ""OBJECTION"": 2, ""AWARD"": 53, ""COMPENSATION"": 53}","{""officers_count"": 5, ""sla_breaches"": 3, ""disputes_count"": 4, ""avg_days_per_stage"": 37.2, ""stage_complexity"": 0.592}"
16896f7d-68f3-4805-854e-306370049aab,PROJ-1084,2025-01-16T00:00:00+00:00,300.72,19.19,282,18,261,3,786782111.18,830516244.03,"{""SURVEY"": 78, ""VERIFICATION"": 78, ""OBJECTION"": 1, ""AWARD"": 52, ""COMPENSATION"": 52}","{""officers_count"": 4, ""sla_breaches"": 2, ""disputes_count"": 6, ""avg_days_per_stage"": 54.6, ""stage_complexity"": 0.5807}"
5d8c7fce-e210-471e-94b8-06ad72812bbb,PROJ-1084,2025-01-31T00:00:00+00:00,300.72,31.99,282,30,247,5,593189685.33,625158869.93,"{""SURVEY"": 74, ""VERIFICATION"": 74, ""OBJECTION"": 3, ""AWARD"": 49, ""COMPENSATION"": 49}","{""officers_count"": 4, ""sla_breaches"": 2, ""disputes_count"": 7, ""avg_days_per_stage"": 54.2, ""stage_complexity"": 0.45}"
8cbe2577-793e-4d7d-a776-6c5e06837e18,PROJ-1084,2025-02-15T00:00:00+00:00,300.72,45.85,282,43,232,7,533662114.06,644791427.86,"{""SURVEY"": 69, ""VERIFICATION"": 69, ""OBJECTION"": 4, ""AWARD"": 46, ""COMPENSATION"": 46}","{""officers_count"": 3, ""sla_breaches"": 2, ""disputes_count"": 4, ""avg_days_per_stage"": 36.3, ""stage_complexity"": 0.5902}"
0322daf5-a093-429b-bce9-6387b34a7939,PROJ-1084,2025-03-02T00:00:00+00:00,300.72,53.32,282,50,224,8,708861847.41,862577075.27,"{""SURVEY"": 67, ""VERIFICATION"": 67, ""OBJECTION"": 4, ""AWARD"": 44, ""COMPENSATION"": 44}","{""officers_count"": 6, ""sla_breaches"": 5, ""disputes_count"": 3, ""avg_days_per_stage"": 57.5, ""stage_complexity"": 0.6171}"
67ca6ebd-da19-44b8-a4a8-67a81ccc85a7,PROJ-1084,2025-03-17T00:00:00+00:00,300.72,59.72,282,56,217,9,395444227.86,861247132.69,"{""SURVEY"": 65, ""VERIFICATION"": 65, ""OBJECTION"": 5, ""AWARD"": 43, ""COMPENSATION"": 43}","{""officers_count"": 3, ""sla_breaches"": 5, ""disputes_count"": 6, ""avg_days_per_stage"": 43.7, ""stage_complexity"": 0.513}"
0d3fc7f6-05ce-4422-90dc-e66df15a49ca,PROJ-1084,2025-04-01T00:00:00+00:00,300.72,66.12,282,62,210,10,624639752.2,854920206.74,"{""SURVEY"": 63, ""VERIFICATION"": 63, ""OBJECTION"": 6, ""AWARD"": 42, ""COMPENSATION"": 42}","{""officers_count"": 4, ""sla_breaches"": 2, ""disputes_count"": 7, ""avg_days_per_stage"": 52.1, ""stage_complexity"": 0.5603}"
dffc40d4-f811-4630-a7db-c35a2a90f05b,PROJ-1084,2025-04-16T00:00:00+00:00,300.72,71.45,282,67,203,12,647082295.05,790061506.65,"{""SURVEY"": 60, ""VERIFICATION"": 60, ""OBJECTION"": 7, ""AWARD"": 40, ""COMPENSATION"": 40}","{""officers_count"": 4, ""sla_breaches"": 5, ""disputes_count"": 4, ""avg_days_per_stage"": 64.7, ""stage_complexity"": 0.5014}"
5a47bdc8-42e0-421f-b242-4aa65c4743a4,PROJ-1084,2025-05-01T00:00:00+00:00,300.72,85.31,282,80,187,15,519859777.64,531743104.59,"{""SURVEY"": 56, ""VERIFICATION"": 56, ""OBJECTION"": 9, ""AWARD"": 37, ""COMPENSATION"": 37}","{""officers_count"": 5, ""sla_breaches"": 4, ""disputes_count"": 6, ""avg_days_per_stage"": 57.5, ""stage_complexity"": 0.5194}"
36178e9d-383d-44c5-9ce9-3e87a7e45f4a,PROJ-1084,2025-05-16T00:00:00+00:00,300.72,94.91,282,89,178,15,396561902.96,897316894.93,"{""SURVEY"": 53, ""VERIFICATION"": 53, ""OBJECTION"": 9, ""AWARD"": 35, ""COMPENSATION"": 35}","{""officers_count"": 4, ""sla_breaches"": 2, ""disputes_count"": 2, ""avg_days_per_stage"": 52.2, ""stage_complexity"": 0.6566}"
a8d5a53d-c662-4000-b192-f9bc46b9b744,PROJ-1084,2025-05-31T00:00:00+00:00,300.72,110.9,282,104,161,17,376120629.19,795605333.98,"{""SURVEY"": 48, ""VERIFICATION"": 48, ""OBJECTION"": 10, ""AWARD"": 32, ""COMPENSATION"": 32}","{""officers_count"": 4, ""sla_breaches"": 3, ""disputes_count"": 3, ""avg_days_per_stage"": 39.7, ""stage_complexity"": 0.5663}"
3d99cf17-eb94-41b3-8936-2302d4e45445,PROJ-1084,2025-06-15T00:00:00+00:00,300.72,117.3,282,110,152,20,514632465.0,804213928.54,"{""SURVEY"": 45, ""VERIFICATION"": 45, ""OBJECTION"": 12, ""AWARD"": 30, ""COMPENSATION"": 30}","{""officers_count"": 4, ""sla_breaches"": 5, ""disputes_count"": 5, ""avg_days_per_stage"": 63.2, ""stage_complexity"": 0.5789}"
24662f88-e9ae-48f3-b3a9-c36f92293d3c,PROJ-1084,2025-06-30T00:00:00+00:00,300.72,131.17,282,123,140,19,715058786.41,541068671.86,"{""SURVEY"": 42, ""VERIFICATION"": 42, ""OBJECTION"": 11, ""AWARD"": 28, ""COMPENSATION"": 28}","{""officers_count"": 4, ""sla_breaches"": 2, ""disputes_count"": 5, ""avg_days_per_stage"": 50.6, ""stage_complexity"": 0.413}"
282322fa-36bf-494a-8688-86adc9cb9fb5,PROJ-1084,2025-07-15T00:00:00+00:00,300.72,136.5,282,128,134,20,368109309.09,723152620.84,"{""SURVEY"": 40, ""VERIFICATION"": 40, ""OBJECTION"": 12, ""AWARD"": 26, ""COMPENSATION"": 26}","{""officers_count"": 3, ""sla_breaches"": 3, ""disputes_count"": 2, ""avg_days_per_stage"": 54.7, ""stage_complexity"": 0.6315}"
b7d4ea3a-3af5-42ed-ad42-b4db36714af6,PROJ-1084,2025-07-30T00:00:00+00:00,300.72,141.83,282,133,129,20,404578192.52,932302038.45,"{""SURVEY"": 38, ""VERIFICATION"": 38, ""OBJECTION"": 12, ""AWARD"": 25, ""COMPENSATION"": 25}","{""officers_count"": 5, ""sla_breaches"": 2, ""disputes_count"": 7, ""avg_days_per_stage"": 49.7, ""stage_complexity"": 0.5652}"
a096e2d5-0794-4794-b5c6-f294a8a2418e,PROJ-1084,2025-08-14T00:00:00+00:00,300.72,152.49,282,143,119,20,756136874.4,482578455.1,"{""SURVEY"": 35, ""VERIFICATION"": 35, ""OBJECTION"": 12, ""AWARD"": 23, ""COMPENSATION"": 23}","{""officers_count"": 5, ""sla_breaches"": 2, ""disputes_count"": 6, ""avg_days_per_stage"": 51.0, ""stage_complexity"": 0.5627}"
840a3c04-42df-4f47-9ac2-df672431b5fc,PROJ-1084,2025-08-29T00:00:00+00:00,300.72,159.96,282,150,110,22,326087440.93,657727379.29,"{""SURVEY"": 33, ""VERIFICATION"": 33, ""OBJECTION"": 13, ""AWARD"": 22, ""COMPENSATION"": 22}","{""officers_count"": 4, ""sla_breaches"": 5, ""disputes_count"": 2, ""avg_days_per_stage"": 42.7, ""stage_complexity"": 0.5838}"
a0e6e3cf-5ad0-4723-be82-d74b0d14e82c,PROJ-1084,2025-09-13T00:00:00+00:00,300.72,168.49,282,158,100,24,486131401.76,537745320.2,"{""SURVEY"": 30, ""VERIFICATION"": 30, ""OBJECTION"": 14, ""AWARD"": 20, ""COMPENSATION"": 20}","{""officers_count"": 5, ""sla_breaches"": 3, ""disputes_count"": 3, ""avg_days_per_stage"": 45.8, ""stage_complexity"": 0.497}"
e4138599-f6a6-474e-b22a-f91a40278e5d,PROJ-1085,2025-01-01T00:00:00+00:00,1055.21,20.96,151,3,142,6,825943922.93,3550418140.38,"{""SURVEY"": 42, ""VERIFICATION"": 42, ""OBJECTION"": 3, ""AWARD"": 28, ""COMPENSATION"": 28}","{""officers_count"": 6, ""sla_breaches"": 6, ""disputes_count"": 4, ""avg_days_per_stage"": 88.7, ""stage_complexity"": 0.7749}"
81159e6c-4adb-41be-9800-3005d97d4848,PROJ-1085,2025-01-16T00:00:00+00:00,1055.21,41.93,151,6,133,12,900383475.26,3410660688.36,"{""SURVEY"": 39, ""VERIFICATION"": 39, ""OBJECTION"": 7, ""AWARD"": 26, ""COMPENSATION"": 26}","{""officers_count"": 4, ""sla_breaches"": 9, ""disputes_count"": 4, ""avg_days_per_stage"": 107.0, ""stage_complexity"": 0.7531}"
c45f0089-5f8b-4db0-b28a-1d548133eae2,PROJ-1085,2025-01-31T00:00:00+00:00,1055.21,55.91,151,8,125,18,714124568.25,2757716421.48,"{""SURVEY"": 37, ""VERIFICATION"": 37, ""OBJECTION"": 10, ""AWARD"": 25, ""COMPENSATION"": 25}","{""officers_count"": 4, ""sla_breaches"": 7, ""disputes_count"": 6, ""avg_days_per_stage"": 101.8, ""stage_complexity"": 0.8187}"
ad65cf08-5320-476d-a016-5a07e4b280ed,PROJ-1085,2025-02-15T00:00:00+00:00,1055.21,97.83,151,14,117,20,529280185.79,2758684066.49,"{""SURVEY"": 35, ""VERIFICATION"": 35, ""OBJECTION"": 12, ""AWARD"": 23, ""COMPENSATION"": 23}","{""officers_count"": 4, ""sla_breaches"": 10, ""disputes_count"": 6, ""avg_days_per_stage"": 65.8, ""stage_complexity"": 0.8639}"
17f71fca-bec6-4556-b715-348584e3c1d1,PROJ-1085,2025-03-02T00:00:00+00:00,1055.21,125.79,151,18,110,23,688336746.94,2876547861.87,"{""SURVEY"": 33, ""VERIFICATION"": 33, ""OBJECTION"": 13, ""AWARD"": 22, ""COMPENSATION"": 22}","{""officers_count"": 3, ""sla_breaches"": 9, ""disputes_count"": 3, ""avg_days_per_stage"": 81.1, ""stage_complexity"": 0.8917}"
85a4dc04-2f9a-41e6-af10-ffc4d54bbb79,PROJ-1085,2025-03-17T00:00:00+00:00,1055.21,167.72,151,24,101,26,651952496.54,3147395816.97,"{""SURVEY"": 30, ""VERIFICATION"": 30, ""OBJECTION"": 15, ""AWARD"": 20, ""COMPENSATION"": 20}","{""officers_count"": 5, ""sla_breaches"": 8, ""disputes_count"": 8, ""avg_days_per_stage"": 61.2, ""stage_complexity"": 0.7186}"
cf8aee84-2ee1-418f-8fc8-f4ea097fd37e,PROJ-1086,2025-01-01T00:00:00+00:00,376.1,1.65,683,3,670,10,479143050.97,1038925104.99,"{""SURVEY"": 201, ""VERIFICATION"": 201, ""OBJECTION"": 6, ""AWARD"": 134, ""COMPENSATION"": 134}","{""officers_count"": 4, ""sla_breaches"": 6, ""disputes_count"": 14, ""avg_days_per_stage"": 117.8, ""stage_complexity"": 0.8975}"
642961e0-0f42-4af3-8dd8-70da2a43471f,PROJ-1086,2025-01-16T00:00:00+00:00,376.1,2.2,683,4,662,17,312842952.22,1084136901.86,"{""SURVEY"": 198, ""VERIFICATION"": 198, ""OBJECTION"": 10, ""AWARD"": 132, ""COMPENSATION"": 132}","{""officers_count"": 5, ""sla_breaches"": 8, ""disputes_count"": 19, ""avg_days_per_stage"": 107.0, ""stage_complexity"": 0.8443}"
a553bac0-705c-46c8-b581-028f9fc82344,PROJ-1086,2025-01-31T00:00:00+00:00,376.1,2.75,683,5,651,27,327511149.64,1030684009.33,"{""SURVEY"": 195, ""VERIFICATION"": 195, ""OBJECTION"": 16, ""AWARD"": 130, ""COMPENSATION"": 130}","{""officers_count"": 2, ""sla_breaches"": 4, ""disputes_count"": 30, ""avg_days_per_stage"": 88.5, ""stage_complexity"": 0.766}"
6186e682-b33c-4bb8-bfad-afafc1f2b461,PROJ-1086,2025-02-15T00:00:00+00:00,376.1,6.06,683,11,637,35,479176444.45,1568198071.03,"{""SURVEY"": 191, ""VERIFICATION"": 191, ""OBJECTION"": 21, ""AWARD"": 127, ""COMPENSATION"": 127}","{""officers_count"": 5, ""sla_breaches"": 6, ""disputes_count"": 45, ""avg_days_per_stage"": 108.2, ""stage_complexity"": 0.8841}"
e461e0c3-5e41-4a0e-a637-4abb130c0684,PROJ-1086,2025-03-02T00:00:00+00:00,376.1,6.61,683,12,631,40,579837014.76,913017742.57,"{""SURVEY"": 189, ""VERIFICATION"": 189, ""OBJECTION"": 24, ""AWARD"": 126, ""COMPENSATION"": 126}","{""officers_count"": 2, ""sla_breaches"": 6, ""disputes_count"": 45, ""avg_days_per_stage"": 91.0, ""stage_complexity"": 0.9104}"
d6d1da58-4b6d-41c0-bb57-917bc15d090d,PROJ-1086,2025-03-17T00:00:00+00:00,376.1,9.91,683,18,617,48,323841486.92,1394898053.92,"{""SURVEY"": 185, ""VERIFICATION"": 185, ""OBJECTION"": 28, ""AWARD"": 123, ""COMPENSATION"": 123}","{""officers_count"": 3, ""sla_breaches"": 9, ""disputes_count"": 53, ""avg_days_per_stage"": 88.3, ""stage_complexity"": 0.8531}"
32577507-41fd-4e97-95ed-2ffe29e3b8e4,PROJ-1086,2025-04-01T00:00:00+00:00,376.1,11.56,683,21,608,54,604759202.84,993291863.1,"{""SURVEY"": 182, ""VERIFICATION"": 182, ""OBJECTION"": 32, ""AWARD"": 121, ""COMPENSATION"": 121}","{""officers_count"": 2, ""sla_breaches"": 7, ""disputes_count"": 60, ""avg_days_per_stage"": 106.4, ""stage_complexity"": 0.8844}"
332b92ff-0c1a-422c-b753-b7a2eec16c2c,PROJ-1086,2025-04-16T00:00:00+00:00,376.1,12.11,683,22,599,62,344683903.32,1300063970.16,"{""SURVEY"": 179, ""VERIFICATION"": 179, ""OBJECTION"": 37, ""AWARD"": 119, ""COMPENSATION"": 119}","{""officers_count"": 4, ""sla_breaches"": 5, ""disputes_count"": 66, ""avg_days_per_stage"": 89.5, ""stage_complexity"": 0.8605}"
3eba274b-df08-46ef-a0ec-bb3eaf7b8d8d,PROJ-1087,2025-01-01T00:00:00+00:00,1120.61,70.18,511,32,476,3,0.0,1919238056.43,"{""SURVEY"": 142, ""VERIFICATION"": 142, ""OBJECTION"": 1, ""AWARD"": 95, ""COMPENSATION"": 95}","{""officers_count"": 8, ""sla_breaches"": 1, ""disputes_count"": 1, ""avg_days_per_stage"": 23.5, ""stage_complexity"": 0.2938}"
3d2ef0fb-d353-409a-a6f3-39d53bf78e70,PROJ-1087,2025-01-16T00:00:00+00:00,1120.61,118.42,511,54,454,1,319873009.41,1855263454.55,"{""SURVEY"": 136, ""VERIFICATION"": 136, ""OBJECTION"": 0, ""AWARD"": 90, ""COMPENSATION"": 90}","{""officers_count"": 10, ""sla_breaches"": 0, ""disputes_count"": 1, ""avg_days_per_stage"": 19.1, ""stage_complexity"": 0.2965}"
c9c6fafc-16ba-44c8-96f1-466c9e9f7403,PROJ-1087,2025-01-31T00:00:00+00:00,1120.61,179.82,511,82,428,0,959619028.22,1727314250.79,"{""SURVEY"": 128, ""VERIFICATION"": 128, ""OBJECTION"": 0, ""AWARD"": 85, ""COMPENSATION"": 85}","{""officers_count"": 10, ""sla_breaches"": 1, ""disputes_count"": 3, ""avg_days_per_stage"": 28.7, ""stage_complexity"": 0.2392}"
1a27a0ba-1fc5-4178-a7f6-23d82386f4b6,PROJ-1087,2025-02-15T00:00:00+00:00,1120.61,239.03,511,109,402,0,1919238056.43,1535390445.15,"{""SURVEY"": 120, ""VERIFICATION"": 120, ""OBJECTION"": 0, ""AWARD"": 80, ""COMPENSATION"": 80}","{""officers_count"": 7, ""sla_breaches"": 0, ""disputes_count"": 1, ""avg_days_per_stage"": 24.5, ""stage_complexity"": 0.3889}"
36f30706-c7d8-46f4-81e8-30e5c6bae07c,PROJ-1087,2025-03-02T00:00:00+00:00,1120.61,311.4,511,142,369,1,3198730094.06,1279492037.62,"{""SURVEY"": 110, ""VERIFICATION"": 110, ""OBJECTION"": 0, ""AWARD"": 73, ""COMPENSATION"": 73}","{""officers_count"": 6, ""sla_breaches"": 2, ""disputes_count"": 3, ""avg_days_per_stage"": 27.6, ""stage_complexity"": 0.2028}"
302cdcfe-7ae3-40b7-91fc-35e44c367064,PROJ-1087,2025-03-17T00:00:00+00:00,1120.61,388.16,511,177,333,0,4798095141.08,959619028.22,"{""SURVEY"": 99, ""VERIFICATION"": 99, ""OBJECTION"": 0, ""AWARD"": 66, ""COMPENSATION"": 66}","{""officers_count"": 12, ""sla_breaches"": 2, ""disputes_count"": 3, ""avg_days_per_stage"": 19.4, ""stage_complexity"": 0.3649}"
2f18aadc-18c2-4e70-9885-85aa8a12dd2e,PROJ-1087,2025-04-01T00:00:00+00:00,1120.61,421.05,511,192,319,0,6397460188.11,639746018.81,"{""SURVEY"": 95, ""VERIFICATION"": 95, ""OBJECTION"": 0, ""AWARD"": 63, ""COMPENSATION"": 63}","{""officers_count"": 9, ""sla_breaches"": 1, ""disputes_count"": 3, ""avg_days_per_stage"": 26.8, ""stage_complexity"": 0.3038}"
43ee8877-94cd-48bc-9e5b-251587ccc200,PROJ-1088,2025-01-01T00:00:00+00:00,358.86,32.33,111,10,98,2,0.0,449556964.11,"{""SURVEY"": 29, ""VERIFICATION"": 29, ""OBJECTION"": 1, ""AWARD"": 19, ""COMPENSATION"": 19}","{""officers_count"": 10, ""sla_breaches"": 2, ""disputes_count"": 3, ""avg_days_per_stage"": 23.2, ""stage_complexity"": 0.3772}"
72879fcc-913c-439d-be10-1692c3b19a5f,PROJ-1088,2025-01-16T00:00:00+00:00,358.86,122.85,111,38,71,3,74926160.69,434571731.97,"{""SURVEY"": 21, ""VERIFICATION"": 21, ""OBJECTION"": 1, ""AWARD"": 14, ""COMPENSATION"": 14}","{""officers_count"": 9, ""sla_breaches"": 2, ""disputes_count"": 0, ""avg_days_per_stage"": 22.1, ""stage_complexity"": 0.2325}"
41228cbc-3f8c-4705-8b5d-4cf28caef5c8,PROJ-1088,2025-01-31T00:00:00+00:00,358.86,187.51,111,58,50,4,224778482.06,404601267.7,"{""SURVEY"": 15, ""VERIFICATION"": 15, ""OBJECTION"": 2, ""AWARD"": 10, ""COMPENSATION"": 10}","{""officers_count"": 8, ""sla_breaches"": 0, ""disputes_count"": 1, ""avg_days_per_stage"": 34.3, ""stage_complexity"": 0.2597}"
d0ed2f1d-7730-4f1f-a015-9648fcee9c98,PROJ-1088,2025-02-15T00:00:00+00:00,358.86,239.24,111,74,33,2,449556964.11,359645571.29,"{""SURVEY"": 9, ""VERIFICATION"": 9, ""OBJECTION"": 1, ""AWARD"": 6, ""COMPENSATION"": 6}","{""officers_count"": 11, ""sla_breaches"": 2, ""disputes_count"": 3, ""avg_days_per_stage"": 17.7, ""stage_complexity"": 0.2301}"
618d3f2a-1feb-4971-8356-6973b7554cd1,PROJ-1088,2025-03-02T00:00:00+00:00,358.86,329.76,111,102,7,1,749261606.85,299704642.74,"{""SURVEY"": 2, ""VERIFICATION"": 2, ""OBJECTION"": 0, ""AWARD"": 1, ""COMPENSATION"": 1}","{""officers_count"": 11, ""sla_breaches"": 2, ""disputes_count"": 3, ""avg_days_per_stage"": 34.3, ""stage_complexity"": 0.3083}"
b138020d-cdc3-4b80-9fb8-d618e70e4986,PROJ-1089,2025-01-01T00:00:00+00:00,315.58,6.06,573,11,560,0,0.0,423686506.3,"{""SURVEY"": 168, ""VERIFICATION"": 168, ""OBJECTION"": 0, ""AWARD"": 112, ""COMPENSATION"": 112}","{""officers_count"": 11, ""sla_breaches"": 0, ""disputes_count"": 0, ""avg_days_per_stage"": 27.8, ""stage_complexity"": 0.41}"
ebd8d7e7-5c6a-41cb-9551-93ec5f5774c8,PROJ-1089,2025-01-16T00:00:00+00:00,315.58,15.97,573,29,544,0,70614417.72,409563622.76,"{""SURVEY"": 163, ""VERIFICATION"": 163, ""OBJECTION"": 0, ""AWARD"": 108, ""COMPENSATION"": 108}","{""officers_count"": 7, ""sla_breaches"": 1, ""disputes_count"": 0, ""avg_days_per_stage"": 18.8, ""stage_complexity"": 0.4386}"
6e8a8bde-50fa-46ed-8dc5-ece9baab7d8a,PROJ-1089,2025-01-31T00:00:00+00:00,315.58,27.54,573,50,523,0,211843253.15,381317855.67,"{""SURVEY"": 156, ""VERIFICATION"": 156, ""OBJECTION"": 0, ""AWARD"": 104, ""COMPENSATION"": 104}","{""officers_count"": 7, ""sla_breaches"": 2, ""disputes_count"": 2, ""avg_days_per_stage"": 25.9, ""stage_complexity"": 0.3357}"
26a69eb2-3cf8-4414-a638-e4945cac6c3d,PROJ-1089,2025-02-15T00:00:00+00:00,315.58,41.86,573,76,497,0,423686506.3,338949205.04,"{""SURVEY"": 149, ""VERIFICATION"": 149, ""OBJECTION"": 0, ""AWARD"": 99, ""COMPENSATION"": 99}","{""officers_count"": 11, ""sla_breaches"": 1, ""disputes_count"": 0, ""avg_days_per_stage"": 15.5, ""stage_complexity"": 0.2322}"
d6f85cdb-3759-45c8-b99b-4b0448e35bba,PROJ-1089,2025-03-02T00:00:00+00:00,315.58,47.92,573,87,486,0,706144177.17,282457670.87,"{""SURVEY"": 145, ""VERIFICATION"": 145, ""OBJECTION"": 0, ""AWARD"": 97, ""COMPENSATION"": 97}","{""officers_count"": 8, ""sla_breaches"": 2, ""disputes_count"": 2, ""avg_days_per_stage"": 31.8, ""stage_complexity"": 0.3171}"
57740e8b-79fb-4f4a-aa53-7c257b32aa8f,PROJ-1089,2025-03-17T00:00:00+00:00,315.58,60.03,573,109,464,0,1059216265.76,211843253.15,"{""SURVEY"": 139, ""VERIFICATION"": 139, ""OBJECTION"": 0, ""AWARD"": 92, ""COMPENSATION"": 92}","{""officers_count"": 12, ""sla_breaches"": 2, ""disputes_count"": 1, ""avg_days_per_stage"": 24.1, ""stage_complexity"": 0.4019}"
1d0fc112-2fb6-4b37-ae5e-f1f0db5ea74d,PROJ-1089,2025-04-01T00:00:00+00:00,315.58,74.35,573,135,438,0,1412288354.34,141228835.43,"{""SURVEY"": 131, ""VERIFICATION"": 131, ""OBJECTION"": 0, ""AWARD"": 87, ""COMPENSATION"": 87}","{""officers_count"": 8, ""sla_breaches"": 1, ""disputes_count"": 2, ""avg_days_per_stage"": 18.3, ""stage_complexity"": 0.2826}"
a7a1fe95-6df1-40b0-a086-0602f0a3cd99,PROJ-1090,2025-01-01T00:00:00+00:00,826.58,50.29,378,23,351,4,0.0,1042262855.85,"{""SURVEY"": 105, ""VERIFICATION"": 105, ""OBJECTION"": 2, ""AWARD"": 70, ""COMPENSATION"": 70}","{""officers_count"": 7, ""sla_breaches"": 0, ""disputes_count"": 0, ""avg_days_per_stage"": 25.7, ""stage_complexity"": 0.3037}"
60a4596e-869a-464c-9830-ace7640cf862,PROJ-1090,2025-01-16T00:00:00+00:00,826.58,83.1,378,38,336,5,173710475.98,1007520760.66,"{""SURVEY"": 100, ""VERIFICATION"": 100, ""OBJECTION"": 3, ""AWARD"": 67, ""COMPENSATION"": 67}","{""officers_count"": 11, ""sla_breaches"": 0, ""disputes_count"": 0, ""avg_days_per_stage"": 30.7, ""stage_complexity"": 0.2488}"
f8f0875c-b45a-4f9d-90b0-2811d6dbf3ba,PROJ-1090,2025-01-31T00:00:00+00:00,826.58,129.02,378,59,314,4,521131427.93,938036570.27,"{""SURVEY"": 94, ""VERIFICATION"": 94, ""OBJECTION"": 2, ""AWARD"": 62, ""COMPENSATION"": 62}","{""officers_count"": 12, ""sla_breaches"": 2, ""disputes_count"": 0, ""avg_days_per_stage"": 24.0, ""stage_complexity"": 0.341}"
a446d8b6-11bb-46d0-9740-f6c017af368f,PROJ-1090,2025-02-15T00:00:00+00:00,826.58,190.24,378,87,287,5,1042262855.85,833810284.68,"{""SURVEY"": 86, ""VERIFICATION"": 86, ""OBJECTION"": 3, ""AWARD"": 57, ""COMPENSATION"": 57}","{""officers_count"": 12, ""sla_breaches"": 2, ""disputes_count"": 0, ""avg_days_per_stage"": 22.7, ""stage_complexity"": 0.2813}"
0e206be9-a1e4-4167-9fba-68e5d64e7388,PROJ-1090,2025-03-02T00:00:00+00:00,826.58,258.03,378,118,255,3,1737104759.75,694841903.9,"{""SURVEY"": 76, ""VERIFICATION"": 76, ""OBJECTION"": 1, ""AWARD"": 51, ""COMPENSATION"": 51}","{""officers_count"": 12, ""sla_breaches"": 1, ""disputes_count"": 2, ""avg_days_per_stage"": 16.8, ""stage_complexity"": 0.4183}"
814fdb05-3df2-461b-b586-21df68f4729f,PROJ-1090,2025-03-17T00:00:00+00:00,826.58,319.26,378,146,229,2,2605657139.63,521131427.93,"{""SURVEY"": 68, ""VERIFICATION"": 68, ""OBJECTION"": 1, ""AWARD"": 45, ""COMPENSATION"": 45}","{""officers_count"": 7, ""sla_breaches"": 2, ""disputes_count"": 1, ""avg_days_per_stage"": 31.9, ""stage_complexity"": 0.2536}"
47e52ef4-e870-4ea5-8331-17a6b5d35479,PROJ-1091,2025-01-01T00:00:00+00:00,987.04,272.61,105,29,71,5,0.0,1492357553.97,"{""SURVEY"": 21, ""VERIFICATION"": 21, ""OBJECTION"": 3, ""AWARD"": 14, ""COMPENSATION"": 14}","{""officers_count"": 7, ""sla_breaches"": 2, ""disputes_count"": 1, ""avg_days_per_stage"": 23.4, ""stage_complexity"": 0.3941}"
0ca1266c-86f7-476b-abec-eb28f98a15d2,PROJ-1091,2025-01-16T00:00:00+00:00,987.04,460.62,105,49,51,3,248726258.99,1442612302.17,"{""SURVEY"": 15, ""VERIFICATION"": 15, ""OBJECTION"": 1, ""AWARD"": 10, ""COMPENSATION"": 10}","{""officers_count"": 11, ""sla_breaches"": 0, ""disputes_count"": 2, ""avg_days_per_stage"": 28.9, ""stage_complexity"": 0.26}"
7ad84ddb-ae39-4c78-8f54-7c45412fa25f,PROJ-1091,2025-01-31T00:00:00+00:00,987.04,752.03,105,80,22,2,746178776.98,1343121798.57,"{""SURVEY"": 6, ""VERIFICATION"": 6, ""OBJECTION"": 1, ""AWARD"": 4, ""COMPENSATION"": 4}","{""officers_count"": 10, ""sla_breaches"": 1, ""disputes_count"": 3, ""avg_days_per_stage"": 32.7, ""stage_complexity"": 0.2055}"
224778e8-4344-484e-b1e3-febfb52c2ba1,PROJ-1091,2025-02-15T00:00:00+00:00,987.04,846.03,105,90,13,1,1492357553.97,1193886043.17,"{""SURVEY"": 3, ""VERIFICATION"": 3, ""OBJECTION"": 0, ""AWARD"": 2, ""COMPENSATION"": 2}","{""officers_count"": 11, ""sla_breaches"": 0, ""disputes_count"": 1, ""avg_days_per_stage"": 25.5, ""stage_complexity"": 0.3057}"
81e8874d-671c-4027-894c-3314c2dc9823,PROJ-1091,2025-03-02T00:00:00+00:00,987.04,987.04,105,105,0,2,2487262589.95,994905035.98,"{""SURVEY"": 0, ""VERIFICATION"": 0, ""OBJECTION"": 1, ""AWARD"": 0, ""COMPENSATION"": 0}","{""officers_count"": 6, ""sla_breaches"": 2, ""disputes_count"": 2, ""avg_days_per_stage"": 19.2, ""stage_complexity"": 0.2905}"
f8c66d2e-fe68-4fe8-9e04-c80a7f73c21a,PROJ-1091,2025-03-17T00:00:00+00:00,987.04,987.04,105,105,0,3,3730893884.92,746178776.98,"{""SURVEY"": 0, ""VERIFICATION"": 0, ""OBJECTION"": 1, ""AWARD"": 0, ""COMPENSATION"": 0}","{""officers_count"": 10, ""sla_breaches"": 0, ""disputes_count"": 1, ""avg_days_per_stage"": 23.5, ""stage_complexity"": 0.3604}"
ab3a3d06-3dc4-4266-8f25-fe85be2a1065,PROJ-1091,2025-04-01T00:00:00+00:00,987.04,987.04,105,105,0,4,4974525179.89,497452517.99,"{""SURVEY"": 0, ""VERIFICATION"": 0, ""OBJECTION"": 2, ""AWARD"": 0, ""COMPENSATION"": 0}","{""officers_count"": 10, ""sla_breaches"": 1, ""disputes_count"": 2, ""avg_days_per_stage"": 22.3, ""stage_complexity"": 0.234}"
15f0b3c2-3bcb-4eb3-8ad7-f4c5e610de0f,PROJ-1091,2025-04-16T00:00:00+00:00,987.04,987.04,105,105,0,5,4974525179.89,497452517.99,"{""SURVEY"": 0, ""VERIFICATION"": 0, ""OBJECTION"": 3, ""AWARD"": 0, ""COMPENSATION"": 0}","{""officers_count"": 8, ""sla_breaches"": 1, ""disputes_count"": 1, ""avg_days_per_stage"": 27.5, ""stage_complexity"": 0.3989}"
8099e4e9-04d3-4ac0-835d-39263fd75a8d,PROJ-1091,2025-05-01T00:00:00+00:00,987.04,987.04,105,105,0,4,4974525179.89,497452517.99,"{""SURVEY"": 0, ""VERIFICATION"": 0, ""OBJECTION"": 2, ""AWARD"": 0, ""COMPENSATION"": 0}","{""officers_count"": 9, ""sla_breaches"": 0, ""disputes_count"": 3, ""avg_days_per_stage"": 29.8, ""stage_complexity"": 0.3756}"
f930bd94-99b2-4071-bd85-fcae4e4a3608,PROJ-1091,2025-05-16T00:00:00+00:00,987.04,987.04,105,105,0,5,4974525179.89,497452517.99,"{""SURVEY"": 0, ""VERIFICATION"": 0, ""OBJECTION"": 3, ""AWARD"": 0, ""COMPENSATION"": 0}","{""officers_count"": 6, ""sla_breaches"": 0, ""disputes_count"": 1, ""avg_days_per_stage"": 31.5, ""stage_complexity"": 0.2286}"
07c4f01e-5f27-4d98-9c24-0a122afd327a,PROJ-1091,2025-05-31T00:00:00+00:00,987.04,987.04,105,105,0,5,4974525179.89,497452517.99,"{""SURVEY"": 0, ""VERIFICATION"": 0, ""OBJECTION"": 3, ""AWARD"": 0, ""COMPENSATION"": 0}","{""officers_count"": 8, ""sla_breaches"": 0, ""disputes_count"": 2, ""avg_days_per_stage"": 33.6, ""stage_complexity"": 0.2595}"
c438243d-3155-4645-9676-7daed5742989,PROJ-1091,2025-06-15T00:00:00+00:00,987.04,987.04,105,105,0,5,4974525179.89,497452517.99,"{""SURVEY"": 0, ""VERIFICATION"": 0, ""OBJECTION"": 3, ""AWARD"": 0, ""COMPENSATION"": 0}","{""officers_count"": 11, ""sla_breaches"": 0, ""disputes_count"": 3, ""avg_days_per_stage"": 16.2, ""stage_complexity"": 0.2526}"
e21754d9-aa03-42c6-b558-522e35b5d79e,PROJ-1091,2025-06-30T00:00:00+00:00,987.04,987.04,105,105,0,6,4974525179.89,497452517.99,"{""SURVEY"": 0, ""VERIFICATION"": 0, ""OBJECTION"": 3, ""AWARD"": 0, ""COMPENSATION"": 0}","{""officers_count"": 5, ""sla_breaches"": 2, ""disputes_count"": 3, ""avg_days_per_stage"": 29.3, ""stage_complexity"": 0.3659}"
5893b1af-697c-4b48-8227-fdcdb10683d1,PROJ-1092,2025-01-01T00:00:00+00:00,827.71,9.97,249,3,231,15,875855142.56,1969812427.74,"{""SURVEY"": 69, ""VERIFICATION"": 69, ""OBJECTION"": 9, ""AWARD"": 46, ""COMPENSATION"": 46}","{""officers_count"": 5, ""sla_breaches"": 11, ""disputes_count"": 17, ""avg_days_per_stage"": 139.5, ""stage_complexity"": 0.9253}"
c9e5aea5-c194-4fc0-9b10-3a241eddcbfd,PROJ-1092,2025-01-16T00:00:00+00:00,827.71,29.92,249,9,217,23,1032376085.61,2298341627.11,"{""SURVEY"": 65, ""VERIFICATION"": 65, ""OBJECTION"": 13, ""AWARD"": 43, ""COMPENSATION"": 43}","{""officers_count"": 5, ""sla_breaches"": 11, ""disputes_count"": 31, ""avg_days_per_stage"": 85.5, ""stage_complexity"": 0.7659}"
4f83436c-8044-4ab9-b1a9-66f3ba2f2c05,PROJ-1092,2025-01-31T00:00:00+00:00,827.71,49.86,249,15,200,34,683438597.17,2440827153.48,"{""SURVEY"": 60, ""VERIFICATION"": 60, ""OBJECTION"": 20, ""AWARD"": 40, ""COMPENSATION"": 40}","{""officers_count"": 2, ""sla_breaches"": 6, ""disputes_count"": 39, ""avg_days_per_stage"": 84.3, ""stage_complexity"": 0.8219}"
0da4c75a-88b5-4382-8148-9999582fd8b6,PROJ-1092,2025-02-15T00:00:00+00:00,827.71,63.16,249,19,184,46,418071606.44,2327312972.89,"{""SURVEY"": 55, ""VERIFICATION"": 55, ""OBJECTION"": 27, ""AWARD"": 36, ""COMPENSATION"": 36}","{""officers_count"": 4, ""sla_breaches"": 6, ""disputes_count"": 49, ""avg_days_per_stage"": 135.2, ""stage_complexity"": 0.873}"
dfe9a5db-a80c-4e3d-a3c0-0183393d1d82,PROJ-1092,2025-03-02T00:00:00+00:00,827.71,66.48,249,20,176,53,424590555.29,2087401556.26,"{""SURVEY"": 52, ""VERIFICATION"": 52, ""OBJECTION"": 31, ""AWARD"": 35, ""COMPENSATION"": 35}","{""officers_count"": 2, ""sla_breaches"": 5, ""disputes_count"": 61, ""avg_days_per_stage"": 86.7, ""stage_complexity"": 0.8144}"
ce1a00eb-9ef0-432a-abde-2f1e3a8fdbdf,PROJ-1092,2025-03-17T00:00:00+00:00,827.71,83.1,249,25,162,62,466829210.41,1588253819.58,"{""SURVEY"": 48, ""VERIFICATION"": 48, ""OBJECTION"": 37, ""AWARD"": 32, ""COMPENSATION"": 32}","{""officers_count"": 5, ""sla_breaches"": 8, ""disputes_count"": 72, ""avg_days_per_stage"": 89.9, ""stage_complexity"": 0.8466}"
c5e20a20-b765-45dd-827a-cb1ea3ceb4c5,PROJ-1092,2025-04-01T00:00:00+00:00,827.71,89.75,249,27,154,68,822912260.54,2488040255.88,"{""SURVEY"": 46, ""VERIFICATION"": 46, ""OBJECTION"": 40, ""AWARD"": 30, ""COMPENSATION"": 30}","{""officers_count"": 2, ""sla_breaches"": 6, ""disputes_count"": 72, ""avg_days_per_stage"": 90.7, ""stage_complexity"": 0.8757}"
1af78edf-e8f5-44d4-969e-d4e55dbb2237,PROJ-1092,2025-04-16T00:00:00+00:00,827.71,93.08,249,28,141,80,976008703.61,2059165948.94,"{""SURVEY"": 42, ""VERIFICATION"": 42, ""OBJECTION"": 48, ""AWARD"": 28, ""COMPENSATION"": 28}","{""officers_count"": 3, ""sla_breaches"": 11, ""disputes_count"": 84, ""avg_days_per_stage"": 127.5, ""stage_complexity"": 0.7898}"
c3a13d9a-e481-4283-8342-8480ea3fb264,PROJ-1092,2025-05-01T00:00:00+00:00,827.71,113.02,249,34,124,91,1011471816.83,1601376271.3,"{""SURVEY"": 37, ""VERIFICATION"": 37, ""OBJECTION"": 54, ""AWARD"": 24, ""COMPENSATION"": 24}","{""officers_count"": 4, ""sla_breaches"": 4, ""disputes_count"": 94, ""avg_days_per_stage"": 121.4, ""stage_complexity"": 0.8482}"
932dcc5f-b273-4391-b558-42b7be158c95,PROJ-1092,2025-05-16T00:00:00+00:00,827.71,126.32,249,38,111,100,400896432.5,1957147537.02,"{""SURVEY"": 33, ""VERIFICATION"": 33, ""OBJECTION"": 60, ""AWARD"": 22, ""COMPENSATION"": 22}","{""officers_count"": 4, ""sla_breaches"": 9, ""disputes_count"": 109, ""avg_days_per_stage"": 87.6, ""stage_complexity"": 0.9456}"
09bfe131-7e2c-49aa-92b3-76ea991b51b4,PROJ-1092,2025-05-31T00:00:00+00:00,827.71,129.64,249,39,105,105,1052672213.36,2266147792.7,"{""SURVEY"": 31, ""VERIFICATION"": 31, ""OBJECTION"": 63, ""AWARD"": 21, ""COMPENSATION"": 21}","{""officers_count"": 2, ""sla_breaches"": 11, ""disputes_count"": 112, ""avg_days_per_stage"": 104.7, ""stage_complexity"": 0.8217}"
a0c281c6-ae87-4043-bfc4-4259fb4947e4,PROJ-1092,2025-06-15T00:00:00+00:00,827.71,149.59,249,45,94,110,542728066.28,1711113914.41,"{""SURVEY"": 28, ""VERIFICATION"": 28, ""OBJECTION"": 66, ""AWARD"": 18, ""COMPENSATION"": 18}","{""officers_count"": 5, ""sla_breaches"": 4, ""disputes_count"": 120, ""avg_days_per_stage"": 69.7, ""stage_complexity"": 0.7754}"
e66b5eb8-e6cd-4c8a-923b-777826d24ea9,PROJ-1092,2025-06-30T00:00:00+00:00,827.71,166.21,249,50,81,118,484069437.52,2483912881.03,"{""SURVEY"": 24, ""VERIFICATION"": 24, ""OBJECTION"": 70, ""AWARD"": 16, ""COMPENSATION"": 16}","{""officers_count"": 5, ""sla_breaches"": 6, ""disputes_count"": 127, ""avg_days_per_stage"": 126.8, ""stage_complexity"": 0.93}"
25d94f48-ea6b-4149-8354-864d43ef26bb,PROJ-1092,2025-07-15T00:00:00+00:00,827.71,179.5,249,54,71,124,769459511.52,2312710983.7,"{""SURVEY"": 21, ""VERIFICATION"": 21, ""OBJECTION"": 74, ""AWARD"": 14, ""COMPENSATION"": 14}","{""officers_count"": 3, ""sla_breaches"": 9, ""disputes_count"": 133, ""avg_days_per_stage"": 98.5, ""stage_complexity"": 0.9336}"
c67b9a82-3149-4730-903e-84252322ceff,PROJ-1092,2025-07-30T00:00:00+00:00,827.71,196.12,249,59,66,124,461372642.85,1704077397.7,"{""SURVEY"": 19, ""VERIFICATION"": 19, ""OBJECTION"": 74, ""AWARD"": 13, ""COMPENSATION"": 13}","{""officers_count"": 5, ""sla_breaches"": 10, ""disputes_count"": 132, ""avg_days_per_stage"": 85.9, ""stage_complexity"": 0.8392}"
2af12b1b-2647-4756-8d22-9c0e0c377e3c,PROJ-1092,2025-08-14T00:00:00+00:00,827.71,212.74,249,64,61,124,956996322.72,2897799713.92,"{""SURVEY"": 18, ""VERIFICATION"": 18, ""OBJECTION"": 74, ""AWARD"": 12, ""COMPENSATION"": 12}","{""officers_count"": 4, ""sla_breaches"": 5, ""disputes_count"": 130, ""avg_days_per_stage"": 138.6, ""stage_complexity"": 0.7786}"
e3766e80-fbf0-4bda-94c6-12130962c169,PROJ-1092,2025-08-29T00:00:00+00:00,827.71,232.69,249,70,55,124,893433978.49,2654761896.23,"{""SURVEY"": 16, ""VERIFICATION"": 16, ""OBJECTION"": 74, ""AWARD"": 11, ""COMPENSATION"": 11}","{""officers_count"": 3, ""sla_breaches"": 5, ""disputes_count"": 131, ""avg_days_per_stage"": 92.7, ""stage_complexity"": 0.798}"
dc651eb1-fe27-4cc5-84d3-cdf4fe52db19,PROJ-1093,2025-01-01T00:00:00+00:00,149.83,3.33,270,6,259,5,393926481.12,430441230.36,"{""SURVEY"": 77, ""VERIFICATION"": 77, ""OBJECTION"": 3, ""AWARD"": 51, ""COMPENSATION"": 51}","{""officers_count"": 3, ""sla_breaches"": 5, ""disputes_count"": 3, ""avg_days_per_stage"": 52.0, ""stage_complexity"": 0.6152}"
4d961bdc-cc74-4920-942d-dcc6b6172f32,PROJ-1093,2025-01-16T00:00:00+00:00,149.83,9.99,270,18,244,8,196090012.78,418519696.31,"{""SURVEY"": 73, ""VERIFICATION"": 73, ""OBJECTION"": 4, ""AWARD"": 48, ""COMPENSATION"": 48}","{""officers_count"": 5, ""sla_breaches"": 4, ""disputes_count"": 7, ""avg_days_per_stage"": 38.0, ""stage_complexity"": 0.5723}"
d0fca63c-251d-4cc6-9d37-8ce52b550cec,PROJ-1093,2025-01-31T00:00:00+00:00,149.83,13.32,270,24,235,11,255357167.92,406963801.19,"{""SURVEY"": 70, ""VERIFICATION"": 70, ""OBJECTION"": 6, ""AWARD"": 47, ""COMPENSATION"": 47}","{""officers_count"": 4, ""sla_breaches"": 3, ""disputes_count"": 6, ""avg_days_per_stage"": 37.8, ""stage_complexity"": 0.5666}"
b4567788-926f-4c16-8005-0dd2f8318fd8,PROJ-1093,2025-02-15T00:00:00+00:00,149.83,17.76,270,32,225,13,185096423.56,472430731.04,"{""SURVEY"": 67, ""VERIFICATION"": 67, ""OBJECTION"": 7, ""AWARD"": 45, ""COMPENSATION"": 45}","{""officers_count"": 6, ""sla_breaches"": 4, ""disputes_count"": 7, ""avg_days_per_stage"": 56.2, ""stage_complexity"": 0.5303}"
03c98d4e-ef14-4e2a-9980-ecb33adcdc35,PROJ-1093,2025-03-02T00:00:00+00:00,149.83,23.31,270,42,216,12,362598402.39,431497303.03,"{""SURVEY"": 64, ""VERIFICATION"": 64, ""OBJECTION"": 7, ""AWARD"": 43, ""COMPENSATION"": 43}","{""officers_count"": 3, ""sla_breaches"": 5, ""disputes_count"": 5, ""avg_days_per_stage"": 46.3, ""stage_complexity"": 0.5527}"
667c51a0-18fc-4874-b037-6c0ef685b43a,PROJ-1093,2025-03-17T00:00:00+00:00,149.83,31.08,270,56,199,15,385515270.27,283300494.35,"{""SURVEY"": 59, ""VERIFICATION"": 59, ""OBJECTION"": 9, ""AWARD"": 39, ""COMPENSATION"": 39}","{""officers_count"": 3, ""sla_breaches"": 2, ""disputes_count"": 5, ""avg_days_per_stage"": 41.0, ""stage_complexity"": 0.5694}"
e9283d89-daf7-4cfa-b868-0f5a856a7c0b,PROJ-1093,2025-04-01T00:00:00+00:00,149.83,34.41,270,62,190,18,369194637.97,309832920.29,"{""SURVEY"": 57, ""VERIFICATION"": 57, ""OBJECTION"": 10, ""AWARD"": 38, ""COMPENSATION"": 38}","{""officers_count"": 5, ""sla_breaches"": 2, ""disputes_count"": 4, ""avg_days_per_stage"": 53.2, ""stage_complexity"": 0.4937}"
6f4da391-e64a-4a9f-8736-a1e3c0143081,PROJ-1093,2025-04-16T00:00:00+00:00,149.83,39.4,270,71,181,18,183290712.52,431395287.97,"{""SURVEY"": 54, ""VERIFICATION"": 54, ""OBJECTION"": 10, ""AWARD"": 36, ""COMPENSATION"": 36}","{""officers_count"": 3, ""sla_breaches"": 4, ""disputes_count"": 7, ""avg_days_per_stage"": 62.7, ""stage_complexity"": 0.5701}"
e403e427-33af-49ed-9e1f-19a35fb58668,PROJ-1094,2025-01-01T00:00:00+00:00,825.45,24.62,570,17,549,5,0.0,1303648276.61,"{""SURVEY"": 164, ""VERIFICATION"": 164, ""OBJECTION"": 3, ""AWARD"": 109, ""COMPENSATION"": 109}","{""officers_count"": 7, ""sla_breaches"": 1, ""disputes_count"": 3, ""avg_days_per_stage"": 23.2, ""stage_complexity"": 0.3948}"
62db3f5f-29df-4e9f-81cf-c8d453dd1630,PROJ-1094,2025-01-16T00:00:00+00:00,825.45,42.0,570,29,536,6,217274712.77,1260193334.05,"{""SURVEY"": 160, ""VERIFICATION"": 160, ""OBJECTION"": 3, ""AWARD"": 107, ""COMPENSATION"": 107}","{""officers_count"": 11, ""sla_breaches"": 2, ""disputes_count"": 3, ""avg_days_per_stage"": 19.5, ""stage_complexity"": 0.2768}"
e78bac59-aabd-43e3-998d-bbf84e33d08d,PROJ-1094,2025-01-31T00:00:00+00:00,825.45,65.17,570,45,519,6,651824138.3,1173283448.95,"{""SURVEY"": 155, ""VERIFICATION"": 155, ""OBJECTION"": 3, ""AWARD"": 103, ""COMPENSATION"": 103}","{""officers_count"": 11, ""sla_breaches"": 1, ""disputes_count"": 0, ""avg_days_per_stage"": 20.6, ""stage_complexity"": 0.4159}"
b73d3c9d-f215-4de6-b853-2e7e1b2e8bd7,PROJ-1094,2025-02-15T00:00:00+00:00,825.45,101.37,570,70,494,6,1303648276.61,1042918621.29,"{""SURVEY"": 148, ""VERIFICATION"": 148, ""OBJECTION"": 3, ""AWARD"": 98, ""COMPENSATION"": 98}","{""officers_count"": 12, ""sla_breaches"": 2, ""disputes_count"": 2, ""avg_days_per_stage"": 22.4, ""stage_complexity"": 0.302}"
4d147c0c-6e86-447e-8632-29c0ce8feaa7,PROJ-1094,2025-03-02T00:00:00+00:00,825.45,137.57,570,95,469,7,2172747127.68,869098851.07,"{""SURVEY"": 140, ""VERIFICATION"": 140, ""OBJECTION"": 4, ""AWARD"": 93, ""COMPENSATION"": 93}","{""officers_count"": 12, ""sla_breaches"": 1, ""disputes_count"": 0, ""avg_days_per_stage"": 30.9, ""stage_complexity"": 0.2335}"
abcfe50b-d7c3-4071-aaf7-e9f726ae3548,PROJ-1094,2025-03-17T00:00:00+00:00,825.45,162.19,570,112,451,5,3259120691.52,651824138.3,"{""SURVEY"": 135, ""VERIFICATION"": 135, ""OBJECTION"": 3, ""AWARD"": 90, ""COMPENSATION"": 90}","{""officers_count"": 9, ""sla_breaches"": 0, ""disputes_count"": 3, ""avg_days_per_stage"": 16.0, ""stage_complexity"": 0.2049}"
34312393-448e-4b11-bb25-5aeba9f20c1f,PROJ-1094,2025-04-01T00:00:00+00:00,825.45,192.61,570,133,432,6,4345494255.36,434549425.54,"{""SURVEY"": 129, ""VERIFICATION"": 129, ""OBJECTION"": 3, ""AWARD"": 86, ""COMPENSATION"": 86}","{""officers_count"": 7, ""sla_breaches"": 2, ""disputes_count"": 0, ""avg_days_per_stage"": 15.1, ""stage_complexity"": 0.3807}"
b8a16fc7-24cb-44a2-b65f-af5348870c9b,PROJ-1094,2025-04-16T00:00:00+00:00,825.45,240.39,570,166,398,6,4345494255.36,434549425.54,"{""SURVEY"": 119, ""VERIFICATION"": 119, ""OBJECTION"": 3, ""AWARD"": 79, ""COMPENSATION"": 79}","{""officers_count"": 10, ""sla_breaches"": 2, ""disputes_count"": 0, ""avg_days_per_stage"": 21.1, ""stage_complexity"": 0.4137}"
18342eb9-6710-40b7-bcd4-fd06ed57a88f,PROJ-1095,2025-01-01T00:00:00+00:00,1140.14,5.6,407,2,393,12,418457059.6,2396500941.08,"{""SURVEY"": 117, ""VERIFICATION"": 117, ""OBJECTION"": 7, ""AWARD"": 78, ""COMPENSATION"": 78}","{""officers_count"": 5, ""sla_breaches"": 4, ""disputes_count"": 22, ""avg_days_per_stage"": 96.8, ""stage_complexity"": 0.9458}"
68740eb7-0ac6-41fb-9771-16c91ef93f6c,PROJ-1095,2025-01-16T00:00:00+00:00,1140.14,14.01,407,5,382,20,446681784.8,1790745084.07,"{""SURVEY"": 114, ""VERIFICATION"": 114, ""OBJECTION"": 12, ""AWARD"": 76, ""COMPENSATION"": 76}","{""officers_count"": 4, ""sla_breaches"": 7, ""disputes_count"": 25, ""avg_days_per_stage"": 110.3, ""stage_complexity"": 0.896}"
31c07869-d7e3-43dd-b419-331a4fdc2286,PROJ-1095,2025-01-31T00:00:00+00:00,1140.14,30.81,407,11,371,25,922731208.3,1332605891.24,"{""SURVEY"": 111, ""VERIFICATION"": 111, ""OBJECTION"": 15, ""AWARD"": 74, ""COMPENSATION"": 74}","{""officers_count"": 2, ""sla_breaches"": 5, ""disputes_count"": 33, ""avg_days_per_stage"": 123.8, ""stage_complexity"": 0.9409}"
81411286-9953-4003-8423-4a4a94c8d34e,PROJ-1095,2025-02-15T00:00:00+00:00,1140.14,36.42,407,13,362,32,767525858.74,1831125718.5,"{""SURVEY"": 108, ""VERIFICATION"": 108, ""OBJECTION"": 19, ""AWARD"": 72, ""COMPENSATION"": 72}","{""officers_count"": 3, ""sla_breaches"": 4, ""disputes_count"": 41, ""avg_days_per_stage"": 74.3, ""stage_complexity"": 0.7877}"
086d6227-29cd-4ffe-b7b6-3a1b00aacdeb,PROJ-1095,2025-03-02T00:00:00+00:00,1140.14,44.82,407,16,347,44,314272032.42,2450044760.58,"{""SURVEY"": 104, ""VERIFICATION"": 104, ""OBJECTION"": 26, ""AWARD"": 69, ""COMPENSATION"": 69}","{""officers_count"": 4, ""sla_breaches"": 6, ""disputes_count"": 51, ""avg_days_per_stage"": 113.7, ""stage_complexity"": 0.7985}"
4caade59-fd68-43f3-b4d7-bfd2c0bc9a9e,PROJ-1095,2025-03-17T00:00:00+00:00,1140.14,50.42,407,18,341,48,474785704.37,1251866831.2,"{""SURVEY"": 102, ""VERIFICATION"": 102, ""OBJECTION"": 28, ""AWARD"": 68, ""COMPENSATION"": 68}","{""officers_count"": 5, ""sla_breaches"": 9, ""disputes_count"": 58, ""avg_days_per_stage"": 111.6, ""stage_complexity"": 0.8332}"
922c3955-ba16-41a3-b888-4b6ffae113ad,PROJ-1096,2025-01-01T00:00:00+00:00,1018.04,29.42,692,20,672,0,0.0,992691737.49,"{""SURVEY"": 201, ""VERIFICATION"": 201, ""OBJECTION"": 0, ""AWARD"": 134, ""COMPENSATION"": 134}","{""officers_count"": 9, ""sla_breaches"": 0, ""disputes_count"": 3, ""avg_days_per_stage"": 15.9, ""stage_complexity"": 0.303}"
cfa42a93-f920-4b10-915e-11a74bf3b8f6,PROJ-1096,2025-01-16T00:00:00+00:00,1018.04,57.38,692,39,653,1,165448622.92,959602012.91,"{""SURVEY"": 195, ""VERIFICATION"": 195, ""OBJECTION"": 0, ""AWARD"": 130, ""COMPENSATION"": 130}","{""officers_count"": 5, ""sla_breaches"": 2, ""disputes_count"": 2, ""avg_days_per_stage"": 33.2, ""stage_complexity"": 0.2001}"
16416bc7-fa02-4f78-9fc2-7db1194ab580,PROJ-1096,2025-01-31T00:00:00+00:00,1018.04,91.21,692,62,629,0,496345868.75,893422563.74,"{""SURVEY"": 188, ""VERIFICATION"": 188, ""OBJECTION"": 0, ""AWARD"": 125, ""COMPENSATION"": 125}","{""officers_count"": 10, ""sla_breaches"": 2, ""disputes_count"": 0, ""avg_days_per_stage"": 22.2, ""stage_complexity"": 0.4066}"
37f42a3a-9d0b-4368-a315-3f8ddb5aa6aa,PROJ-1096,2025-02-15T00:00:00+00:00,1018.04,135.35,692,92,600,0,992691737.49,794153389.99,"{""SURVEY"": 180, ""VERIFICATION"": 180, ""OBJECTION"": 0, ""AWARD"": 120, ""COMPENSATION"": 120}","{""officers_count"": 7, ""sla_breaches"": 0, ""disputes_count"": 0, ""avg_days_per_stage"": 25.4, ""stage_complexity"": 0.3556}"
f8d58b6b-b927-4d5d-b559-d8a2a2f7786a,PROJ-1096,2025-03-02T00:00:00+00:00,1018.04,161.83,692,110,582,0,1654486229.15,661794491.66,"{""SURVEY"": 174, ""VERIFICATION"": 174, ""OBJECTION"": 0, ""AWARD"": 116, ""COMPENSATION"": 116}","{""officers_count"": 10, ""sla_breaches"": 1, ""disputes_count"": 3, ""avg_days_per_stage"": 21.3, ""stage_complexity"": 0.2644}"
001da23d-1065-4f99-80a2-bd1ff50f9e2f,PROJ-1097,2025-01-01T00:00:00+00:00,1073.12,17.48,491,8,475,8,563734243.68,3146240818.2,"{""SURVEY"": 142, ""VERIFICATION"": 142, ""OBJECTION"": 4, ""AWARD"": 95, ""COMPENSATION"": 95}","{""officers_count"": 3, ""sla_breaches"": 8, ""disputes_count"": 8, ""avg_days_per_stage"": 86.0, ""stage_complexity"": 0.8568}"
7e7f0562-5c24-499e-b199-1e8a0591df97,PROJ-1097,2025-01-16T00:00:00+00:00,1073.12,32.78,491,15,462,14,622900446.04,3945077843.1,"{""SURVEY"": 138, ""VERIFICATION"": 138, ""OBJECTION"": 8, ""AWARD"": 92, ""COMPENSATION"": 92}","{""officers_count"": 5, ""sla_breaches"": 5, ""disputes_count"": 3, ""avg_days_per_stage"": 59.0, ""stage_complexity"": 0.7968}"
cd3eb422-32e6-4160-95a3-177321f7371b,PROJ-1097,2025-01-31T00:00:00+00:00,1073.12,45.9,491,21,452,18,608721490.98,3447856793.26,"{""SURVEY"": 135, ""VERIFICATION"": 135, ""OBJECTION"": 10, ""AWARD"": 90, ""COMPENSATION"": 90}","{""officers_count"": 5, ""sla_breaches"": 10, ""disputes_count"": 3, ""avg_days_per_stage"": 96.0, ""stage_complexity"": 0.8702}"
cfe9b492-26a5-4fad-b99d-5ca2a9e9c6b3,PROJ-1097,2025-02-15T00:00:00+00:00,1073.12,59.01,491,27,442,22,665611170.67,3488168951.17,"{""SURVEY"": 132, ""VERIFICATION"": 132, ""OBJECTION"": 13, ""AWARD"": 88, ""COMPENSATION"": 88}","{""officers_count"": 4, ""sla_breaches"": 7, ""disputes_count"": 3, ""avg_days_per_stage"": 99.1, ""stage_complexity"": 0.7181}"
bb04f66c-7e35-4409-8721-145875d561af,PROJ-1097,2025-03-02T00:00:00+00:00,1073.12,65.57,491,30,434,27,671973036.36,4171343919.1,"{""SURVEY"": 130, ""VERIFICATION"": 130, ""OBJECTION"": 16, ""AWARD"": 86, ""COMPENSATION"": 86}","{""officers_count"": 4, ""sla_breaches"": 7, ""disputes_count"": 3, ""avg_days_per_stage"": 105.1, ""stage_complexity"": 0.7174}"
ed03b81e-881f-4a80-8588-144071fbbbc3,PROJ-1097,2025-03-17T00:00:00+00:00,1073.12,74.31,491,34,427,30,835202855.96,3727353924.58,"{""SURVEY"": 128, ""VERIFICATION"": 128, ""OBJECTION"": 18, ""AWARD"": 85, ""COMPENSATION"": 85}","{""officers_count"": 4, ""sla_breaches"": 9, ""disputes_count"": 7, ""avg_days_per_stage"": 84.2, ""stage_complexity"": 0.7763}"
7b0b6c33-ec3f-4343-9626-25451e9ae2f0,PROJ-1097,2025-04-01T00:00:00+00:00,1073.12,89.61,491,41,417,33,1145467302.0,3512405206.83,"{""SURVEY"": 125, ""VERIFICATION"": 125, ""OBJECTION"": 19, ""AWARD"": 83, ""COMPENSATION"": 83}","{""officers_count"": 3, ""sla_breaches"": 10, ""disputes_count"": 5, ""avg_days_per_stage"": 83.8, ""stage_complexity"": 0.7514}"
49f4f941-d828-4d95-be42-bccfc0346954,PROJ-1097,2025-04-16T00:00:00+00:00,1073.12,93.98,491,43,409,39,794391648.26,3578189293.17,"{""SURVEY"": 122, ""VERIFICATION"": 122, ""OBJECTION"": 23, ""AWARD"": 81, ""COMPENSATION"": 81}","{""officers_count"": 6, ""sla_breaches"": 6, ""disputes_count"": 7, ""avg_days_per_stage"": 76.8, ""stage_complexity"": 0.8025}"
4df8507f-0051-49be-b615-425cdba570f3,PROJ-1097,2025-05-01T00:00:00+00:00,1073.12,104.91,491,48,398,45,445268397.1,3289307949.39,"{""SURVEY"": 119, ""VERIFICATION"": 119, ""OBJECTION"": 27, ""AWARD"": 79, ""COMPENSATION"": 79}","{""officers_count"": 5, ""sla_breaches"": 5, ""disputes_count"": 6, ""avg_days_per_stage"": 56.3, ""stage_complexity"": 0.8543}"
61f0ad9d-51c9-4289-9c52-b21e78acc4ad,PROJ-1097,2025-05-16T00:00:00+00:00,1073.12,111.46,491,51,390,50,387490212.71,3353270139.5,"{""SURVEY"": 117, ""VERIFICATION"": 117, ""OBJECTION"": 30, ""AWARD"": 78, ""COMPENSATION"": 78}","{""officers_count"": 6, ""sla_breaches"": 7, ""disputes_count"": 7, ""avg_days_per_stage"": 94.2, ""stage_complexity"": 0.7849}"
9e242f01-b5d7-4f3a-b606-19bb9a67df81,PROJ-1097,2025-05-31T00:00:00+00:00,1073.12,124.58,491,57,381,53,633978923.66,4118152639.21,"{""SURVEY"": 114, ""VERIFICATION"": 114, ""OBJECTION"": 31, ""AWARD"": 76, ""COMPENSATION"": 76}","{""officers_count"": 5, ""sla_breaches"": 7, ""disputes_count"": 3, ""avg_days_per_stage"": 106.8, ""stage_complexity"": 0.8636}"
d5bbf18b-60d0-4aa7-9709-538efa7a71b9,PROJ-1097,2025-06-15T00:00:00+00:00,1073.12,131.13,491,60,374,57,1081747377.16,4210049666.68,"{""SURVEY"": 112, ""VERIFICATION"": 112, ""OBJECTION"": 34, ""AWARD"": 74, ""COMPENSATION"": 74}","{""officers_count"": 4, ""sla_breaches"": 10, ""disputes_count"": 5, ""avg_days_per_stage"": 86.5, ""stage_complexity"": 0.7899}"
4fa2793e-146d-4fbb-b26f-ba3e6b742dc8,PROJ-1097,2025-06-30T00:00:00+00:00,1073.12,142.06,491,65,366,60,995113123.59,4318282859.99,"{""SURVEY"": 109, ""VERIFICATION"": 109, ""OBJECTION"": 36, ""AWARD"": 73, ""COMPENSATION"": 73}","{""officers_count"": 5, ""sla_breaches"": 9, ""disputes_count"": 5, ""avg_days_per_stage"": 65.5, ""stage_complexity"": 0.7098}"
cff75420-b6d2-4284-bcf4-7f55fb0e4d6e,PROJ-1097,2025-07-15T00:00:00+00:00,1073.12,157.36,491,72,356,63,715129843.57,3624434822.81,"{""SURVEY"": 106, ""VERIFICATION"": 106, ""OBJECTION"": 37, ""AWARD"": 71, ""COMPENSATION"": 71}","{""officers_count"": 3, ""sla_breaches"": 5, ""disputes_count"": 6, ""avg_days_per_stage"": 92.8, ""stage_complexity"": 0.8417}"
b9c753d0-ee70-4974-8307-d00854e58531,PROJ-1097,2025-07-30T00:00:00+00:00,1073.12,174.85,491,80,343,68,949378748.81,4034495604.16,"{""SURVEY"": 102, ""VERIFICATION"": 102, ""OBJECTION"": 40, ""AWARD"": 68, ""COMPENSATION"": 68}","{""officers_count"": 5, ""sla_breaches"": 9, ""disputes_count"": 6, ""avg_days_per_stage"": 92.4, ""stage_complexity"": 0.7302}"
8eb24dc2-b3e3-42ad-aa39-b08610025f40,PROJ-1097,2025-08-14T00:00:00+00:00,1073.12,192.33,491,88,332,71,391337394.14,3773048577.2,"{""SURVEY"": 99, ""VERIFICATION"": 99, ""OBJECTION"": 42, ""AWARD"": 66, ""COMPENSATION"": 66}","{""officers_count"": 4, ""sla_breaches"": 10, ""disputes_count"": 5, ""avg_days_per_stage"": 100.6, ""stage_complexity"": 0.7223}"
02b21afe-84cf-4550-8826-b867f6aad0a7,PROJ-1097,2025-08-29T00:00:00+00:00,1073.12,198.89,491,91,325,75,538178797.43,3521966491.3,"{""SURVEY"": 97, ""VERIFICATION"": 97, ""OBJECTION"": 45, ""AWARD"": 65, ""COMPENSATION"": 65}","{""officers_count"": 5, ""sla_breaches"": 8, ""disputes_count"": 8, ""avg_days_per_stage"": 72.6, ""stage_complexity"": 0.8675}"
2454d2c8-6fa6-4a35-94b8-de2fddb9b1da,PROJ-1097,2025-09-13T00:00:00+00:00,1073.12,209.82,491,96,315,80,305810831.17,4293200989.68,"{""SURVEY"": 94, ""VERIFICATION"": 94, ""OBJECTION"": 48, ""AWARD"": 63, ""COMPENSATION"": 63}","{""officers_count"": 5, ""sla_breaches"": 6, ""disputes_count"": 6, ""avg_days_per_stage"": 79.4, ""stage_complexity"": 0.8429}"
de18b03e-78e6-4062-9988-9a807d8f7ddc,PROJ-1098,2025-01-01T00:00:00+00:00,369.17,2.03,727,4,708,15,438833961.96,859022309.28,"{""SURVEY"": 212, ""VERIFICATION"": 212, ""OBJECTION"": 9, ""AWARD"": 141, ""COMPENSATION"": 141}","{""officers_count"": 2, ""sla_breaches"": 4, ""disputes_count"": 24, ""avg_days_per_stage"": 87.8, ""stage_complexity"": 0.8555}"
74213320-ca3a-4934-8fc8-0d75f205ce75,PROJ-1098,2025-01-16T00:00:00+00:00,369.17,3.55,727,7,700,20,300231397.85,1505938532.29,"{""SURVEY"": 210, ""VERIFICATION"": 210, ""OBJECTION"": 12, ""AWARD"": 140, ""COMPENSATION"": 140}","{""officers_count"": 4, ""sla_breaches"": 9, ""disputes_count"": 30, ""avg_days_per_stage"": 96.0, ""stage_complexity"": 0.842}"
2f2def9a-d2d2-431c-b0aa-102fbc9f6c28,PROJ-1098,2025-01-31T00:00:00+00:00,369.17,6.6,727,13,690,24,420242050.34,964014893.11,"{""SURVEY"": 207, ""VERIFICATION"": 207, ""OBJECTION"": 14, ""AWARD"": 138, ""COMPENSATION"": 138}","{""officers_count"": 4, ""sla_breaches"": 8, ""disputes_count"": 27, ""avg_days_per_stage"": 120.0, ""stage_complexity"": 0.809}"
f2acd2ee-67b1-4807-a544-e0f18d16eb1c,PROJ-1098,2025-02-15T00:00:00+00:00,369.17,7.62,727,15,679,33,364954667.0,1068980915.16,"{""SURVEY"": 203, ""VERIFICATION"": 203, ""OBJECTION"": 19, ""AWARD"": 135, ""COMPENSATION"": 135}","{""officers_count"": 2, ""sla_breaches"": 11, ""disputes_count"": 37, ""avg_days_per_stage"": 114.0, ""stage_complexity"": 0.8264}"
07e488eb-3368-44fa-92bc-794372634ca9,PROJ-1098,2025-03-02T00:00:00+00:00,369.17,9.14,727,18,671,38,410584995.3,1530269142.8,"{""SURVEY"": 201, ""VERIFICATION"": 201, ""OBJECTION"": 22, ""AWARD"": 134, ""COMPENSATION"": 134}","{""officers_count"": 4, ""sla_breaches"": 8, ""disputes_count"": 46, ""avg_days_per_stage"": 95.9, ""stage_complexity"": 0.853}"
a3e59cfe-239b-4c2e-94c4-02cf3acd999d,PROJ-1098,2025-03-17T00:00:00+00:00,369.17,10.66,727,21,664,42,240688006.2,1296992971.88,"{""SURVEY"": 199, ""VERIFICATION"": 199, ""OBJECTION"": 25, ""AWARD"": 132, ""COMPENSATION"": 132}","{""officers_count"": 4, ""sla_breaches"": 7, ""disputes_count"": 44, ""avg_days_per_stage"": 83.3, ""stage_complexity"": 0.8795}"
a6afc96a-af9a-4bea-ac4c-ff7c038273b1,PROJ-1098,2025-04-01T00:00:00+00:00,369.17,11.68,727,23,652,52,478972519.59,998485727.62,"{""SURVEY"": 195, ""VERIFICATION"": 195, ""OBJECTION"": 31, ""AWARD"": 130, ""COMPENSATION"": 130}","{""officers_count"": 5, ""sla_breaches"": 6, ""disputes_count"": 61, ""avg_days_per_stage"": 103.0, ""stage_complexity"": 0.8672}"
ba67bde7-2e80-4781-a420-d184a63762fe,PROJ-1099,2025-01-01T00:00:00+00:00,213.36,1.44,593,4,582,7,144274543.95,601447875.05,"{""SURVEY"": 174, ""VERIFICATION"": 174, ""OBJECTION"": 4, ""AWARD"": 116, ""COMPENSATION"": 116}","{""officers_count"": 5, ""sla_breaches"": 7, ""disputes_count"": 12, ""avg_days_per_stage"": 112.2, ""stage_complexity"": 0.864}"
ad0862fe-acca-439e-8120-f35462e5a3d1,PROJ-1099,2025-01-16T00:00:00+00:00,213.36,3.24,593,9,569,15,301391855.6,729865185.03,"{""SURVEY"": 170, ""VERIFICATION"": 170, ""OBJECTION"": 9, ""AWARD"": 113, ""COMPENSATION"": 113}","{""officers_count"": 2, ""sla_breaches"": 5, ""disputes_count"": 18, ""avg_days_per_stage"": 102.6, ""stage_complexity"": 0.8184}"
054e452e-f157-43a4-962b-546ea8bf1d9e,PROJ-1099,2025-01-31T00:00:00+00:00,213.36,4.32,593,12,556,25,244715877.98,477523261.83,"{""SURVEY"": 166, ""VERIFICATION"": 166, ""OBJECTION"": 15, ""AWARD"": 111, ""COMPENSATION"": 111}","{""officers_count"": 5, ""sla_breaches"": 8, ""disputes_count"": 27, ""avg_days_per_stage"": 117.1, ""stage_complexity"": 0.8456}"
0ffe39b4-172d-4e77-84de-9fb77fb7e0ca,PROJ-1099,2025-02-15T00:00:00+00:00,213.36,5.04,593,14,544,35,229888881.92,642516230.58,"{""SURVEY"": 163, ""VERIFICATION"": 163, ""OBJECTION"": 21, ""AWARD"": 108, ""COMPENSATION"": 108}","{""officers_count"": 2, ""sla_breaches"": 8, ""disputes_count"": 44, ""avg_days_per_stage"": 90.5, ""stage_complexity"": 0.8095}"
6de901fe-215d-4b06-bead-33100a0b3171,PROJ-1099,2025-03-02T00:00:00+00:00,213.36,6.48,593,18,529,46,260538214.62,538364377.38,"{""SURVEY"": 158, ""VERIFICATION"": 158, ""OBJECTION"": 27, ""AWARD"": 105, ""COMPENSATION"": 105}","{""officers_count"": 5, ""sla_breaches"": 9, ""disputes_count"": 53, ""avg_days_per_stage"": 87.1, ""stage_complexity"": 0.9259}"
057bd67e-8d6d-47ad-9b63-a4e5e96b4eb4,PROJ-1099,2025-03-17T00:00:00+00:00,213.36,8.28,593,23,517,53,275004447.74,718636860.32,"{""SURVEY"": 155, ""VERIFICATION"": 155, ""OBJECTION"": 31, ""AWARD"": 103, ""COMPENSATION"": 103}","{""officers_count"": 3, ""sla_breaches"": 7, ""disputes_count"": 60, ""avg_days_per_stage"": 97.9, ""stage_complexity"": 0.7952}"
35432669-eccd-41da-aadf-9e5aceddf93b,PROJ-1099,2025-04-01T00:00:00+00:00,213.36,9.35,593,26,502,65,194911442.06,612672300.66,"{""SURVEY"": 150, ""VERIFICATION"": 150, ""OBJECTION"": 39, ""AWARD"": 100, ""COMPENSATION"": 100}","{""officers_count"": 5, ""sla_breaches"": 4, ""disputes_count"": 72, ""avg_days_per_stage"": 75.5, ""stage_complexity"": 0.7576}"
577b8a7a-2d2a-4725-a004-ece92badf137,PROJ-1099,2025-04-16T00:00:00+00:00,213.36,9.71,593,27,494,72,255499674.76,568684860.65,"{""SURVEY"": 148, ""VERIFICATION"": 148, ""OBJECTION"": 43, ""AWARD"": 98, ""COMPENSATION"": 98}","{""officers_count"": 2, ""sla_breaches"": 6, ""disputes_count"": 75, ""avg_days_per_stage"": 111.0, ""stage_complexity"": 0.9483}"
b0d72709-4780-42f5-949e-623b980600e1,PROJ-1099,2025-05-01T00:00:00+00:00,213.36,11.87,593,33,481,79,129330420.21,717426594.53,"{""SURVEY"": 144, ""VERIFICATION"": 144, ""OBJECTION"": 47, ""AWARD"": 96, ""COMPENSATION"": 96}","{""officers_count"": 3, ""sla_breaches"": 8, ""disputes_count"": 82, ""avg_days_per_stage"": 70.2, ""stage_complexity"": 0.8867}"
7e7dc7f0-6c42-4bd3-a0e6-46ffb390ccf4,PROJ-1099,2025-05-16T00:00:00+00:00,213.36,12.59,593,35,471,87,293678500.09,809629385.12,"{""SURVEY"": 141, ""VERIFICATION"": 141, ""OBJECTION"": 52, ""AWARD"": 94, ""COMPENSATION"": 94}","{""officers_count"": 4, ""sla_breaches"": 6, ""disputes_count"": 90, ""avg_days_per_stage"": 135.8, ""stage_complexity"": 0.9309}"
c6e2e0a2-2ff0-48a7-821e-526890c814fd,PROJ-1099,2025-05-31T00:00:00+00:00,213.36,13.67,593,38,462,93,186598423.48,560915811.05,"{""SURVEY"": 138, ""VERIFICATION"": 138, ""OBJECTION"": 55, ""AWARD"": 92, ""COMPENSATION"": 92}","{""officers_count"": 3, ""sla_breaches"": 4, ""disputes_count"": 102, ""avg_days_per_stage"": 132.1, ""stage_complexity"": 0.7971}"
24f699c7-6869-41d6-a010-cbc1ec5d41ec,PROJ-1099,2025-06-15T00:00:00+00:00,213.36,15.47,593,43,452,98,252738358.09,648996953.38,"{""SURVEY"": 135, ""VERIFICATION"": 135, ""OBJECTION"": 58, ""AWARD"": 90, ""COMPENSATION"": 90}","{""officers_count"": 5, ""sla_breaches"": 11, ""disputes_count"": 107, ""avg_days_per_stage"": 120.3, ""stage_complexity"": 0.83}"
acfa07a3-76f9-4a86-b4e3-19a7757ac6e2,PROJ-1100,2025-01-01T00:00:00+00:00,418.27,15.49,189,7,182,0,811743050.33,948005117.71,"{""SURVEY"": 54, ""VERIFICATION"": 54, ""OBJECTION"": 0, ""AWARD"": 36, ""COMPENSATION"": 36}","{""officers_count"": 5, ""sla_breaches"": 5, ""disputes_count"": 4, ""avg_days_per_stage"": 59.5, ""stage_complexity"": 0.4311}"
ae29176b-21a2-49c0-bceb-4fe878e19225,PROJ-1100,2025-01-16T00:00:00+00:00,418.27,33.2,189,15,173,1,753456740.51,1050676679.82,"{""SURVEY"": 51, ""VERIFICATION"": 51, ""OBJECTION"": 0, ""AWARD"": 34, ""COMPENSATION"": 34}","{""officers_count"": 5, ""sla_breaches"": 5, ""disputes_count"": 4, ""avg_days_per_stage"": 45.3, ""stage_complexity"": 0.6224}"
23e4d391-29ac-4b4b-be7b-84258a49754c,PROJ-1100,2025-01-31T00:00:00+00:00,418.27,48.69,189,22,164,3,417420602.49,1059489854.58,"{""SURVEY"": 49, ""VERIFICATION"": 49, ""OBJECTION"": 1, ""AWARD"": 32, ""COMPENSATION"": 32}","{""officers_count"": 3, ""sla_breaches"": 5, ""disputes_count"": 2, ""avg_days_per_stage"": 36.0, ""stage_complexity"": 0.5357}"
f6bffdaa-8cd0-4db1-a04b-72299ae82061,PROJ-1100,2025-02-15T00:00:00+00:00,418.27,81.88,189,37,147,5,771503584.14,693698421.71,"{""SURVEY"": 44, ""VERIFICATION"": 44, ""OBJECTION"": 3, ""AWARD"": 29, ""COMPENSATION"": 29}","{""officers_count"": 4, ""sla_breaches"": 5, ""disputes_count"": 5, ""avg_days_per_stage"": 53.7, ""stage_complexity"": 0.6268}"
daf864a9-7963-4423-96ca-aad5925e6a2b,PROJ-1100,2025-03-02T00:00:00+00:00,418.27,101.8,189,46,139,4,862893240.46,811376749.99,"{""SURVEY"": 41, ""VERIFICATION"": 41, ""OBJECTION"": 2, ""AWARD"": 27, ""COMPENSATION"": 27}","{""officers_count"": 6, ""sla_breaches"": 5, ""disputes_count"": 3, ""avg_days_per_stage"": 49.9, ""stage_complexity"": 0.5516}"
8a60c924-e3e2-43d5-85c7-3028379f3b38,PROJ-1100,2025-03-17T00:00:00+00:00,418.27,123.93,189,56,128,5,416477663.3,680911593.74,"{""SURVEY"": 38, ""VERIFICATION"": 38, ""OBJECTION"": 3, ""AWARD"": 25, ""COMPENSATION"": 25}","{""officers_count"": 5, ""sla_breaches"": 4, ""disputes_count"": 2, ""avg_days_per_stage"": 45.6, ""stage_complexity"": 0.4293}"
a37e26e8-35c2-472f-93d7-906bd070fa0d,PROJ-1100,2025-04-01T00:00:00+00:00,418.27,137.21,189,62,121,6,419566206.75,818701340.34,"{""SURVEY"": 36, ""VERIFICATION"": 36, ""OBJECTION"": 3, ""AWARD"": 24, ""COMPENSATION"": 24}","{""officers_count"": 6, ""sla_breaches"": 2, ""disputes_count"": 6, ""avg_days_per_stage"": 55.7, ""stage_complexity"": 0.5747}"
629298df-dc98-4071-a573-46f9a4a5a4c1,PROJ-1100,2025-04-16T00:00:00+00:00,418.27,165.98,189,75,106,8,616767419.19,1176200965.96,"{""SURVEY"": 31, ""VERIFICATION"": 31, ""OBJECTION"": 4, ""AWARD"": 21, ""COMPENSATION"": 21}","{""officers_count"": 5, ""sla_breaches"": 5, ""disputes_count"": 3, ""avg_days_per_stage"": 39.2, ""stage_complexity"": 0.6614}"
f9352345-f3f8-472e-b714-62a1bd4795a1,PROJ-1100,2025-05-01T00:00:00+00:00,418.27,181.47,189,82,99,8,668922975.31,1086957544.54,"{""SURVEY"": 29, ""VERIFICATION"": 29, ""OBJECTION"": 4, ""AWARD"": 19, ""COMPENSATION"": 19}","{""officers_count"": 6, ""sla_breaches"": 3, ""disputes_count"": 5, ""avg_days_per_stage"": 47.8, ""stage_complexity"": 0.5128}"
f9a6a641-ec0d-4aed-bad1-77f37eee4911,PROJ-1100,2025-05-16T00:00:00+00:00,418.27,196.96,189,89,93,7,778890179.59,953057687.82,"{""SURVEY"": 27, ""VERIFICATION"": 27, ""OBJECTION"": 4, ""AWARD"": 18, ""COMPENSATION"": 18}","{""officers_count"": 6, ""sla_breaches"": 4, ""disputes_count"": 4, ""avg_days_per_stage"": 42.9, ""stage_complexity"": 0.4513}"
8b2e36b5-2d7b-4d97-a0c4-84707d72d086,PROJ-1100,2025-05-31T00:00:00+00:00,418.27,225.73,189,102,79,8,621446287.7,742461648.39,"{""SURVEY"": 23, ""VERIFICATION"": 23, ""OBJECTION"": 4, ""AWARD"": 15, ""COMPENSATION"": 15}","{""officers_count"": 6, ""sla_breaches"": 5, ""disputes_count"": 5, ""avg_days_per_stage"": 63.9, ""stage_complexity"": 0.4027}"
6590be80-e898-41b8-a001-36178844f82e,PROJ-1100,2025-06-15T00:00:00+00:00,418.27,252.29,189,114,67,8,491819548.35,861978414.92,"{""SURVEY"": 20, ""VERIFICATION"": 20, ""OBJECTION"": 4, ""AWARD"": 13, ""COMPENSATION"": 13}","{""officers_count"": 4, ""sla_breaches"": 5, ""disputes_count"": 4, ""avg_days_per_stage"": 63.1, ""stage_complexity"": 0.524}"
181ca840-0b3f-4e5c-b31e-2cc4f7643be8,PROJ-1100,2025-06-30T00:00:00+00:00,418.27,276.63,189,125,57,7,494719533.52,701035908.78,"{""SURVEY"": 17, ""VERIFICATION"": 17, ""OBJECTION"": 4, ""AWARD"": 11, ""COMPENSATION"": 11}","{""officers_count"": 6, ""sla_breaches"": 4, ""disputes_count"": 3, ""avg_days_per_stage"": 54.9, ""stage_complexity"": 0.5317}"
6e29fab9-8cde-4f0b-ad1c-9520e0fe33f0,PROJ-1100,2025-07-15T00:00:00+00:00,418.27,296.55,189,134,48,7,714633426.76,953209363.33,"{""SURVEY"": 14, ""VERIFICATION"": 14, ""OBJECTION"": 4, ""AWARD"": 9, ""COMPENSATION"": 9}","{""officers_count"": 5, ""sla_breaches"": 5, ""disputes_count"": 6, ""avg_days_per_stage"": 49.9, ""stage_complexity"": 0.5504}"
def1c7ad-7a38-49bc-946c-3ace96983316,PROJ-1101,2025-01-01T00:00:00+00:00,432.86,13.42,774,24,749,1,0.0,289813254.07,"{""SURVEY"": 224, ""VERIFICATION"": 224, ""OBJECTION"": 0, ""AWARD"": 149, ""COMPENSATION"": 149}","{""officers_count"": 11, ""sla_breaches"": 2, ""disputes_count"": 3, ""avg_days_per_stage"": 16.8, ""stage_complexity"": 0.4247}"
17bb68d9-74d3-44cd-b598-e19514beaea6,PROJ-1101,2025-01-16T00:00:00+00:00,432.86,24.61,774,44,729,0,48302209.01,280152812.26,"{""SURVEY"": 218, ""VERIFICATION"": 218, ""OBJECTION"": 0, ""AWARD"": 145, ""COMPENSATION"": 145}","{""officers_count"": 7, ""sla_breaches"": 0, ""disputes_count"": 2, ""avg_days_per_stage"": 32.7, ""stage_complexity"": 0.2593}"
a7cd9022-eada-443f-a4b2-328741f40363,PROJ-1101,2025-01-31T00:00:00+00:00,432.86,33.0,774,59,715,1,144906627.03,260831928.66,"{""SURVEY"": 214, ""VERIFICATION"": 214, ""OBJECTION"": 0, ""AWARD"": 143, ""COMPENSATION"": 143}","{""officers_count"": 11, ""sla_breaches"": 0, ""disputes_count"": 3, ""avg_days_per_stage"": 31.5, ""stage_complexity"": 0.3771}"
ed5c8d5e-e051-4344-8ad9-4756e3113413,PROJ-1101,2025-02-15T00:00:00+00:00,432.86,38.59,774,69,704,0,289813254.07,231850603.25,"{""SURVEY"": 211, ""VERIFICATION"": 211, ""OBJECTION"": 0, ""AWARD"": 140, ""COMPENSATION"": 140}","{""officers_count"": 6, ""sla_breaches"": 1, ""disputes_count"": 3, ""avg_days_per_stage"": 34.2, ""stage_complexity"": 0.2371}"
7b437fcc-5b85-4949-b461-22a4e4fe98d4,PROJ-1101,2025-03-02T00:00:00+00:00,432.86,58.16,774,104,670,0,483022090.11,193208836.04,"{""SURVEY"": 201, ""VERIFICATION"": 201, ""OBJECTION"": 0, ""AWARD"": 134, ""COMPENSATION"": 134}","{""officers_count"": 12, ""sla_breaches"": 0, ""disputes_count"": 3, ""avg_days_per_stage"": 31.3, ""stage_complexity"": 0.4126}"
bd010b3c-9658-4853-8291-b51237f41874,PROJ-1101,2025-03-17T00:00:00+00:00,432.86,69.35,774,124,650,0,724533135.16,144906627.03,"{""SURVEY"": 195, ""VERIFICATION"": 195, ""OBJECTION"": 0, ""AWARD"": 130, ""COMPENSATION"": 130}","{""officers_count"": 12, ""sla_breaches"": 1, ""disputes_count"": 1, ""avg_days_per_stage"": 33.2, ""stage_complexity"": 0.2314}"
8c378edd-b72d-4a86-add4-484c00c3b644,PROJ-1101,2025-04-01T00:00:00+00:00,432.86,86.68,774,155,619,0,966044180.22,96604418.02,"{""SURVEY"": 185, ""VERIFICATION"": 185, ""OBJECTION"": 0, ""AWARD"": 123, ""COMPENSATION"": 123}","{""officers_count"": 11, ""sla_breaches"": 0, ""disputes_count"": 3, ""avg_days_per_stage"": 15.8, ""stage_complexity"": 0.4352}"
74369ca8-4c39-408e-a44f-6cbc9cba8e11,PROJ-1101,2025-04-16T00:00:00+00:00,432.86,101.22,774,181,593,0,966044180.22,96604418.02,"{""SURVEY"": 177, ""VERIFICATION"": 177, ""OBJECTION"": 0, ""AWARD"": 118, ""COMPENSATION"": 118}","{""officers_count"": 11, ""sla_breaches"": 1, ""disputes_count"": 1, ""avg_days_per_stage"": 20.2, ""stage_complexity"": 0.3496}"
99c7b689-bd92-4cdb-95a7-4ba2face75f3,PROJ-1101,2025-05-01T00:00:00+00:00,432.86,118.0,774,211,563,0,966044180.22,96604418.02,"{""SURVEY"": 168, ""VERIFICATION"": 168, ""OBJECTION"": 0, ""AWARD"": 112, ""COMPENSATION"": 112}","{""officers_count"": 7, ""sla_breaches"": 0, ""disputes_count"": 3, ""avg_days_per_stage"": 23.5, ""stage_complexity"": 0.4157}"
23c7f018-2d0c-4491-8437-08e796c93d0a,PROJ-1101,2025-05-16T00:00:00+00:00,432.86,124.71,774,223,551,1,966044180.22,96604418.02,"{""SURVEY"": 165, ""VERIFICATION"": 165, ""OBJECTION"": 0, ""AWARD"": 110, ""COMPENSATION"": 110}","{""officers_count"": 7, ""sla_breaches"": 0, ""disputes_count"": 0, ""avg_days_per_stage"": 24.9, ""stage_complexity"": 0.2857}"
fb1e2d23-db20-4fcb-9806-48c52d4ef772,PROJ-1101,2025-05-31T00:00:00+00:00,432.86,142.05,774,254,519,0,966044180.22,96604418.02,"{""SURVEY"": 155, ""VERIFICATION"": 155, ""OBJECTION"": 0, ""AWARD"": 103, ""COMPENSATION"": 103}","{""officers_count"": 8, ""sla_breaches"": 1, ""disputes_count"": 1, ""avg_days_per_stage"": 23.8, ""stage_complexity"": 0.2635}"
b700cda2-d1a0-4a7a-adfe-082185f8492b,PROJ-1102,2025-01-01T00:00:00+00:00,277.48,13.7,709,35,669,4,0.0,171456365.62,"{""SURVEY"": 200, ""VERIFICATION"": 200, ""OBJECTION"": 2, ""AWARD"": 133, ""COMPENSATION"": 133}","{""officers_count"": 7, ""sla_breaches"": 2, ""disputes_count"": 3, ""avg_days_per_stage"": 16.0, ""stage_complexity"": 0.2954}"
92cddf2b-e0d3-4d30-9d25-738cd2b10a00,PROJ-1102,2025-01-16T00:00:00+00:00,277.48,18.79,709,48,657,3,28576060.94,165741153.44,"{""SURVEY"": 197, ""VERIFICATION"": 197, ""OBJECTION"": 1, ""AWARD"": 131, ""COMPENSATION"": 131}","{""officers_count"": 5, ""sla_breaches"": 2, ""disputes_count"": 3, ""avg_days_per_stage"": 26.1, ""stage_complexity"": 0.2093}"
1efbe3b1-ec05-4cce-81ef-064270d52544,PROJ-1102,2025-01-31T00:00:00+00:00,277.48,29.74,709,76,630,3,85728182.81,154310729.06,"{""SURVEY"": 189, ""VERIFICATION"": 189, ""OBJECTION"": 1, ""AWARD"": 126, ""COMPENSATION"": 126}","{""officers_count"": 7, ""sla_breaches"": 1, ""disputes_count"": 2, ""avg_days_per_stage"": 33.2, ""stage_complexity"": 0.239}"
43510c6d-4d4e-429a-ab89-76131ae968e1,PROJ-1102,2025-02-15T00:00:00+00:00,277.48,41.49,709,106,600,4,171456365.62,137165092.5,"{""SURVEY"": 180, ""VERIFICATION"": 180, ""OBJECTION"": 2, ""AWARD"": 120, ""COMPENSATION"": 120}","{""officers_count"": 7, ""sla_breaches"": 1, ""disputes_count"": 0, ""avg_days_per_stage"": 23.7, ""stage_complexity"": 0.2461}"
476d1b44-5d9a-438a-bc65-ac777ae3ae8b,PROJ-1102,2025-03-02T00:00:00+00:00,277.48,50.88,709,130,575,4,285760609.37,114304243.75,"{""SURVEY"": 172, ""VERIFICATION"": 172, ""OBJECTION"": 2, ""AWARD"": 115, ""COMPENSATION"": 115}","{""officers_count"": 5, ""sla_breaches"": 1, ""disputes_count"": 0, ""avg_days_per_stage"": 30.0, ""stage_complexity"": 0.3487}"
3486b016-188a-4aa5-8949-2e368e96e387,PROJ-1102,2025-03-17T00:00:00+00:00,277.48,57.14,709,146,559,4,428640914.06,85728182.81,"{""SURVEY"": 167, ""VERIFICATION"": 167, ""OBJECTION"": 2, ""AWARD"": 111, ""COMPENSATION"": 111}","{""officers_count"": 12, ""sla_breaches"": 1, ""disputes_count"": 0, ""avg_days_per_stage"": 16.2, ""stage_complexity"": 0.4257}"
3ffcd69b-6fd4-4dfa-bf40-52a5a2c30821,PROJ-1103,2025-01-01T00:00:00+00:00,606.09,9.07,334,5,321,8,205915308.28,1287099187.71,"{""SURVEY"": 96, ""VERIFICATION"": 96, ""OBJECTION"": 4, ""AWARD"": 64, ""COMPENSATION"": 64}","{""officers_count"": 3, ""sla_breaches"": 9, ""disputes_count"": 4, ""avg_days_per_stage"": 60.1, ""stage_complexity"": 0.846}"
75dcc314-31b2-4092-b343-bf329a699a5c,PROJ-1103,2025-01-16T00:00:00+00:00,606.09,18.15,334,10,314,10,201861537.62,1465909371.83,"{""SURVEY"": 94, ""VERIFICATION"": 94, ""OBJECTION"": 6, ""AWARD"": 62, ""COMPENSATION"": 62}","{""officers_count"": 3, ""sla_breaches"": 5, ""disputes_count"": 6, ""avg_days_per_stage"": 58.0, ""stage_complexity"": 0.7317}"
ac5a160e-1614-4d3e-9bfe-cce240bdeeb3,PROJ-1103,2025-01-31T00:00:00+00:00,606.09,25.4,334,14,307,13,154254844.9,1667913179.79,"{""SURVEY"": 92, ""VERIFICATION"": 92, ""OBJECTION"": 7, ""AWARD"": 61, ""COMPENSATION"": 61}","{""officers_count"": 4, ""sla_breaches"": 7, ""disputes_count"": 6, ""avg_days_per_stage"": 88.4, ""stage_complexity"": 0.8736}"
d10aa295-555b-4aab-b4f3-a13b67565dbb,PROJ-1103,2025-02-15T00:00:00+00:00,606.09,34.48,334,19,300,15,438072343.25,1509839024.48,"{""SURVEY"": 90, ""VERIFICATION"": 90, ""OBJECTION"": 9, ""AWARD"": 60, ""COMPENSATION"": 60}","{""officers_count"": 4, ""sla_breaches"": 6, ""disputes_count"": 5, ""avg_days_per_stage"": 97.6, ""stage_complexity"": 0.752}"
305dff8f-f2d0-4695-85c1-e26ac0681634,PROJ-1103,2025-03-02T00:00:00+00:00,606.09,39.92,334,22,293,19,452994724.51,1354943874.33,"{""SURVEY"": 87, ""VERIFICATION"": 87, ""OBJECTION"": 11, ""AWARD"": 58, ""COMPENSATION"": 58}","{""officers_count"": 6, ""sla_breaches"": 6, ""disputes_count"": 6, ""avg_days_per_stage"": 66.1, ""stage_complexity"": 0.8459}"
6d206803-f99b-49d4-90ba-7cf8041aa3bf,PROJ-1104,2025-01-01T00:00:00+00:00,1195.9,330.78,94,26,66,2,0.0,1784835566.99,"{""SURVEY"": 19, ""VERIFICATION"": 19, ""OBJECTION"": 1, ""AWARD"": 13, ""COMPENSATION"": 13}","{""officers_count"": 10, ""sla_breaches"": 0, ""disputes_count"": 3, ""avg_days_per_stage"": 15.8, ""stage_complexity"": 0.3762}"
9f0abd56-fc9f-437e-967f-2516912e204b,PROJ-1104,2025-01-16T00:00:00+00:00,1195.9,470.73,94,37,55,1,297472594.5,1725341048.09,"{""SURVEY"": 16, ""VERIFICATION"": 16, ""OBJECTION"": 0, ""AWARD"": 11, ""COMPENSATION"": 11}","{""officers_count"": 11, ""sla_breaches"": 0, ""disputes_count"": 2, ""avg_days_per_stage"": 33.1, ""stage_complexity"": 0.3651}"
7b9e8dbf-cc4f-4e9b-8e48-9a68b26ca9c1,PROJ-1104,2025-01-31T00:00:00+00:00,1195.9,661.56,94,52,41,1,892417783.5,1606352010.29,"{""SURVEY"": 12, ""VERIFICATION"": 12, ""OBJECTION"": 0, ""AWARD"": 8, ""COMPENSATION"": 8}","{""officers_count"": 6, ""sla_breaches"": 0, ""disputes_count"": 3, ""avg_days_per_stage"": 29.5, ""stage_complexity"": 0.237}"
7f724432-5fd7-4644-b394-e9b3e94eb9a1,PROJ-1104,2025-02-15T00:00:00+00:00,1195.9,826.95,94,65,28,2,1784835566.99,1427868453.59,"{""SURVEY"": 8, ""VERIFICATION"": 8, ""OBJECTION"": 1, ""AWARD"": 5, ""COMPENSATION"": 5}","{""officers_count"": 9, ""sla_breaches"": 0, ""disputes_count"": 1, ""avg_days_per_stage"": 32.7, ""stage_complexity"": 0.294}"
6f8077c4-8d87-47c7-a265-9177977ffd85,PROJ-1104,2025-03-02T00:00:00+00:00,1195.9,1005.06,94,79,13,3,2974725944.99,1189890377.99,"{""SURVEY"": 3, ""VERIFICATION"": 3, ""OBJECTION"": 1, ""AWARD"": 2, ""COMPENSATION"": 2}","{""officers_count"": 6, ""sla_breaches"": 2, ""disputes_count"": 0, ""avg_days_per_stage"": 20.5, ""stage_complexity"": 0.4367}"
ef6c10f0-679c-4a5f-948d-90131a7cbcc2,PROJ-1105,2025-01-01T00:00:00+00:00,366.42,1.33,549,2,541,6,406240376.37,1409393584.1,"{""SURVEY"": 162, ""VERIFICATION"": 162, ""OBJECTION"": 3, ""AWARD"": 108, ""COMPENSATION"": 108}","{""officers_count"": 5, ""sla_breaches"": 6, ""disputes_count"": 8, ""avg_days_per_stage"": 57.4, ""stage_complexity"": 0.8905}"
c2a596eb-d15e-4595-b035-1e719a98d99f,PROJ-1105,2025-01-16T00:00:00+00:00,366.42,4.0,549,6,531,12,119194769.55,1075760776.96,"{""SURVEY"": 159, ""VERIFICATION"": 159, ""OBJECTION"": 7, ""AWARD"": 106, ""COMPENSATION"": 106}","{""officers_count"": 6, ""sla_breaches"": 7, ""disputes_count"": 6, ""avg_days_per_stage"": 101.0, ""stage_complexity"": 0.8741}"
30958e54-90e8-40c4-9e53-4f198cd780cb,PROJ-1105,2025-01-31T00:00:00+00:00,366.42,7.34,549,11,523,15,318045870.87,1354091610.81,"{""SURVEY"": 156, ""VERIFICATION"": 156, ""OBJECTION"": 9, ""AWARD"": 104, ""COMPENSATION"": 104}","{""officers_count"": 4, ""sla_breaches"": 6, ""disputes_count"": 3, ""avg_days_per_stage"": 101.7, ""stage_complexity"": 0.8793}"
3ac9d4ae-f92c-4e63-a5ec-46ec59a239e8,PROJ-1105,2025-02-15T00:00:00+00:00,366.42,9.34,549,14,516,19,303340009.51,1463788721.15,"{""SURVEY"": 154, ""VERIFICATION"": 154, ""OBJECTION"": 11, ""AWARD"": 103, ""COMPENSATION"": 103}","{""officers_count"": 4, ""sla_breaches"": 9, ""disputes_count"": 8, ""avg_days_per_stage"": 71.0, ""stage_complexity"": 0.7006}"
a5606965-f426-4c59-bd65-39fa3ca06402,PROJ-1105,2025-03-02T00:00:00+00:00,366.42,13.35,549,20,504,25,267136449.34,1353987596.21,"{""SURVEY"": 151, ""VERIFICATION"": 151, ""OBJECTION"": 15, ""AWARD"": 100, ""COMPENSATION"": 100}","{""officers_count"": 3, ""sla_breaches"": 8, ""disputes_count"": 3, ""avg_days_per_stage"": 108.4, ""stage_complexity"": 0.8926}"
355f2818-a040-4b3e-8894-241d855dc61f,PROJ-1105,2025-03-17T00:00:00+00:00,366.42,17.35,549,26,496,27,173386327.89,1409255896.26,"{""SURVEY"": 148, ""VERIFICATION"": 148, ""OBJECTION"": 16, ""AWARD"": 99, ""COMPENSATION"": 99}","{""officers_count"": 3, ""sla_breaches"": 7, ""disputes_count"": 3, ""avg_days_per_stage"": 103.9, ""stage_complexity"": 0.7129}"
11588b1e-eacc-4869-9923-3b706aa1c70d,PROJ-1106,2025-01-01T00:00:00+00:00,690.28,192.64,86,24,57,6,0.0,1139087396.94,"{""SURVEY"": 17, ""VERIFICATION"": 17, ""OBJECTION"": 3, ""AWARD"": 11, ""COMPENSATION"": 11}","{""officers_count"": 7, ""sla_breaches"": 0, ""disputes_count"": 1, ""avg_days_per_stage"": 23.9, ""stage_complexity"": 0.3684}"
53152fcf-d7f6-4068-9263-a144f7d01912,PROJ-1106,2025-01-16T00:00:00+00:00,690.28,329.09,86,41,39,7,189847899.49,1101117817.04,"{""SURVEY"": 11, ""VERIFICATION"": 11, ""OBJECTION"": 4, ""AWARD"": 7, ""COMPENSATION"": 7}","{""officers_count"": 8, ""sla_breaches"": 1, ""disputes_count"": 1, ""avg_days_per_stage"": 27.5, ""stage_complexity"": 0.373}"
9602a724-bfd2-4e6c-b5b2-7c3e21e449c2,PROJ-1106,2025-01-31T00:00:00+00:00,690.28,593.96,86,74,5,8,569543698.47,1025178657.25,"{""SURVEY"": 1, ""VERIFICATION"": 1, ""OBJECTION"": 4, ""AWARD"": 1, ""COMPENSATION"": 1}","{""officers_count"": 5, ""sla_breaches"": 2, ""disputes_count"": 2, ""avg_days_per_stage"": 17.0, ""stage_complexity"": 0.4104}"
aeacb76c-a71f-4e54-a3ea-b7612d9417c3,PROJ-1106,2025-02-15T00:00:00+00:00,690.28,690.28,86,86,0,8,1139087396.94,911269917.55,"{""SURVEY"": 0, ""VERIFICATION"": 0, ""OBJECTION"": 4, ""AWARD"": 0, ""COMPENSATION"": 0}","{""officers_count"": 9, ""sla_breaches"": 2, ""disputes_count"": 3, ""avg_days_per_stage"": 16.9, ""stage_complexity"": 0.2294}"
c1097413-4825-4e12-9b09-92b91133e751,PROJ-1106,2025-03-02T00:00:00+00:00,690.28,690.28,86,86,0,9,1898478994.9,759391597.96,"{""SURVEY"": 0, ""VERIFICATION"": 0, ""OBJECTION"": 5, ""AWARD"": 0, ""COMPENSATION"": 0}","{""officers_count"": 7, ""sla_breaches"": 2, ""disputes_count"": 3, ""avg_days_per_stage"": 24.2, ""stage_complexity"": 0.3696}"
c35add6e-aa72-4fe5-a294-255332cac25d,PROJ-1106,2025-03-17T00:00:00+00:00,690.28,690.28,86,86,0,8,2847718492.35,569543698.47,"{""SURVEY"": 0, ""VERIFICATION"": 0, ""OBJECTION"": 4, ""AWARD"": 0, ""COMPENSATION"": 0}","{""officers_count"": 9, ""sla_breaches"": 2, ""disputes_count"": 3, ""avg_days_per_stage"": 30.5, ""stage_complexity"": 0.3007}"
79176daf-89d0-4293-bd11-a7ee7df0528a,PROJ-1106,2025-04-01T00:00:00+00:00,690.28,690.28,86,86,0,9,3796957989.8,379695798.98,"{""SURVEY"": 0, ""VERIFICATION"": 0, ""OBJECTION"": 5, ""AWARD"": 0, ""COMPENSATION"": 0}","{""officers_count"": 11, ""sla_breaches"": 0, ""disputes_count"": 2, ""avg_days_per_stage"": 30.1, ""stage_complexity"": 0.2042}"
dc002417-b6ce-4a71-b499-8da8705e55f3,PROJ-1106,2025-04-16T00:00:00+00:00,690.28,690.28,86,86,0,9,3796957989.8,379695798.98,"{""SURVEY"": 0, ""VERIFICATION"": 0, ""OBJECTION"": 5, ""AWARD"": 0, ""COMPENSATION"": 0}","{""officers_count"": 8, ""sla_breaches"": 2, ""disputes_count"": 0, ""avg_days_per_stage"": 24.4, ""stage_complexity"": 0.2369}"
5b6a937e-57c8-4a2b-a74d-6a3337d2efa1,PROJ-1106,2025-05-01T00:00:00+00:00,690.28,690.28,86,86,0,8,3796957989.8,379695798.98,"{""SURVEY"": 0, ""VERIFICATION"": 0, ""OBJECTION"": 4, ""AWARD"": 0, ""COMPENSATION"": 0}","{""officers_count"": 9, ""sla_breaches"": 1, ""disputes_count"": 0, ""avg_days_per_stage"": 15.4, ""stage_complexity"": 0.3884}"
acf47b1f-d489-401a-9b70-dbaef44ca076,PROJ-1106,2025-05-16T00:00:00+00:00,690.28,690.28,86,86,0,8,3796957989.8,379695798.98,"{""SURVEY"": 0, ""VERIFICATION"": 0, ""OBJECTION"": 4, ""AWARD"": 0, ""COMPENSATION"": 0}","{""officers_count"": 12, ""sla_breaches"": 0, ""disputes_count"": 2, ""avg_days_per_stage"": 23.9, ""stage_complexity"": 0.2085}"
c944e656-5693-46ab-b89c-68643eb88061,PROJ-1106,2025-05-31T00:00:00+00:00,690.28,690.28,86,86,0,9,3796957989.8,379695798.98,"{""SURVEY"": 0, ""VERIFICATION"": 0, ""OBJECTION"": 5, ""AWARD"": 0, ""COMPENSATION"": 0}","{""officers_count"": 11, ""sla_breaches"": 1, ""disputes_count"": 1, ""avg_days_per_stage"": 23.1, ""stage_complexity"": 0.4118}"
86ca70e9-b9ee-41bf-a84c-2a3ee6ec7935,PROJ-1107,2025-01-01T00:00:00+00:00,357.38,0.94,764,2,751,11,210417697.84,805699568.29,"{""SURVEY"": 225, ""VERIFICATION"": 225, ""OBJECTION"": 6, ""AWARD"": 150, ""COMPENSATION"": 150}","{""officers_count"": 4, ""sla_breaches"": 7, ""disputes_count"": 20, ""avg_days_per_stage"": 135.1, ""stage_complexity"": 0.8648}"
c861572c-4d88-4841-aeef-ca0f16318e40,PROJ-1107,2025-01-16T00:00:00+00:00,357.38,1.4,764,3,741,20,324613581.59,1248001395.43,"{""SURVEY"": 222, ""VERIFICATION"": 222, ""OBJECTION"": 12, ""AWARD"": 148, ""COMPENSATION"": 148}","{""officers_count"": 4, ""sla_breaches"": 11, ""disputes_count"": 24, ""avg_days_per_stage"": 77.0, ""stage_complexity"": 0.7901}"
675b24fe-1e3c-4dd9-80aa-20c5a1875ae8,PROJ-1107,2025-01-31T00:00:00+00:00,357.38,2.34,764,5,731,28,523339877.37,1027494315.97,"{""SURVEY"": 219, ""VERIFICATION"": 219, ""OBJECTION"": 16, ""AWARD"": 146, ""COMPENSATION"": 146}","{""officers_count"": 5, ""sla_breaches"": 5, ""disputes_count"": 38, ""avg_days_per_stage"": 125.8, ""stage_complexity"": 0.8824}"
89282fbd-4429-4d7e-bc92-5ff6b97c5814,PROJ-1107,2025-02-15T00:00:00+00:00,357.38,2.81,764,6,718,40,491012433.07,1343645544.55,"{""SURVEY"": 215, ""VERIFICATION"": 215, ""OBJECTION"": 24, ""AWARD"": 143, ""COMPENSATION"": 143}","{""officers_count"": 3, ""sla_breaches"": 11, ""disputes_count"": 48, ""avg_days_per_stage"": 123.3, ""stage_complexity"": 0.8325}"
4d083cbc-b325-4efe-8bf1-7fbd2a20aef0,PROJ-1107,2025-03-02T00:00:00+00:00,357.38,5.61,764,12,703,49,460249472.22,1090952365.12,"{""SURVEY"": 210, ""VERIFICATION"": 210, ""OBJECTION"": 29, ""AWARD"": 140, ""COMPENSATION"": 140}","{""officers_count"": 4, ""sla_breaches"": 11, ""disputes_count"": 54, ""avg_days_per_stage"": 139.3, ""stage_complexity"": 0.8626}"
3312b01d-42d6-4037-83f0-4b0af0f4598e,PROJ-1107,2025-03-17T00:00:00+00:00,357.38,6.55,764,14,691,59,371595198.49,772721766.07,"{""SURVEY"": 207, ""VERIFICATION"": 207, ""OBJECTION"": 35, ""AWARD"": 138, ""COMPENSATION"": 138}","{""officers_count"": 5, ""sla_breaches"": 10, ""disputes_count"": 62, ""avg_days_per_stage"": 84.3, ""stage_complexity"": 0.762}"
cfe8ae4e-d5e7-43d3-8dde-9c8d99e90da1,PROJ-1107,2025-04-01T00:00:00+00:00,357.38,8.42,764,18,679,67,289655099.75,834160387.2,"{""SURVEY"": 203, ""VERIFICATION"": 203, ""OBJECTION"": 40, ""AWARD"": 135, ""COMPENSATION"": 135}","{""officers_count"": 5, ""sla_breaches"": 7, ""disputes_count"": 72, ""avg_days_per_stage"": 111.2, ""stage_complexity"": 0.7922}"
3c66e1b7-88d9-4520-bee1-be7862d9e98d,PROJ-1108,2025-01-01T00:00:00+00:00,1019.57,0.0,612,0,607,7,404840331.48,1912802867.96,"{""SURVEY"": 182, ""VERIFICATION"": 182, ""OBJECTION"": 4, ""AWARD"": 121, ""COMPENSATION"": 121}","{""officers_count"": 2, ""sla_breaches"": 11, ""disputes_count"": 3, ""avg_days_per_stage"": 148.9, ""stage_complexity"": 0.6837}"
956678cc-6f82-4b29-aa6f-0ff4aca0c37e,PROJ-1108,2025-01-16T00:00:00+00:00,1019.57,1.67,612,1,604,9,412476055.13,2307404194.69,"{""SURVEY"": 181, ""VERIFICATION"": 181, ""OBJECTION"": 5, ""AWARD"": 120, ""COMPENSATION"": 120}","{""officers_count"": 1, ""sla_breaches"": 10, ""disputes_count"": 3, ""avg_days_per_stage"": 125.2, ""stage_complexity"": 0.6505}"
0728544d-40a1-4155-8d31-460ba0996dd3,PROJ-1108,2025-01-31T00:00:00+00:00,1019.57,6.66,612,4,599,10,762735751.28,2317361807.35,"{""SURVEY"": 179, ""VERIFICATION"": 179, ""OBJECTION"": 6, ""AWARD"": 119, ""COMPENSATION"": 119}","{""officers_count"": 1, ""sla_breaches"": 11, ""disputes_count"": 3, ""avg_days_per_stage"": 77.6, ""stage_complexity"": 0.6169}"
ba4fb1bf-1957-4e26-bf01-f0a2070dc5f4,PROJ-1108,2025-02-15T00:00:00+00:00,1019.57,8.33,612,5,597,13,575952259.89,1653168314.7,"{""SURVEY"": 179, ""VERIFICATION"": 179, ""OBJECTION"": 7, ""AWARD"": 119, ""COMPENSATION"": 119}","{""officers_count"": 2, ""sla_breaches"": 9, ""disputes_count"": 2, ""avg_days_per_stage"": 81.4, ""stage_complexity"": 0.689}"
a9e953bb-aa34-4948-a4ed-433d2d455f39,PROJ-1108,2025-03-02T00:00:00+00:00,1019.57,14.99,612,9,590,14,646368364.55,2203386802.63,"{""SURVEY"": 177, ""VERIFICATION"": 177, ""OBJECTION"": 8, ""AWARD"": 118, ""COMPENSATION"": 118}","{""officers_count"": 1, ""sla_breaches"": 6, ""disputes_count"": 4, ""avg_days_per_stage"": 82.4, ""stage_complexity"": 0.7257}"
f884d7c7-749c-46f7-8ee1-11be5c2f00b4,PROJ-1108,2025-03-17T00:00:00+00:00,1019.57,14.99,612,9,589,18,435258380.34,2247840832.35,"{""SURVEY"": 176, ""VERIFICATION"": 176, ""OBJECTION"": 10, ""AWARD"": 117, ""COMPENSATION"": 117}","{""officers_count"": 2, ""sla_breaches"": 9, ""disputes_count"": 2, ""avg_days_per_stage"": 91.4, ""stage_complexity"": 0.7774}"
264271f3-af26-4c64-a567-e569d383abd8,PROJ-1108,2025-04-01T00:00:00+00:00,1019.57,14.99,612,9,585,19,947974315.26,1885265388.45,"{""SURVEY"": 175, ""VERIFICATION"": 175, ""OBJECTION"": 11, ""AWARD"": 117, ""COMPENSATION"": 117}","{""officers_count"": 2, ""sla_breaches"": 6, ""disputes_count"": 2, ""avg_days_per_stage"": 80.5, ""stage_complexity"": 0.6903}"
8a0e6d5e-68b2-461d-a66f-9aa9a3ab195b,PROJ-1108,2025-04-16T00:00:00+00:00,1019.57,19.99,612,12,581,21,393982242.85,1887626862.58,"{""SURVEY"": 174, ""VERIFICATION"": 174, ""OBJECTION"": 12, ""AWARD"": 116, ""COMPENSATION"": 116}","{""officers_count"": 2, ""sla_breaches"": 8, ""disputes_count"": 4, ""avg_days_per_stage"": 126.6, ""stage_complexity"": 0.7536}"
6e518bca-f4fd-420a-9479-20de66f1d286,PROJ-1108,2025-05-01T00:00:00+00:00,1019.57,24.99,612,15,576,22,955277565.13,1886618328.75,"{""SURVEY"": 172, ""VERIFICATION"": 172, ""OBJECTION"": 13, ""AWARD"": 115, ""COMPENSATION"": 115}","{""officers_count"": 1, ""sla_breaches"": 8, ""disputes_count"": 2, ""avg_days_per_stage"": 102.4, ""stage_complexity"": 0.7406}"
0cc2887a-974d-40a1-9aae-912b3f847ae3,PROJ-1108,2025-05-16T00:00:00+00:00,1019.57,26.66,612,16,574,23,885758964.28,1879582168.04,"{""SURVEY"": 172, ""VERIFICATION"": 172, ""OBJECTION"": 13, ""AWARD"": 114, ""COMPENSATION"": 114}","{""officers_count"": 1, ""sla_breaches"": 10, ""disputes_count"": 3, ""avg_days_per_stage"": 111.7, ""stage_complexity"": 0.6192}"
1beb3abd-a722-473b-b453-0d39820db752,PROJ-1108,2025-05-31T00:00:00+00:00,1019.57,33.32,612,20,569,27,414508892.43,1619876216.98,"{""SURVEY"": 170, ""VERIFICATION"": 170, ""OBJECTION"": 16, ""AWARD"": 113, ""COMPENSATION"": 113}","{""officers_count"": 1, ""sla_breaches"": 6, ""disputes_count"": 4, ""avg_days_per_stage"": 133.7, ""stage_complexity"": 0.6603}"
9df1b3ac-e1b2-4abf-b593-123ed05018a0,PROJ-1108,2025-06-15T00:00:00+00:00,1019.57,34.99,612,21,564,28,475186062.07,1795871101.58,"{""SURVEY"": 169, ""VERIFICATION"": 169, ""OBJECTION"": 16, ""AWARD"": 112, ""COMPENSATION"": 112}","{""officers_count"": 1, ""sla_breaches"": 12, ""disputes_count"": 4, ""avg_days_per_stage"": 98.5, ""stage_complexity"": 0.6506}"
33891efc-6016-4df7-a4ff-532750d6b587,PROJ-1108,2025-06-30T00:00:00+00:00,1019.57,41.65,612,25,559,32,479227671.39,2034643609.08,"{""SURVEY"": 167, ""VERIFICATION"": 167, ""OBJECTION"": 19, ""AWARD"": 111, ""COMPENSATION"": 111}","{""officers_count"": 2, ""sla_breaches"": 12, ""disputes_count"": 2, ""avg_days_per_stage"": 90.6, ""stage_complexity"": 0.7837}"
1c56f918-dd50-4db5-a5c9-832fb5a5ccb0,PROJ-1109,2025-01-01T00:00:00+00:00,463.58,6.69,208,3,198,7,543252313.13,1358405333.67,"{""SURVEY"": 59, ""VERIFICATION"": 59, ""OBJECTION"": 4, ""AWARD"": 39, ""COMPENSATION"": 39}","{""officers_count"": 2, ""sla_breaches"": 6, ""disputes_count"": 14, ""avg_days_per_stage"": 66.7, ""stage_complexity"": 0.8106}"
f61e436c-74d4-4237-8ff7-75e74924f7e8,PROJ-1109,2025-01-16T00:00:00+00:00,463.58,8.92,208,4,185,19,390142565.49,1391420209.25,"{""SURVEY"": 55, ""VERIFICATION"": 55, ""OBJECTION"": 11, ""AWARD"": 37, ""COMPENSATION"": 37}","{""officers_count"": 5, ""sla_breaches"": 9, ""disputes_count"": 26, ""avg_days_per_stage"": 93.1, ""stage_complexity"": 0.8173}"
da218478-af0d-4e7f-9f9d-a2675e24acd5,PROJ-1109,2025-01-31T00:00:00+00:00,463.58,22.29,208,10,174,24,262229012.76,1490231027.07,"{""SURVEY"": 52, ""VERIFICATION"": 52, ""OBJECTION"": 14, ""AWARD"": 34, ""COMPENSATION"": 34}","{""officers_count"": 5, ""sla_breaches"": 6, ""disputes_count"": 31, ""avg_days_per_stage"": 68.4, ""stage_complexity"": 0.9215}"
a547011f-787c-4918-b0df-e58415c6863e,PROJ-1109,2025-02-15T00:00:00+00:00,463.58,33.43,208,15,158,35,367923588.69,1075561374.49,"{""SURVEY"": 47, ""VERIFICATION"": 47, ""OBJECTION"": 21, ""AWARD"": 31, ""COMPENSATION"": 31}","{""officers_count"": 3, ""sla_breaches"": 11, ""disputes_count"": 37, ""avg_days_per_stage"": 122.4, ""stage_complexity"": 0.7612}"
6294850f-d396-4fb6-8daf-e869adc3aa0f,PROJ-1109,2025-03-02T00:00:00+00:00,463.58,40.12,208,18,151,39,218836024.45,996911730.24,"{""SURVEY"": 45, ""VERIFICATION"": 45, ""OBJECTION"": 23, ""AWARD"": 30, ""COMPENSATION"": 30}","{""officers_count"": 5, ""sla_breaches"": 5, ""disputes_count"": 43, ""avg_days_per_stage"": 84.7, ""stage_complexity"": 0.9011}"
6b0ffb86-0da7-45f2-b6af-41bc302c7949,PROJ-1109,2025-03-17T00:00:00+00:00,463.58,49.03,208,22,137,49,489122884.12,1354749966.04,"{""SURVEY"": 41, ""VERIFICATION"": 41, ""OBJECTION"": 29, ""AWARD"": 27, ""COMPENSATION"": 27}","{""officers_count"": 2, ""sla_breaches"": 11, ""disputes_count"": 52, ""avg_days_per_stage"": 99.6, ""stage_complexity"": 0.7508}"
6ffaa677-c414-4e10-a832-bb46ee8da56d,PROJ-1109,2025-04-01T00:00:00+00:00,463.58,60.18,208,27,123,58,481901896.72,1539402330.27,"{""SURVEY"": 36, ""VERIFICATION"": 36, ""OBJECTION"": 34, ""AWARD"": 24, ""COMPENSATION"": 24}","{""officers_count"": 2, ""sla_breaches"": 9, ""disputes_count"": 64, ""avg_days_per_stage"": 132.0, ""stage_complexity"": 0.8519}"
b49fa215-e061-4bf5-90ea-10a4f63713c1,PROJ-1109,2025-04-16T00:00:00+00:00,463.58,62.4,208,28,112,68,359077352.99,1492939902.47,"{""SURVEY"": 33, ""VERIFICATION"": 33, ""OBJECTION"": 40, ""AWARD"": 22, ""COMPENSATION"": 22}","{""officers_count"": 5, ""sla_breaches"": 6, ""disputes_count"": 77, ""avg_days_per_stage"": 127.6, ""stage_complexity"": 0.889}"
a6423b4e-dfad-477e-9c93-13d2157be533,PROJ-1109,2025-05-01T00:00:00+00:00,463.58,71.32,208,32,104,72,375116702.18,1213675729.56,"{""SURVEY"": 31, ""VERIFICATION"": 31, ""OBJECTION"": 43, ""AWARD"": 20, ""COMPENSATION"": 20}","{""officers_count"": 4, ""sla_breaches"": 7, ""disputes_count"": 79, ""avg_days_per_stage"": 116.0, ""stage_complexity"": 0.8481}"
fb02126b-bf0d-4c65-b747-7e3e2e6b13ab,PROJ-1109,2025-05-16T00:00:00+00:00,463.58,78.01,208,35,97,76,324903736.35,946492674.91,"{""SURVEY"": 29, ""VERIFICATION"": 29, ""OBJECTION"": 45, ""AWARD"": 19, ""COMPENSATION"": 19}","{""officers_count"": 2, ""sla_breaches"": 8, ""disputes_count"": 86, ""avg_days_per_stage"": 117.0, ""stage_complexity"": 0.9467}"
7a2e3db9-93e1-4be9-b975-8ed675582597,PROJ-1109,2025-05-31T00:00:00+00:00,463.58,89.15,208,40,82,86,294362354.48,1346399699.3,"{""SURVEY"": 24, ""VERIFICATION"": 24, ""OBJECTION"": 51, ""AWARD"": 16, ""COMPENSATION"": 16}","{""officers_count"": 2, ""sla_breaches"": 6, ""disputes_count"": 92, ""avg_days_per_stage"": 95.8, ""stage_complexity"": 0.822}"
39d11ab0-638f-495e-a199-8969ab75945e,PROJ-1109,2025-06-15T00:00:00+00:00,463.58,91.38,208,41,71,96,517372793.32,871711595.3,"{""SURVEY"": 21, ""VERIFICATION"": 21, ""OBJECTION"": 57, ""AWARD"": 14, ""COMPENSATION"": 14}","{""officers_count"": 5, ""sla_breaches"": 7, ""disputes_count"": 98, ""avg_days_per_stage"": 124.0, ""stage_complexity"": 0.8139}"
6dcc25bf-00a9-45c3-916e-faee6fdbf459,PROJ-1109,2025-06-30T00:00:00+00:00,463.58,93.61,208,42,62,104,300872791.11,1006084482.78,"{""SURVEY"": 18, ""VERIFICATION"": 18, ""OBJECTION"": 62, ""AWARD"": 12, ""COMPENSATION"": 12}","{""officers_count"": 2, ""sla_breaches"": 11, ""disputes_count"": 109, ""avg_days_per_stage"": 112.5, ""stage_complexity"": 0.8781}"
a3503235-3019-4f44-a272-7cab9c728e71,PROJ-1110,2025-01-01T00:00:00+00:00,189.19,0.0,154,0,150,5,133588867.63,447507802.24,"{""SURVEY"": 45, ""VERIFICATION"": 45, ""OBJECTION"": 3, ""AWARD"": 30, ""COMPENSATION"": 30}","{""officers_count"": 1, ""sla_breaches"": 9, ""disputes_count"": 2, ""avg_days_per_stage"": 84.8, ""stage_complexity"": 0.7352}"
b724d949-2f10-42fd-9c1f-45b59f38d872,PROJ-1110,2025-01-16T00:00:00+00:00,189.19,4.91,154,4,145,7,68598847.91,470695409.64,"{""SURVEY"": 43, ""VERIFICATION"": 43, ""OBJECTION"": 4, ""AWARD"": 29, ""COMPENSATION"": 29}","{""officers_count"": 2, ""sla_breaches"": 8, ""disputes_count"": 6, ""avg_days_per_stage"": 117.0, ""stage_complexity"": 0.6414}"
236a5587-e086-40c3-829b-b6cf3ec68c8f,PROJ-1110,2025-01-31T00:00:00+00:00,189.19,6.14,154,5,142,10,67005692.85,425578128.94,"{""SURVEY"": 42, ""VERIFICATION"": 42, ""OBJECTION"": 6, ""AWARD"": 28, ""COMPENSATION"": 28}","{""officers_count"": 1, ""sla_breaches"": 9, ""disputes_count"": 4, ""avg_days_per_stage"": 84.2, ""stage_complexity"": 0.7902}"
1f9d16ca-1acb-4489-8af5-70611f04fd66,PROJ-1111,2025-01-01T00:00:00+00:00,700.77,58.09,374,31,338,4,0.0,838187676.8,"{""SURVEY"": 101, ""VERIFICATION"": 101, ""OBJECTION"": 2, ""AWARD"": 67, ""COMPENSATION"": 67}","{""officers_count"": 10, ""sla_breaches"": 1, ""disputes_count"": 0, ""avg_days_per_stage"": 27.2, ""stage_complexity"": 0.3929}"
c68d29cf-b544-4e68-afe1-1293f5ad6ede,PROJ-1111,2025-01-16T00:00:00+00:00,700.77,99.31,374,53,317,2,139697946.13,810248087.58,"{""SURVEY"": 95, ""VERIFICATION"": 95, ""OBJECTION"": 1, ""AWARD"": 63, ""COMPENSATION"": 63}","{""officers_count"": 10, ""sla_breaches"": 2, ""disputes_count"": 3, ""avg_days_per_stage"": 17.0, ""stage_complexity"": 0.2868}"
d3f22f8f-38c5-45eb-a5eb-375bc92806a0,PROJ-1111,2025-01-31T00:00:00+00:00,700.77,136.78,374,73,299,3,419093838.4,754368909.12,"{""SURVEY"": 89, ""VERIFICATION"": 89, ""OBJECTION"": 1, ""AWARD"": 59, ""COMPENSATION"": 59}","{""officers_count"": 8, ""sla_breaches"": 2, ""disputes_count"": 0, ""avg_days_per_stage"": 15.4, ""stage_complexity"": 0.2833}"
a0ecee68-3394-481d-acd1-a3854d643861,PROJ-1111,2025-02-15T00:00:00+00:00,700.77,198.61,374,106,265,2,838187676.8,670550141.44,"{""SURVEY"": 79, ""VERIFICATION"": 79, ""OBJECTION"": 1, ""AWARD"": 53, ""COMPENSATION"": 53}","{""officers_count"": 7, ""sla_breaches"": 1, ""disputes_count"": 2, ""avg_days_per_stage"": 28.5, ""stage_complexity"": 0.2306}"
7a347efe-3ba3-49c2-9f7e-0314e6fe1dc6,PROJ-1111,2025-03-02T00:00:00+00:00,700.77,260.45,374,139,233,0,1396979461.34,558791784.54,"{""SURVEY"": 69, ""VERIFICATION"": 69, ""OBJECTION"": 0, ""AWARD"": 46, ""COMPENSATION"": 46}","{""officers_count"": 9, ""sla_breaches"": 0, ""disputes_count"": 2, ""avg_days_per_stage"": 16.8, ""stage_complexity"": 0.2273}"
047b89f6-ca01-4d32-afb7-fb59239764c7,PROJ-1112,2025-01-01T00:00:00+00:00,626.27,5.43,461,4,449,8,234918993.59,746827691.04,"{""SURVEY"": 134, ""VERIFICATION"": 134, ""OBJECTION"": 4, ""AWARD"": 89, ""COMPENSATION"": 89}","{""officers_count"": 4, ""sla_breaches"": 10, ""disputes_count"": 14, ""avg_days_per_stage"": 84.5, ""stage_complexity"": 0.896}"
2257a317-fc7a-40f6-bb83-d661c9ab2048,PROJ-1112,2025-01-16T00:00:00+00:00,626.27,6.79,461,5,441,15,458701812.68,1351252035.85,"{""SURVEY"": 132, ""VERIFICATION"": 132, ""OBJECTION"": 9, ""AWARD"": 88, ""COMPENSATION"": 88}","{""officers_count"": 2, ""sla_breaches"": 4, ""disputes_count"": 25, ""avg_days_per_stage"": 106.8, ""stage_complexity"": 0.9406}"
ea35162e-8ff8-419f-9785-dc5c2863d2d2,PROJ-1112,2025-01-31T00:00:00+00:00,626.27,9.51,461,7,433,21,333370389.0,1249272569.24,"{""SURVEY"": 129, ""VERIFICATION"": 129, ""OBJECTION"": 12, ""AWARD"": 86, ""COMPENSATION"": 86}","{""officers_count"": 3, ""sla_breaches"": 5, ""disputes_count"": 27, ""avg_days_per_stage"": 74.0, ""stage_complexity"": 0.8661}"
1c5e4ff0-d693-4203-a117-1f31a0117b77,PROJ-1112,2025-02-15T00:00:00+00:00,626.27,12.23,461,9,420,32,327755483.59,1187088965.39,"{""SURVEY"": 126, ""VERIFICATION"": 126, ""OBJECTION"": 19, ""AWARD"": 84, ""COMPENSATION"": 84}","{""officers_count"": 2, ""sla_breaches"": 4, ""disputes_count"": 40, ""avg_days_per_stage"": 75.7, ""stage_complexity"": 0.8015}"
7410d26b-4f70-4073-9c18-b30c093c08d0,PROJ-1112,2025-03-02T00:00:00+00:00,626.27,16.3,461,12,411,38,358635410.0,926299537.81,"{""SURVEY"": 123, ""VERIFICATION"": 123, ""OBJECTION"": 22, ""AWARD"": 82, ""COMPENSATION"": 82}","{""officers_count"": 2, ""sla_breaches"": 6, ""disputes_count"": 43, ""avg_days_per_stage"": 128.5, ""stage_complexity"": 0.7535}"
579ddc64-379c-41d1-90c4-3888ae33001e,PROJ-1112,2025-03-17T00:00:00+00:00,626.27,23.09,461,17,395,49,487269158.66,920362398.31,"{""SURVEY"": 118, ""VERIFICATION"": 118, ""OBJECTION"": 29, ""AWARD"": 79, ""COMPENSATION"": 79}","{""officers_count"": 2, ""sla_breaches"": 7, ""disputes_count"": 57, ""avg_days_per_stage"": 81.1, ""stage_complexity"": 0.8839}"
8315aff3-cb76-43ab-9f44-8cf1ecf7421f,PROJ-1113,2025-01-01T00:00:00+00:00,584.66,5.44,215,2,213,1,430341203.72,935075789.07,"{""SURVEY"": 63, ""VERIFICATION"": 63, ""OBJECTION"": 0, ""AWARD"": 42, ""COMPENSATION"": 42}","{""officers_count"": 1, ""sla_breaches"": 6, ""disputes_count"": 6, ""avg_days_per_stage"": 71.4, ""stage_complexity"": 0.5928}"
558f2273-77bb-4233-b03b-69a4949161e6,PROJ-1113,2025-01-16T00:00:00+00:00,584.66,5.44,215,2,212,2,420000552.21,1209209993.75,"{""SURVEY"": 63, ""VERIFICATION"": 63, ""OBJECTION"": 1, ""AWARD"": 42, ""COMPENSATION"": 42}","{""officers_count"": 2, ""sla_breaches"": 7, ""disputes_count"": 6, ""avg_days_per_stage"": 97.5, ""stage_complexity"": 0.6698}"
a2997530-9937-46f0-9d87-466e265787a4,PROJ-1113,2025-01-31T00:00:00+00:00,584.66,13.6,215,5,208,4,280139256.74,1031312346.69,"{""SURVEY"": 62, ""VERIFICATION"": 62, ""OBJECTION"": 2, ""AWARD"": 41, ""COMPENSATION"": 41}","{""officers_count"": 2, ""sla_breaches"": 6, ""disputes_count"": 2, ""avg_days_per_stage"": 147.6, ""stage_complexity"": 0.7996}"
2f92a2f8-af29-48a3-84d8-e83f1d58adcb,PROJ-1113,2025-02-15T00:00:00+00:00,584.66,21.75,215,8,203,6,338930881.34,964958156.34,"{""SURVEY"": 60, ""VERIFICATION"": 60, ""OBJECTION"": 3, ""AWARD"": 40, ""COMPENSATION"": 40}","{""officers_count"": 2, ""sla_breaches"": 11, ""disputes_count"": 6, ""avg_days_per_stage"": 90.0, ""stage_complexity"": 0.6666}"
57f253ea-6e0a-45c9-befd-0fb3ee8d6ce0,PROJ-1113,2025-03-02T00:00:00+00:00,584.66,32.63,215,12,197,8,548883289.62,990647440.05,"{""SURVEY"": 59, ""VERIFICATION"": 59, ""OBJECTION"": 4, ""AWARD"": 39, ""COMPENSATION"": 39}","{""officers_count"": 1, ""sla_breaches"": 7, ""disputes_count"": 5, ""avg_days_per_stage"": 93.8, ""stage_complexity"": 0.705}"
d5a1efa7-8a88-487b-ba09-42d8a2614d58,PROJ-1113,2025-03-17T00:00:00+00:00,584.66,32.63,215,12,195,12,362590594.98,1181224640.74,"{""SURVEY"": 58, ""VERIFICATION"": 58, ""OBJECTION"": 7, ""AWARD"": 39, ""COMPENSATION"": 39}","{""officers_count"": 1, ""sla_breaches"": 12, ""disputes_count"": 3, ""avg_days_per_stage"": 81.3, ""stage_complexity"": 0.5786}"
1a872219-8df7-42a7-a183-313ca7f27599,PROJ-1113,2025-04-01T00:00:00+00:00,584.66,32.63,215,12,191,16,449928929.86,1108080226.88,"{""SURVEY"": 57, ""VERIFICATION"": 57, ""OBJECTION"": 9, ""AWARD"": 38, ""COMPENSATION"": 38}","{""officers_count"": 1, ""sla_breaches"": 8, ""disputes_count"": 6, ""avg_days_per_stage"": 76.4, ""stage_complexity"": 0.5842}"
efc94829-d50a-4be2-9b46-42d5a1e45390,PROJ-1113,2025-04-16T00:00:00+00:00,584.66,32.63,215,12,187,19,213834509.53,1036723249.52,"{""SURVEY"": 56, ""VERIFICATION"": 56, ""OBJECTION"": 11, ""AWARD"": 37, ""COMPENSATION"": 37}","{""officers_count"": 2, ""sla_breaches"": 10, ""disputes_count"": 6, ""avg_days_per_stage"": 100.7, ""stage_complexity"": 0.7709}"
77e8592a-2aa7-4140-8d15-bf0d3be4417d,PROJ-1113,2025-05-01T00:00:00+00:00,584.66,38.07,215,14,182,21,379199484.12,1033945470.89,"{""SURVEY"": 54, ""VERIFICATION"": 54, ""OBJECTION"": 12, ""AWARD"": 36, ""COMPENSATION"": 36}","{""officers_count"": 2, ""sla_breaches"": 8, ""disputes_count"": 4, ""avg_days_per_stage"": 93.2, ""stage_complexity"": 0.7809}"
0530f03c-89ed-4ad9-b755-92c35227d7f7,PROJ-1113,2025-05-16T00:00:00+00:00,584.66,40.79,215,15,179,23,492448284.67,1104820800.11,"{""SURVEY"": 53, ""VERIFICATION"": 53, ""OBJECTION"": 13, ""AWARD"": 35, ""COMPENSATION"": 35}","{""officers_count"": 2, ""sla_breaches"": 9, ""disputes_count"": 3, ""avg_days_per_stage"": 113.0, ""stage_complexity"": 0.7928}"
ab81edcb-aaca-4f96-89ed-f52d7957f9fc,PROJ-1113,2025-05-31T00:00:00+00:00,584.66,46.23,215,17,175,27,333315384.16,1222236974.68,"{""SURVEY"": 52, ""VERIFICATION"": 52, ""OBJECTION"": 16, ""AWARD"": 35, ""COMPENSATION"": 35}","{""officers_count"": 2, ""sla_breaches"": 10, ""disputes_count"": 3, ""avg_days_per_stage"": 146.9, ""stage_complexity"": 0.6525}"
ca1e995f-8dbb-4785-8eb9-1ef38b1e10be,PROJ-1113,2025-06-15T00:00:00+00:00,584.66,46.23,215,17,171,29,490173354.29,1385102352.38,"{""SURVEY"": 51, ""VERIFICATION"": 51, ""OBJECTION"": 17, ""AWARD"": 34, ""COMPENSATION"": 34}","{""officers_count"": 2, ""sla_breaches"": 8, ""disputes_count"": 3, ""avg_days_per_stage"": 115.3, ""stage_complexity"": 0.6397}"
9bc60498-93a1-47ee-ad66-1160c092bb5e,PROJ-1113,2025-06-30T00:00:00+00:00,584.66,51.67,215,19,167,31,525930348.92,1344637594.86,"{""SURVEY"": 50, ""VERIFICATION"": 50, ""OBJECTION"": 18, ""AWARD"": 33, ""COMPENSATION"": 33}","{""officers_count"": 2, ""sla_breaches"": 11, ""disputes_count"": 2, ""avg_days_per_stage"": 82.1, ""stage_complexity"": 0.6141}"
6c550dc0-ba15-4b26-957c-bee0fb2d3b65,PROJ-1113,2025-07-15T00:00:00+00:00,584.66,62.55,215,23,161,33,282793835.2,1105072724.49,"{""SURVEY"": 48, ""VERIFICATION"": 48, ""OBJECTION"": 19, ""AWARD"": 32, ""COMPENSATION"": 32}","{""officers_count"": 2, ""sla_breaches"": 6, ""disputes_count"": 5, ""avg_days_per_stage"": 148.4, ""stage_complexity"": 0.6069}"
91f5d35b-65e4-4a73-90ee-4dc9803b78a4,PROJ-1114,2025-01-01T00:00:00+00:00,913.4,8.54,321,3,305,13,553588796.69,2814319219.37,"{""SURVEY"": 91, ""VERIFICATION"": 91, ""OBJECTION"": 7, ""AWARD"": 61, ""COMPENSATION"": 61}","{""officers_count"": 2, ""sla_breaches"": 4, ""disputes_count"": 21, ""avg_days_per_stage"": 90.4, ""stage_complexity"": 0.8711}"
361422c8-d211-4393-b66a-33f2fe230737,PROJ-1114,2025-01-16T00:00:00+00:00,913.4,25.61,321,9,290,22,608694867.28,3156837507.74,"{""SURVEY"": 87, ""VERIFICATION"": 87, ""OBJECTION"": 13, ""AWARD"": 58, ""COMPENSATION"": 58}","{""officers_count"": 4, ""sla_breaches"": 10, ""disputes_count"": 25, ""avg_days_per_stage"": 100.3, ""stage_complexity"": 0.8888}"
13762d61-d2f9-48b9-850d-48175cfad751,PROJ-1114,2025-01-31T00:00:00+00:00,913.4,34.15,321,12,282,27,1131130827.31,1773525176.18,"{""SURVEY"": 84, ""VERIFICATION"": 84, ""OBJECTION"": 16, ""AWARD"": 56, ""COMPENSATION"": 56}","{""officers_count"": 3, ""sla_breaches"": 9, ""disputes_count"": 33, ""avg_days_per_stage"": 126.3, ""stage_complexity"": 0.7507}"
31117a6d-2f04-4ba8-a0b4-5d20ee42a28a,PROJ-1114,2025-02-15T00:00:00+00:00,913.4,45.53,321,16,272,33,1176693352.7,3023906112.12,"{""SURVEY"": 81, ""VERIFICATION"": 81, ""OBJECTION"": 19, ""AWARD"": 54, ""COMPENSATION"": 54}","{""officers_count"": 4, ""sla_breaches"": 10, ""disputes_count"": 42, ""avg_days_per_stage"": 121.9, ""stage_complexity"": 0.8965}"
40930fc1-c1d8-4b3a-bc8d-2a792ecd2c07,PROJ-1114,2025-03-02T00:00:00+00:00,913.4,48.37,321,17,263,41,987114010.15,2379424336.46,"{""SURVEY"": 78, ""VERIFICATION"": 78, ""OBJECTION"": 24, ""AWARD"": 52, ""COMPENSATION"": 52}","{""officers_count"": 4, ""sla_breaches"": 9, ""disputes_count"": 45, ""avg_days_per_stage"": 77.7, ""stage_complexity"": 0.8331}"
a30f92ff-3526-4269-b6b1-cb54b9c0047d,PROJ-1114,2025-03-17T00:00:00+00:00,913.4,65.45,321,23,253,45,1185833725.93,2252858316.19,"{""SURVEY"": 75, ""VERIFICATION"": 75, ""OBJECTION"": 27, ""AWARD"": 50, ""COMPENSATION"": 50}","{""officers_count"": 2, ""sla_breaches"": 5, ""disputes_count"": 50, ""avg_days_per_stage"": 114.4, ""stage_complexity"": 0.8313}"
9782a8c9-284d-4f88-b763-bef52ba5f984,PROJ-1114,2025-04-01T00:00:00+00:00,913.4,71.14,321,25,247,49,553987424.06,3172647704.28,"{""SURVEY"": 74, ""VERIFICATION"": 74, ""OBJECTION"": 29, ""AWARD"": 49, ""COMPENSATION"": 49}","{""officers_count"": 3, ""sla_breaches"": 10, ""disputes_count"": 59, ""avg_days_per_stage"": 73.6, ""stage_complexity"": 0.9261}"
e59ca292-39c3-4cb0-9e7f-6cc804ce9a4e,PROJ-1114,2025-04-16T00:00:00+00:00,913.4,73.98,321,26,235,60,1155524279.1,3305730768.89,"{""SURVEY"": 70, ""VERIFICATION"": 70, ""OBJECTION"": 36, ""AWARD"": 47, ""COMPENSATION"": 47}","{""officers_count"": 2, ""sla_breaches"": 4, ""disputes_count"": 68, ""avg_days_per_stage"": 81.5, ""stage_complexity"": 0.7938}"
8715bdc1-156d-4a93-8b27-9e8bafd52437,PROJ-1115,2025-01-01T00:00:00+00:00,507.28,1.74,291,1,289,4,253424863.8,869715374.84,"{""SURVEY"": 86, ""VERIFICATION"": 86, ""OBJECTION"": 2, ""AWARD"": 57, ""COMPENSATION"": 57}","{""officers_count"": 1, ""sla_breaches"": 10, ""disputes_count"": 2, ""avg_days_per_stage"": 136.0, ""stage_complexity"": 0.6465}"
c041ee2f-863b-435e-b1b7-9ff78251007c,PROJ-1115,2025-01-16T00:00:00+00:00,507.28,8.72,291,5,282,5,275118440.5,1011776061.52,"{""SURVEY"": 84, ""VERIFICATION"": 84, ""OBJECTION"": 3, ""AWARD"": 56, ""COMPENSATION"": 56}","{""officers_count"": 1, ""sla_breaches"": 6, ""disputes_count"": 3, ""avg_days_per_stage"": 91.5, ""stage_complexity"": 0.7384}"
d84840be-cf7f-4a5e-a4b2-4b03b28d6eed,PROJ-1115,2025-01-31T00:00:00+00:00,507.28,10.46,291,6,280,7,340161153.05,856189805.84,"{""SURVEY"": 84, ""VERIFICATION"": 84, ""OBJECTION"": 4, ""AWARD"": 56, ""COMPENSATION"": 56}","{""officers_count"": 2, ""sla_breaches"": 11, ""disputes_count"": 4, ""avg_days_per_stage"": 78.5, ""stage_complexity"": 0.6413}"
8fe9ce3e-7d97-4122-a459-02a4b058c404,PROJ-1115,2025-02-15T00:00:00+00:00,507.28,10.46,291,6,278,10,197555182.61,749921168.01,"{""SURVEY"": 83, ""VERIFICATION"": 83, ""OBJECTION"": 6, ""AWARD"": 55, ""COMPENSATION"": 55}","{""officers_count"": 2, ""sla_breaches"": 6, ""disputes_count"": 2, ""avg_days_per_stage"": 84.8, ""stage_complexity"": 0.5872}"
259695cf-97c3-45ff-af0f-be646845f975,PROJ-1115,2025-03-02T00:00:00+00:00,507.28,10.46,291,6,275,14,183854922.72,789309943.49,"{""SURVEY"": 82, ""VERIFICATION"": 82, ""OBJECTION"": 8, ""AWARD"": 55, ""COMPENSATION"": 55}","{""officers_count"": 2, ""sla_breaches"": 10, ""disputes_count"": 6, ""avg_days_per_stage"": 115.5, ""stage_complexity"": 0.6901}"
b123c85b-dee5-46fb-96ec-d0e7b10573f0,PROJ-1115,2025-03-17T00:00:00+00:00,507.28,10.46,291,6,271,16,263376486.86,1028834797.55,"{""SURVEY"": 81, ""VERIFICATION"": 81, ""OBJECTION"": 9, ""AWARD"": 54, ""COMPENSATION"": 54}","{""officers_count"": 1, ""sla_breaches"": 6, ""disputes_count"": 6, ""avg_days_per_stage"": 141.4, ""stage_complexity"": 0.5939}"
7e155b67-d321-4970-9d80-f135736b3e3c,PROJ-1115,2025-04-01T00:00:00+00:00,507.28,10.46,291,6,269,18,347430235.14,991443007.13,"{""SURVEY"": 80, ""VERIFICATION"": 80, ""OBJECTION"": 10, ""AWARD"": 53, ""COMPENSATION"": 53}","{""officers_count"": 2, ""sla_breaches"": 6, ""disputes_count"": 5, ""avg_days_per_stage"": 82.8, ""stage_complexity"": 0.7866}"
e6a9ad10-2d99-4437-a407-c823b2e0881f,PROJ-1115,2025-04-16T00:00:00+00:00,507.28,12.2,291,7,266,20,253476100.2,816582759.5,"{""SURVEY"": 79, ""VERIFICATION"": 79, ""OBJECTION"": 12, ""AWARD"": 53, ""COMPENSATION"": 53}","{""officers_count"": 1, ""sla_breaches"": 6, ""disputes_count"": 5, ""avg_days_per_stage"": 92.0, ""stage_complexity"": 0.7003}"
7b274500-1b79-4d5a-a310-5ed361391b21,PROJ-1115,2025-05-01T00:00:00+00:00,507.28,15.69,291,9,262,22,281774085.31,728442830.23,"{""SURVEY"": 78, ""VERIFICATION"": 78, ""OBJECTION"": 13, ""AWARD"": 52, ""COMPENSATION"": 52}","{""officers_count"": 1, ""sla_breaches"": 9, ""disputes_count"": 6, ""avg_days_per_stage"": 131.4, ""stage_complexity"": 0.6982}"
28ea4374-f88d-4940-9fc7-77e94af6a958,PROJ-1115,2025-05-16T00:00:00+00:00,507.28,15.69,291,9,260,24,217410266.23,919048278.76,"{""SURVEY"": 78, ""VERIFICATION"": 78, ""OBJECTION"": 14, ""AWARD"": 52, ""COMPENSATION"": 52}","{""officers_count"": 2, ""sla_breaches"": 8, ""disputes_count"": 2, ""avg_days_per_stage"": 85.3, ""stage_complexity"": 0.6855}"
930ab83e-a6e6-4f66-9e90-94d5bcaf6be2,PROJ-1115,2025-05-31T00:00:00+00:00,507.28,20.92,291,12,255,27,370682544.67,788535832.88,"{""SURVEY"": 76, ""VERIFICATION"": 76, ""OBJECTION"": 16, ""AWARD"": 51, ""COMPENSATION"": 51}","{""officers_count"": 2, ""sla_breaches"": 11, ""disputes_count"": 3, ""avg_days_per_stage"": 86.1, ""stage_complexity"": 0.6803}"
f6a1b5dd-37de-428f-952d-cfceb8ee527f,PROJ-1115,2025-06-15T00:00:00+00:00,507.28,26.15,291,15,249,28,389783648.55,1032877820.29,"{""SURVEY"": 74, ""VERIFICATION"": 74, ""OBJECTION"": 16, ""AWARD"": 49, ""COMPENSATION"": 49}","{""officers_count"": 2, ""sla_breaches"": 9, ""disputes_count"": 3, ""avg_days_per_stage"": 81.2, ""stage_complexity"": 0.7643}"
32b71575-2078-44d5-8694-431d6044836c,PROJ-1115,2025-06-30T00:00:00+00:00,507.28,29.63,291,17,246,32,393605386.98,718132148.62,"{""SURVEY"": 73, ""VERIFICATION"": 73, ""OBJECTION"": 19, ""AWARD"": 49, ""COMPENSATION"": 49}","{""officers_count"": 1, ""sla_breaches"": 8, ""disputes_count"": 5, ""avg_days_per_stage"": 119.4, ""stage_complexity"": 0.6623}"
04e8c817-5aa1-4db2-9966-a8bd3b5c3aaa,PROJ-1115,2025-07-15T00:00:00+00:00,507.28,34.86,291,20,239,34,281603028.81,884685758.95,"{""SURVEY"": 71, ""VERIFICATION"": 71, ""OBJECTION"": 20, ""AWARD"": 47, ""COMPENSATION"": 47}","{""officers_count"": 2, ""sla_breaches"": 8, ""disputes_count"": 6, ""avg_days_per_stage"": 130.2, ""stage_complexity"": 0.5601}"
75bb96bc-3420-45db-a961-4d1c014f8947,PROJ-1115,2025-07-30T00:00:00+00:00,507.28,40.09,291,23,234,35,216736582.72,830743114.61,"{""SURVEY"": 70, ""VERIFICATION"": 70, ""OBJECTION"": 21, ""AWARD"": 46, ""COMPENSATION"": 46}","{""officers_count"": 1, ""sla_breaches"": 8, ""disputes_count"": 3, ""avg_days_per_stage"": 76.0, ""stage_complexity"": 0.7456}"
5fef633c-92b7-471e-be47-0a212abe1f71,PROJ-1115,2025-08-14T00:00:00+00:00,507.28,40.09,291,23,233,39,346885597.25,751926689.78,"{""SURVEY"": 69, ""VERIFICATION"": 69, ""OBJECTION"": 23, ""AWARD"": 46, ""COMPENSATION"": 46}","{""officers_count"": 2, ""sla_breaches"": 8, ""disputes_count"": 6, ""avg_days_per_stage"": 118.2, ""stage_complexity"": 0.5655}"
5de0c83e-e412-4954-9aac-05177b99d6d0,PROJ-1115,2025-08-29T00:00:00+00:00,507.28,43.58,291,25,227,41,303323283.85,753362491.53,"{""SURVEY"": 68, ""VERIFICATION"": 68, ""OBJECTION"": 24, ""AWARD"": 45, ""COMPENSATION"": 45}","{""officers_count"": 2, ""sla_breaches"": 7, ""disputes_count"": 3, ""avg_days_per_stage"": 113.6, ""stage_complexity"": 0.5853}"
be0cb12f-f3de-46d9-9660-51658a1ea6f0,PROJ-1115,2025-09-13T00:00:00+00:00,507.28,48.81,291,28,222,44,265040270.34,920282728.95,"{""SURVEY"": 66, ""VERIFICATION"": 66, ""OBJECTION"": 26, ""AWARD"": 44, ""COMPENSATION"": 44}","{""officers_count"": 1, ""sla_breaches"": 12, ""disputes_count"": 5, ""avg_days_per_stage"": 108.5, ""stage_complexity"": 0.6248}"
5f0154c7-e204-4717-bc7b-a9f2c5710998,PROJ-1116,2025-01-01T00:00:00+00:00,1179.7,55.52,85,4,76,9,690945135.23,1958724545.92,"{""SURVEY"": 22, ""VERIFICATION"": 22, ""OBJECTION"": 5, ""AWARD"": 15, ""COMPENSATION"": 15}","{""officers_count"": 2, ""sla_breaches"": 12, ""disputes_count"": 5, ""avg_days_per_stage"": 108.4, ""stage_complexity"": 0.7721}"
37b9bcea-5a22-46b1-ac78-10f42dd7fd71,PROJ-1116,2025-01-16T00:00:00+00:00,1179.7,83.27,85,6,70,10,483059022.81,1820693915.9,"{""SURVEY"": 21, ""VERIFICATION"": 21, ""OBJECTION"": 6, ""AWARD"": 14, ""COMPENSATION"": 14}","{""officers_count"": 1, ""sla_breaches"": 12, ""disputes_count"": 4, ""avg_days_per_stage"": 146.2, ""stage_complexity"": 0.7902}"
bb12d46c-4b3d-4075-be10-38565cef1e3c,PROJ-1116,2025-01-31T00:00:00+00:00,1179.7,124.91,85,9,66,11,661728712.17,2141183289.45,"{""SURVEY"": 19, ""VERIFICATION"": 19, ""OBJECTION"": 6, ""AWARD"": 13, ""COMPENSATION"": 13}","{""officers_count"": 1, ""sla_breaches"": 6, ""disputes_count"": 4, ""avg_days_per_stage"": 83.5, ""stage_complexity"": 0.591}"
d86d5243-0e4d-455d-b51d-c4cd77a5bbb9,PROJ-1116,2025-02-15T00:00:00+00:00,1179.7,180.42,85,13,61,14,667850206.58,2172815124.48,"{""SURVEY"": 18, ""VERIFICATION"": 18, ""OBJECTION"": 8, ""AWARD"": 12, ""COMPENSATION"": 12}","{""officers_count"": 2, ""sla_breaches"": 8, ""disputes_count"": 5, ""avg_days_per_stage"": 72.7, ""stage_complexity"": 0.7329}"
a09d93a7-8b40-4df8-9756-0662b64d8e50,PROJ-1116,2025-03-02T00:00:00+00:00,1179.7,222.06,85,16,55,17,386324162.63,1741268695.47,"{""SURVEY"": 16, ""VERIFICATION"": 16, ""OBJECTION"": 10, ""AWARD"": 11, ""COMPENSATION"": 11}","{""officers_count"": 2, ""sla_breaches"": 10, ""disputes_count"": 6, ""avg_days_per_stage"": 70.5, ""stage_complexity"": 0.6445}"
1fb35a45-ebd8-44f8-8d25-6749dfdc202f,PROJ-1116,2025-03-17T00:00:00+00:00,1179.7,235.94,85,17,51,21,858300159.5,2007049313.12,"{""SURVEY"": 15, ""VERIFICATION"": 15, ""OBJECTION"": 12, ""AWARD"": 10, ""COMPENSATION"": 10}","{""officers_count"": 1, ""sla_breaches"": 11, ""disputes_count"": 5, ""avg_days_per_stage"": 94.9, ""stage_complexity"": 0.5898}"
9e7b5903-5dc4-4fee-b7e1-47c7d8381599,PROJ-1116,2025-04-01T00:00:00+00:00,1179.7,249.82,85,18,46,25,543218293.09,1759949398.92,"{""SURVEY"": 13, ""VERIFICATION"": 13, ""OBJECTION"": 15, ""AWARD"": 9, ""COMPENSATION"": 9}","{""officers_count"": 1, ""sla_breaches"": 10, ""disputes_count"": 2, ""avg_days_per_stage"": 100.2, ""stage_complexity"": 0.5819}"
38031769-3a6b-4044-8f62-72f96acf08bd,PROJ-1116,2025-04-16T00:00:00+00:00,1179.7,291.46,85,21,39,29,321845071.55,1959867979.63,"{""SURVEY"": 11, ""VERIFICATION"": 11, ""OBJECTION"": 17, ""AWARD"": 7, ""COMPENSATION"": 7}","{""officers_count"": 2, ""sla_breaches"": 11, ""disputes_count"": 5, ""avg_days_per_stage"": 81.8, ""stage_complexity"": 0.7444}"
10f35f7a-0e00-475a-a43b-6fcde94e723f,PROJ-1116,2025-05-01T00:00:00+00:00,1179.7,346.97,85,25,31,33,791397685.25,1862203367.33,"{""SURVEY"": 9, ""VERIFICATION"": 9, ""OBJECTION"": 19, ""AWARD"": 6, ""COMPENSATION"": 6}","{""officers_count"": 1, ""sla_breaches"": 11, ""disputes_count"": 3, ""avg_days_per_stage"": 77.3, ""stage_complexity"": 0.7266}"
ce82f258-929d-48c2-b124-039a0d1218bf,PROJ-1116,2025-05-16T00:00:00+00:00,1179.7,402.49,85,29,23,37,484345465.29,2225247928.64,"{""SURVEY"": 6, ""VERIFICATION"": 6, ""OBJECTION"": 22, ""AWARD"": 4, ""COMPENSATION"": 4}","{""officers_count"": 2, ""sla_breaches"": 10, ""disputes_count"": 2, ""avg_days_per_stage"": 120.8, ""stage_complexity"": 0.6341}"
29f3c328-fb36-40af-a46e-c0c8e019eaf4,PROJ-1116,2025-05-31T00:00:00+00:00,1179.7,458.0,85,33,15,40,882736119.28,1949527825.89,"{""SURVEY"": 4, ""VERIFICATION"": 4, ""OBJECTION"": 24, ""AWARD"": 3, ""COMPENSATION"": 3}","{""officers_count"": 1, ""sla_breaches"": 7, ""disputes_count"": 4, ""avg_days_per_stage"": 81.6, ""stage_complexity"": 0.743}"
4fcd588b-0437-40f1-8336-73fe4fead555,PROJ-1116,2025-06-15T00:00:00+00:00,1179.7,513.52,85,37,8,43,568494863.74,1830655746.44,"{""SURVEY"": 2, ""VERIFICATION"": 2, ""OBJECTION"": 25, ""AWARD"": 1, ""COMPENSATION"": 1}","{""officers_count"": 2, ""sla_breaches"": 9, ""disputes_count"": 3, ""avg_days_per_stage"": 82.7, ""stage_complexity"": 0.7074}"
43ead8bf-ff1a-4b84-8eb6-e9c5c3e6564e,PROJ-1116,2025-06-30T00:00:00+00:00,1179.7,555.15,85,40,2,44,400032437.52,2315310230.41,"{""SURVEY"": 0, ""VERIFICATION"": 0, ""OBJECTION"": 26, ""AWARD"": 0, ""COMPENSATION"": 0}","{""officers_count"": 2, ""sla_breaches"": 11, ""disputes_count"": 2, ""avg_days_per_stage"": 92.7, ""stage_complexity"": 0.6695}"
1c3ab29f-9dbd-4260-b221-e120ff37678b,PROJ-1116,2025-07-15T00:00:00+00:00,1179.7,555.15,85,40,1,48,745956879.64,1728006555.17,"{""SURVEY"": 0, ""VERIFICATION"": 0, ""OBJECTION"": 28, ""AWARD"": 0, ""COMPENSATION"": 0}","{""officers_count"": 1, ""sla_breaches"": 11, ""disputes_count"": 4, ""avg_days_per_stage"": 108.1, ""stage_complexity"": 0.584}"
936c8e91-1e0b-451b-9c3b-68661bae8605,PROJ-1116,2025-07-30T00:00:00+00:00,1179.7,596.79,85,43,0,49,376544094.76,2016243098.12,"{""SURVEY"": 0, ""VERIFICATION"": 0, ""OBJECTION"": 29, ""AWARD"": 0, ""COMPENSATION"": 0}","{""officers_count"": 2, ""sla_breaches"": 6, ""disputes_count"": 2, ""avg_days_per_stage"": 109.8, ""stage_complexity"": 0.7186}"
0d228258-ead5-4a02-817b-6559e1c24b85,PROJ-1117,2025-01-01T00:00:00+00:00,665.37,21.35,187,6,178,3,175662345.8,1210206056.83,"{""SURVEY"": 53, ""VERIFICATION"": 53, ""OBJECTION"": 1, ""AWARD"": 35, ""COMPENSATION"": 35}","{""officers_count"": 3, ""sla_breaches"": 7, ""disputes_count"": 7, ""avg_days_per_stage"": 72.2, ""stage_complexity"": 0.8437}"
0366f9f8-b2b3-4677-9008-b7ba2b3b8935,PROJ-1117,2025-01-16T00:00:00+00:00,665.37,32.02,187,9,171,7,227641727.81,1074628135.76,"{""SURVEY"": 51, ""VERIFICATION"": 51, ""OBJECTION"": 4, ""AWARD"": 34, ""COMPENSATION"": 34}","{""officers_count"": 3, ""sla_breaches"": 10, ""disputes_count"": 8, ""avg_days_per_stage"": 56.9, ""stage_complexity"": 0.8499}"
7afbaf21-dc31-43ce-a86a-0086f5cc2790,PROJ-1117,2025-01-31T00:00:00+00:00,665.37,39.14,187,11,164,12,87324928.29,1360290315.08,"{""SURVEY"": 49, ""VERIFICATION"": 49, ""OBJECTION"": 7, ""AWARD"": 32, ""COMPENSATION"": 32}","{""officers_count"": 5, ""sla_breaches"": 8, ""disputes_count"": 6, ""avg_days_per_stage"": 74.1, ""stage_complexity"": 0.8001}"
c7124332-bc0e-40b2-8550-7e1fe4f3c789,PROJ-1117,2025-02-15T00:00:00+00:00,665.37,56.93,187,16,153,18,189294118.4,1414881851.47,"{""SURVEY"": 45, ""VERIFICATION"": 45, ""OBJECTION"": 10, ""AWARD"": 30, ""COMPENSATION"": 30}","{""officers_count"": 4, ""sla_breaches"": 5, ""disputes_count"": 3, ""avg_days_per_stage"": 63.4, ""stage_complexity"": 0.8506}"
aef5bc75-0c1f-4902-a562-e9965a973074,PROJ-1118,2025-01-01T00:00:00+00:00,903.58,24.86,618,17,596,6,0.0,681243930.53,"{""SURVEY"": 178, ""VERIFICATION"": 178, ""OBJECTION"": 3, ""AWARD"": 119, ""COMPENSATION"": 119}","{""officers_count"": 12, ""sla_breaches"": 2, ""disputes_count"": 2, ""avg_days_per_stage"": 20.3, ""stage_complexity"": 0.3941}"
a2a447c6-d49f-4d71-8755-cfb18314e50c,PROJ-1118,2025-01-16T00:00:00+00:00,903.58,54.1,618,37,575,7,113540655.09,658535799.51,"{""SURVEY"": 172, ""VERIFICATION"": 172, ""OBJECTION"": 4, ""AWARD"": 115, ""COMPENSATION"": 115}","{""officers_count"": 8, ""sla_breaches"": 1, ""disputes_count"": 3, ""avg_days_per_stage"": 34.7, ""stage_complexity"": 0.358}"
9c49b376-fd02-481b-af21-4fe528ad36bb,PROJ-1118,2025-01-31T00:00:00+00:00,903.58,87.73,618,60,551,7,340621965.27,613119537.48,"{""SURVEY"": 165, ""VERIFICATION"": 165, ""OBJECTION"": 4, ""AWARD"": 110, ""COMPENSATION"": 110}","{""officers_count"": 7, ""sla_breaches"": 2, ""disputes_count"": 2, ""avg_days_per_stage"": 33.5, ""stage_complexity"": 0.2313}"
ee5f2044-8c50-469f-8dcc-62ebcbfa273a,PROJ-1118,2025-02-15T00:00:00+00:00,903.58,137.44,618,94,517,7,681243930.53,544995144.42,"{""SURVEY"": 155, ""VERIFICATION"": 155, ""OBJECTION"": 4, ""AWARD"": 103, ""COMPENSATION"": 103}","{""officers_count"": 11, ""sla_breaches"": 0, ""disputes_count"": 0, ""avg_days_per_stage"": 31.6, ""stage_complexity"": 0.3129}"
d63e4c20-e6f6-4be3-8bdd-fc7485b3b2f7,PROJ-1118,2025-03-02T00:00:00+00:00,903.58,173.99,618,119,492,5,1135406550.88,454162620.35,"{""SURVEY"": 147, ""VERIFICATION"": 147, ""OBJECTION"": 3, ""AWARD"": 98, ""COMPENSATION"": 98}","{""officers_count"": 9, ""sla_breaches"": 0, ""disputes_count"": 0, ""avg_days_per_stage"": 18.0, ""stage_complexity"": 0.3159}"
0c236d39-cb54-4f5e-8802-4db8538329c8,PROJ-1118,2025-03-17T00:00:00+00:00,903.58,206.16,618,141,472,5,1703109826.33,340621965.27,"{""SURVEY"": 141, ""VERIFICATION"": 141, ""OBJECTION"": 3, ""AWARD"": 94, ""COMPENSATION"": 94}","{""officers_count"": 10, ""sla_breaches"": 0, ""disputes_count"": 0, ""avg_days_per_stage"": 24.0, ""stage_complexity"": 0.4172}"
66249a86-71d8-41fd-9a6b-f0e20cc08c62,PROJ-1118,2025-04-01T00:00:00+00:00,903.58,245.63,618,168,445,6,2270813101.77,227081310.18,"{""SURVEY"": 133, ""VERIFICATION"": 133, ""OBJECTION"": 3, ""AWARD"": 89, ""COMPENSATION"": 89}","{""officers_count"": 10, ""sla_breaches"": 1, ""disputes_count"": 3, ""avg_days_per_stage"": 33.5, ""stage_complexity"": 0.2739}"
eaeb7a18-6f7f-41ff-b39a-c6f47c8aa19c,PROJ-1118,2025-04-16T00:00:00+00:00,903.58,266.1,618,182,430,5,2270813101.77,227081310.18,"{""SURVEY"": 129, ""VERIFICATION"": 129, ""OBJECTION"": 3, ""AWARD"": 86, ""COMPENSATION"": 86}","{""officers_count"": 10, ""sla_breaches"": 2, ""disputes_count"": 1, ""avg_days_per_stage"": 17.7, ""stage_complexity"": 0.4335}"
3e690fa8-4940-4bc4-a994-b31d4f2971cb,PROJ-1118,2025-05-01T00:00:00+00:00,903.58,302.66,618,207,406,6,2270813101.77,227081310.18,"{""SURVEY"": 121, ""VERIFICATION"": 121, ""OBJECTION"": 3, ""AWARD"": 81, ""COMPENSATION"": 81}","{""officers_count"": 7, ""sla_breaches"": 0, ""disputes_count"": 1, ""avg_days_per_stage"": 16.1, ""stage_complexity"": 0.2165}"
876ae253-4e9b-4146-9264-f6c92c1150eb,PROJ-1118,2025-05-16T00:00:00+00:00,903.58,320.2,618,219,393,6,2270813101.77,227081310.18,"{""SURVEY"": 117, ""VERIFICATION"": 117, ""OBJECTION"": 3, ""AWARD"": 78, ""COMPENSATION"": 78}","{""officers_count"": 6, ""sla_breaches"": 0, ""disputes_count"": 1, ""avg_days_per_stage"": 19.1, ""stage_complexity"": 0.2071}"
ebfa88fd-6500-4214-b2a7-6e62186721b4,PROJ-1118,2025-05-31T00:00:00+00:00,903.58,337.75,618,231,381,7,2270813101.77,227081310.18,"{""SURVEY"": 114, ""VERIFICATION"": 114, ""OBJECTION"": 4, ""AWARD"": 76, ""COMPENSATION"": 76}","{""officers_count"": 10, ""sla_breaches"": 2, ""disputes_count"": 1, ""avg_days_per_stage"": 31.7, ""stage_complexity"": 0.3393}"
f4396dd9-59c5-4119-938a-74270679a109,PROJ-1119,2025-01-01T00:00:00+00:00,1146.28,111.24,237,23,212,3,0.0,1524534654.04,"{""SURVEY"": 63, ""VERIFICATION"": 63, ""OBJECTION"": 1, ""AWARD"": 42, ""COMPENSATION"": 42}","{""officers_count"": 11, ""sla_breaches"": 2, ""disputes_count"": 2, ""avg_days_per_stage"": 23.7, ""stage_complexity"": 0.2537}"
3a4e2a62-4908-4dde-80ea-a18b69ddfa55,PROJ-1119,2025-01-16T00:00:00+00:00,1146.28,280.52,237,58,176,1,254089109.01,1473716832.23,"{""SURVEY"": 52, ""VERIFICATION"": 52, ""OBJECTION"": 0, ""AWARD"": 35, ""COMPENSATION"": 35}","{""officers_count"": 5, ""sla_breaches"": 1, ""disputes_count"": 2, ""avg_days_per_stage"": 23.3, ""stage_complexity"": 0.2805}"
d43d493b-4af5-40f2-9dd6-e509715c802d,PROJ-1119,2025-01-31T00:00:00+00:00,1146.28,411.11,237,85,151,2,762267327.02,1372081188.63,"{""SURVEY"": 45, ""VERIFICATION"": 45, ""OBJECTION"": 1, ""AWARD"": 30, ""COMPENSATION"": 30}","{""officers_count"": 5, ""sla_breaches"": 1, ""disputes_count"": 1, ""avg_days_per_stage"": 28.3, ""stage_complexity"": 0.3382}"
9b578287-0c48-4318-820a-629345b35982,PROJ-1119,2025-02-15T00:00:00+00:00,1146.28,478.83,237,99,136,3,1524534654.04,1219627723.23,"{""SURVEY"": 40, ""VERIFICATION"": 40, ""OBJECTION"": 1, ""AWARD"": 27, ""COMPENSATION"": 27}","{""officers_count"": 9, ""sla_breaches"": 0, ""disputes_count"": 2, ""avg_days_per_stage"": 32.4, ""stage_complexity"": 0.3289}"
0e8f53f8-6628-47e8-9c33-905686227d09,PROJ-1119,2025-03-02T00:00:00+00:00,1146.28,623.92,237,129,105,2,2540891090.06,1016356436.02,"{""SURVEY"": 31, ""VERIFICATION"": 31, ""OBJECTION"": 1, ""AWARD"": 21, ""COMPENSATION"": 21}","{""officers_count"": 5, ""sla_breaches"": 0, ""disputes_count"": 2, ""avg_days_per_stage"": 18.3, ""stage_complexity"": 0.2394}"
7e806377-a10f-4282-8da4-a049f8feeaad,PROJ-1119,2025-03-17T00:00:00+00:00,1146.28,691.64,237,143,92,0,3811336635.09,762267327.02,"{""SURVEY"": 27, ""VERIFICATION"": 27, ""OBJECTION"": 0, ""AWARD"": 18, ""COMPENSATION"": 18}","{""officers_count"": 12, ""sla_breaches"": 1, ""disputes_count"": 3, ""avg_days_per_stage"": 28.7, ""stage_complexity"": 0.3359}"
ff826048-adb5-4a70-99c6-563154c72ca6,PROJ-1119,2025-04-01T00:00:00+00:00,1146.28,860.92,237,178,59,0,5081782180.12,508178218.01,"{""SURVEY"": 17, ""VERIFICATION"": 17, ""OBJECTION"": 0, ""AWARD"": 11, ""COMPENSATION"": 11}","{""officers_count"": 10, ""sla_breaches"": 2, ""disputes_count"": 1, ""avg_days_per_stage"": 32.8, ""stage_complexity"": 0.3078}"
9ddebe2c-9692-457b-b948-b10dd80ec2c0,PROJ-1119,2025-04-16T00:00:00+00:00,1146.28,928.63,237,192,45,0,5081782180.12,508178218.01,"{""SURVEY"": 13, ""VERIFICATION"": 13, ""OBJECTION"": 0, ""AWARD"": 9, ""COMPENSATION"": 9}","{""officers_count"": 11, ""sla_breaches"": 1, ""disputes_count"": 1, ""avg_days_per_stage"": 32.0, ""stage_complexity"": 0.2763}"
c4971f86-98af-40f1-86c1-3e390be2aafb,PROJ-1119,2025-05-01T00:00:00+00:00,1146.28,986.67,237,204,33,0,5081782180.12,508178218.01,"{""SURVEY"": 9, ""VERIFICATION"": 9, ""OBJECTION"": 0, ""AWARD"": 6, ""COMPENSATION"": 6}","{""officers_count"": 6, ""sla_breaches"": 0, ""disputes_count"": 2, ""avg_days_per_stage"": 21.0, ""stage_complexity"": 0.41}"
a62f5fee-376a-4998-8e9b-d6bd50bb7bbb,PROJ-1120,2025-01-01T00:00:00+00:00,177.8,1.82,587,6,573,8,50382980.71,484964163.47,"{""SURVEY"": 171, ""VERIFICATION"": 171, ""OBJECTION"": 4, ""AWARD"": 114, ""COMPENSATION"": 114}","{""officers_count"": 3, ""sla_breaches"": 6, ""disputes_count"": 7, ""avg_days_per_stage"": 109.8, ""stage_complexity"": 0.7899}"
0a11dd0c-93d2-4f23-8e29-dd4b11fdc1d5,PROJ-1120,2025-01-16T00:00:00+00:00,177.8,3.63,587,12,564,11,70219036.85,396320231.01,"{""SURVEY"": 169, ""VERIFICATION"": 169, ""OBJECTION"": 6, ""AWARD"": 112, ""COMPENSATION"": 112}","{""officers_count"": 3, ""sla_breaches"": 6, ""disputes_count"": 7, ""avg_days_per_stage"": 55.8, ""stage_complexity"": 0.7916}"
a243d0ae-9c15-432b-b6aa-de711b574225,PROJ-1120,2025-01-31T00:00:00+00:00,177.8,5.45,587,18,552,17,86512929.72,450421219.44,"{""SURVEY"": 165, ""VERIFICATION"": 165, ""OBJECTION"": 10, ""AWARD"": 110, ""COMPENSATION"": 110}","{""officers_count"": 5, ""sla_breaches"": 10, ""disputes_count"": 3, ""avg_days_per_stage"": 55.1, ""stage_complexity"": 0.7101}"
3bc7cf10-24ab-4c5b-9910-4165a67ddaf5,PROJ-1120,2025-02-15T00:00:00+00:00,177.8,6.06,587,20,546,21,72915949.43,396570301.88,"{""SURVEY"": 163, ""VERIFICATION"": 163, ""OBJECTION"": 12, ""AWARD"": 109, ""COMPENSATION"": 109}","{""officers_count"": 6, ""sla_breaches"": 7, ""disputes_count"": 6, ""avg_days_per_stage"": 101.0, ""stage_complexity"": 0.8854}"
de847281-4565-43f4-ab04-c6f2d62c92ce,PROJ-1121,2025-01-01T00:00:00+00:00,500.62,1.33,753,2,747,4,204461064.66,2265034429.22,"{""SURVEY"": 224, ""VERIFICATION"": 224, ""OBJECTION"": 2, ""AWARD"": 149, ""COMPENSATION"": 149}","{""officers_count"": 6, ""sla_breaches"": 9, ""disputes_count"": 5, ""avg_days_per_stage"": 67.0, ""stage_complexity"": 0.8249}"
4d72f958-fe9b-4e91-bf2a-0d2072845009,PROJ-1121,2025-01-16T00:00:00+00:00,500.62,2.66,753,4,742,7,357110680.82,2481356480.42,"{""SURVEY"": 222, ""VERIFICATION"": 222, ""OBJECTION"": 4, ""AWARD"": 148, ""COMPENSATION"": 148}","{""officers_count"": 5, ""sla_breaches"": 5, ""disputes_count"": 8, ""avg_days_per_stage"": 74.3, ""stage_complexity"": 0.7942}"
c80d2954-bc56-4acd-a8a2-41671ccbc443,PROJ-1121,2025-01-31T00:00:00+00:00,500.62,3.99,753,6,735,12,407980637.34,1958624464.87,"{""SURVEY"": 220, ""VERIFICATION"": 220, ""OBJECTION"": 7, ""AWARD"": 147, ""COMPENSATION"": 147}","{""officers_count"": 5, ""sla_breaches"": 5, ""disputes_count"": 8, ""avg_days_per_stage"": 57.5, ""stage_complexity"": 0.8044}"
616540f5-187e-4665-9854-600ede157f20,PROJ-1121,2025-02-15T00:00:00+00:00,500.62,7.31,753,11,725,17,169055218.15,2105908004.04,"{""SURVEY"": 217, ""VERIFICATION"": 217, ""OBJECTION"": 10, ""AWARD"": 145, ""COMPENSATION"": 145}","{""officers_count"": 3, ""sla_breaches"": 5, ""disputes_count"": 8, ""avg_days_per_stage"": 106.4, ""stage_complexity"": 0.8035}"
cc3b1ff0-a317-4866-bb45-fc3563d499ba,PROJ-1121,2025-03-02T00:00:00+00:00,500.62,11.3,753,17,715,21,560355516.85,2100380083.67,"{""SURVEY"": 214, ""VERIFICATION"": 214, ""OBJECTION"": 12, ""AWARD"": 143, ""COMPENSATION"": 143}","{""officers_count"": 5, ""sla_breaches"": 6, ""disputes_count"": 8, ""avg_days_per_stage"": 79.0, ""stage_complexity"": 0.7831}"
96f18be0-8ffd-40d7-8290-343b0872ac93,PROJ-1122,2025-01-01T00:00:00+00:00,789.12,9.49,499,6,488,5,114092622.09,1582251938.67,"{""SURVEY"": 146, ""VERIFICATION"": 146, ""OBJECTION"": 3, ""AWARD"": 97, ""COMPENSATION"": 97}","{""officers_count"": 4, ""sla_breaches"": 6, ""disputes_count"": 4, ""avg_days_per_stage"": 87.2, ""stage_complexity"": 0.8397}"
0637c3f9-1f2c-4225-b54f-0246cfec8fad,PROJ-1122,2025-01-16T00:00:00+00:00,789.12,17.4,499,11,481,7,228737706.74,1681113914.19,"{""SURVEY"": 144, ""VERIFICATION"": 144, ""OBJECTION"": 4, ""AWARD"": 96, ""COMPENSATION"": 96}","{""officers_count"": 5, ""sla_breaches"": 5, ""disputes_count"": 7, ""avg_days_per_stage"": 69.5, ""stage_complexity"": 0.8318}"
30913cfa-ec3f-4e56-9260-de67f0c5098b,PROJ-1122,2025-01-31T00:00:00+00:00,789.12,22.14,499,14,473,12,409998820.98,1626554987.54,"{""SURVEY"": 141, ""VERIFICATION"": 141, ""OBJECTION"": 7, ""AWARD"": 94, ""COMPENSATION"": 94}","{""officers_count"": 6, ""sla_breaches"": 9, ""disputes_count"": 4, ""avg_days_per_stage"": 71.9, ""stage_complexity"": 0.7404}"
4cd7c6e5-ea66-490d-a608-fc53872eef0d,PROJ-1122,2025-02-15T00:00:00+00:00,789.12,28.47,499,18,464,17,486297376.74,1398605345.2,"{""SURVEY"": 139, ""VERIFICATION"": 139, ""OBJECTION"": 10, ""AWARD"": 92, ""COMPENSATION"": 92}","{""officers_count"": 4, ""sla_breaches"": 5, ""disputes_count"": 5, ""avg_days_per_stage"": 82.8, ""stage_complexity"": 0.7804}"
ceca2551-0080-4ce3-98b8-2e9ec63e3c6a,PROJ-1122,2025-03-02T00:00:00+00:00,789.12,41.12,499,26,453,20,141883611.17,1808981860.94,"{""SURVEY"": 135, ""VERIFICATION"": 135, ""OBJECTION"": 12, ""AWARD"": 90, ""COMPENSATION"": 90}","{""officers_count"": 4, ""sla_breaches"": 9, ""disputes_count"": 8, ""avg_days_per_stage"": 73.4, ""stage_complexity"": 0.8485}"
f74ee23b-888a-41b7-a233-9a9b11e240c1,PROJ-1122,2025-03-17T00:00:00+00:00,789.12,47.44,499,30,445,24,354865554.95,1331620017.4,"{""SURVEY"": 133, ""VERIFICATION"": 133, ""OBJECTION"": 14, ""AWARD"": 89, ""COMPENSATION"": 89}","{""officers_count"": 3, ""sla_breaches"": 10, ""disputes_count"": 6, ""avg_days_per_stage"": 100.0, ""stage_complexity"": 0.7867}"
9b53b748-e3cf-45a0-b194-fc8dee1bb439,PROJ-1122,2025-04-01T00:00:00+00:00,789.12,53.77,499,34,439,26,308869865.68,1525355311.25,"{""SURVEY"": 131, ""VERIFICATION"": 131, ""OBJECTION"": 15, ""AWARD"": 87, ""COMPENSATION"": 87}","{""officers_count"": 6, ""sla_breaches"": 5, ""disputes_count"": 4, ""avg_days_per_stage"": 84.3, ""stage_complexity"": 0.8308}"
efbedc01-3891-4d25-829e-6f594a9073b7,PROJ-1122,2025-04-16T00:00:00+00:00,789.12,64.84,499,41,429,29,419815664.35,1774309888.34,"{""SURVEY"": 128, ""VERIFICATION"": 128, ""OBJECTION"": 17, ""AWARD"": 85, ""COMPENSATION"": 85}","{""officers_count"": 4, ""sla_breaches"": 10, ""disputes_count"": 5, ""avg_days_per_stage"": 83.9, ""stage_complexity"": 0.7075}"
5fd97c9e-b64a-43eb-9ba3-1cad124b7518,PROJ-1122,2025-05-01T00:00:00+00:00,789.12,69.58,499,44,420,35,447728858.76,1678789737.64,"{""SURVEY"": 126, ""VERIFICATION"": 126, ""OBJECTION"": 21, ""AWARD"": 84, ""COMPENSATION"": 84}","{""officers_count"": 5, ""sla_breaches"": 5, ""disputes_count"": 3, ""avg_days_per_stage"": 84.9, ""stage_complexity"": 0.8766}"
a82a62a5-85c3-4b5c-8144-d61329fccad9,PROJ-1122,2025-05-16T00:00:00+00:00,789.12,74.33,499,47,413,39,303916997.34,1648058418.31,"{""SURVEY"": 123, ""VERIFICATION"": 123, ""OBJECTION"": 23, ""AWARD"": 82, ""COMPENSATION"": 82}","{""officers_count"": 4, ""sla_breaches"": 5, ""disputes_count"": 6, ""avg_days_per_stage"": 103.0, ""stage_complexity"": 0.7475}"
00b9a89a-765d-4c2a-8d7a-46f67b097910,PROJ-1123,2025-01-01T00:00:00+00:00,371.32,14.42,206,8,193,5,89468830.82,755733240.45,"{""SURVEY"": 57, ""VERIFICATION"": 57, ""OBJECTION"": 3, ""AWARD"": 38, ""COMPENSATION"": 38}","{""officers_count"": 3, ""sla_breaches"": 10, ""disputes_count"": 6, ""avg_days_per_stage"": 91.1, ""stage_complexity"": 0.8021}"
688f17a2-30bb-4dd0-80a3-2e902cd33627,PROJ-1123,2025-01-16T00:00:00+00:00,371.32,27.04,206,15,181,10,126831746.84,694629248.44,"{""SURVEY"": 54, ""VERIFICATION"": 54, ""OBJECTION"": 6, ""AWARD"": 36, ""COMPENSATION"": 36}","{""officers_count"": 3, ""sla_breaches"": 9, ""disputes_count"": 4, ""avg_days_per_stage"": 56.1, ""stage_complexity"": 0.7324}"
01570739-ef63-4e51-90ba-1d6547705fe0,PROJ-1123,2025-01-31T00:00:00+00:00,371.32,36.05,206,20,172,14,232383625.55,694860929.26,"{""SURVEY"": 51, ""VERIFICATION"": 51, ""OBJECTION"": 8, ""AWARD"": 34, ""COMPENSATION"": 34}","{""officers_count"": 4, ""sla_breaches"": 9, ""disputes_count"": 4, ""avg_days_per_stage"": 61.8, ""stage_complexity"": 0.7133}"
eb556cc0-f4ca-4f2a-87cd-8863a4e84ad5,PROJ-1123,2025-02-15T00:00:00+00:00,371.32,48.67,206,27,163,16,50805661.65,787046297.15,"{""SURVEY"": 48, ""VERIFICATION"": 48, ""OBJECTION"": 9, ""AWARD"": 32, ""COMPENSATION"": 32}","{""officers_count"": 5, ""sla_breaches"": 9, ""disputes_count"": 8, ""avg_days_per_stage"": 86.0, ""stage_complexity"": 0.8263}"
87c91104-149c-4e9a-880b-c69038475035,PROJ-1123,2025-03-02T00:00:00+00:00,371.32,55.88,206,31,155,20,64738957.66,804753377.55,"{""SURVEY"": 46, ""VERIFICATION"": 46, ""OBJECTION"": 12, ""AWARD"": 31, ""COMPENSATION"": 31}","{""officers_count"": 5, ""sla_breaches"": 9, ""disputes_count"": 8, ""avg_days_per_stage"": 58.0, ""stage_complexity"": 0.7797}"
37f88ebb-f433-4b10-99c8-6d0e52505f3d,PROJ-1123,2025-03-17T00:00:00+00:00,371.32,66.69,206,37,146,23,47076797.22,662145657.48,"{""SURVEY"": 43, ""VERIFICATION"": 43, ""OBJECTION"": 13, ""AWARD"": 29, ""COMPENSATION"": 29}","{""officers_count"": 3, ""sla_breaches"": 5, ""disputes_count"": 7, ""avg_days_per_stage"": 62.4, ""stage_complexity"": 0.7665}"
53c94386-1896-45d3-8b9d-f56b9d5c3f64,PROJ-1123,2025-04-01T00:00:00+00:00,371.32,77.51,206,43,138,25,58073554.2,794015231.4,"{""SURVEY"": 41, ""VERIFICATION"": 41, ""OBJECTION"": 15, ""AWARD"": 27, ""COMPENSATION"": 27}","{""officers_count"": 4, ""sla_breaches"": 5, ""disputes_count"": 5, ""avg_days_per_stage"": 105.3, ""stage_complexity"": 0.7191}"
975fa2cd-8eed-445c-926e-3a2d46dbfacf,PROJ-1123,2025-04-16T00:00:00+00:00,371.32,84.72,206,47,132,27,225980143.64,750423261.65,"{""SURVEY"": 39, ""VERIFICATION"": 39, ""OBJECTION"": 16, ""AWARD"": 26, ""COMPENSATION"": 26}","{""officers_count"": 6, ""sla_breaches"": 9, ""disputes_count"": 3, ""avg_days_per_stage"": 102.3, ""stage_complexity"": 0.897}"
3794603b-1a90-48cb-9ad6-4de551e902cb,PROJ-1123,2025-05-01T00:00:00+00:00,371.32,93.73,206,52,123,31,149794301.28,763643095.66,"{""SURVEY"": 36, ""VERIFICATION"": 36, ""OBJECTION"": 18, ""AWARD"": 24, ""COMPENSATION"": 24}","{""officers_count"": 3, ""sla_breaches"": 5, ""disputes_count"": 3, ""avg_days_per_stage"": 81.5, ""stage_complexity"": 0.7467}"
1a2ef59f-8dbf-445b-b83e-1eb1e57b8582,PROJ-1123,2025-05-16T00:00:00+00:00,371.32,100.94,206,56,117,33,51712493.1,799368855.26,"{""SURVEY"": 35, ""VERIFICATION"": 35, ""OBJECTION"": 19, ""AWARD"": 23, ""COMPENSATION"": 23}","{""officers_count"": 6, ""sla_breaches"": 6, ""disputes_count"": 3, ""avg_days_per_stage"": 71.4, ""stage_complexity"": 0.7715}"
02031079-66aa-4950-bdc6-0bced4c364ab,PROJ-1123,2025-05-31T00:00:00+00:00,371.32,111.76,206,62,109,35,114827999.27,859924236.82,"{""SURVEY"": 32, ""VERIFICATION"": 32, ""OBJECTION"": 21, ""AWARD"": 21, ""COMPENSATION"": 21}","{""officers_count"": 5, ""sla_breaches"": 10, ""disputes_count"": 5, ""avg_days_per_stage"": 58.2, ""stage_complexity"": 0.7927}"
7e632baf-e696-4a43-a80e-52d59206ed02,PROJ-1124,2025-01-01T00:00:00+00:00,632.27,12.62,451,9,442,0,899262140.03,1432071958.71,"{""SURVEY"": 132, ""VERIFICATION"": 132, ""OBJECTION"": 0, ""AWARD"": 88, ""COMPENSATION"": 88}","{""officers_count"": 5, ""sla_breaches"": 3, ""disputes_count"": 5, ""avg_days_per_stage"": 54.9, ""stage_complexity"": 0.5376}"
b3c48310-6346-4e23-ad62-5ff8c337beb0,PROJ-1124,2025-01-16T00:00:00+00:00,632.27,30.84,451,22,427,2,877569197.65,1761466467.73,"{""SURVEY"": 128, ""VERIFICATION"": 128, ""OBJECTION"": 1, ""AWARD"": 85, ""COMPENSATION"": 85}","{""officers_count"": 5, ""sla_breaches"": 2, ""disputes_count"": 3, ""avg_days_per_stage"": 35.7, ""stage_complexity"": 0.4864}"
2bbacc27-fa01-4dd8-ae23-4fa6484d6077,PROJ-1124,2025-01-31T00:00:00+00:00,632.27,46.26,451,33,415,3,711722809.27,1439799092.05,"{""SURVEY"": 124, ""VERIFICATION"": 124, ""OBJECTION"": 1, ""AWARD"": 83, ""COMPENSATION"": 83}","{""officers_count"": 6, ""sla_breaches"": 2, ""disputes_count"": 2, ""avg_days_per_stage"": 51.0, ""stage_complexity"": 0.4435}"
6318cc25-b715-4e96-ad7a-dd0f702b7d52,PROJ-1124,2025-02-15T00:00:00+00:00,632.27,57.48,451,41,408,2,1224214506.53,1401372581.69,"{""SURVEY"": 122, ""VERIFICATION"": 122, ""OBJECTION"": 1, ""AWARD"": 81, ""COMPENSATION"": 81}","{""officers_count"": 3, ""sla_breaches"": 4, ""disputes_count"": 7, ""avg_days_per_stage"": 52.8, ""stage_complexity"": 0.6023}"
5600c76d-0ede-484d-bdb5-5e4e7aab3c32,PROJ-1125,2025-01-01T00:00:00+00:00,474.14,17.61,673,25,644,4,0.0,318529606.37,"{""SURVEY"": 193, ""VERIFICATION"": 193, ""OBJECTION"": 2, ""AWARD"": 128, ""COMPENSATION"": 128}","{""officers_count"": 6, ""sla_breaches"": 2, ""disputes_count"": 0, ""avg_days_per_stage"": 29.6, ""stage_complexity"": 0.2644}"
7cb17faa-c452-45df-affb-3e0b8afb77ea,PROJ-1125,2025-01-16T00:00:00+00:00,474.14,26.77,673,38,631,4,53088267.73,307911952.82,"{""SURVEY"": 189, ""VERIFICATION"": 189, ""OBJECTION"": 2, ""AWARD"": 126, ""COMPENSATION"": 126}","{""officers_count"": 9, ""sla_breaches"": 1, ""disputes_count"": 1, ""avg_days_per_stage"": 34.7, ""stage_complexity"": 0.2057}"
632bced5-b8e4-4449-afa9-81cf94f847fd,PROJ-1125,2025-01-31T00:00:00+00:00,474.14,36.63,673,52,617,3,159264803.18,286676645.73,"{""SURVEY"": 185, ""VERIFICATION"": 185, ""OBJECTION"": 1, ""AWARD"": 123, ""COMPENSATION"": 123}","{""officers_count"": 9, ""sla_breaches"": 1, ""disputes_count"": 0, ""avg_days_per_stage"": 30.6, ""stage_complexity"": 0.3043}"
69bdedf7-275f-4aad-8501-7f1e0e877fd8,PROJ-1125,2025-02-15T00:00:00+00:00,474.14,59.88,673,85,585,2,318529606.37,254823685.1,"{""SURVEY"": 175, ""VERIFICATION"": 175, ""OBJECTION"": 1, ""AWARD"": 117, ""COMPENSATION"": 117}","{""officers_count"": 11, ""sla_breaches"": 0, ""disputes_count"": 2, ""avg_days_per_stage"": 34.1, ""stage_complexity"": 0.3812}"
1025d794-e9c9-4d6e-811e-b2184c28a9b0,PROJ-1125,2025-03-02T00:00:00+00:00,474.14,72.57,673,103,568,2,530882677.28,212353070.91,"{""SURVEY"": 170, ""VERIFICATION"": 170, ""OBJECTION"": 1, ""AWARD"": 113, ""COMPENSATION"": 113}","{""officers_count"": 12, ""sla_breaches"": 2, ""disputes_count"": 3, ""avg_days_per_stage"": 30.5, ""stage_complexity"": 0.2952}"
a07bb346-049d-4a1f-a12b-b467ff077e0e,PROJ-1125,2025-03-17T00:00:00+00:00,474.14,93.0,673,132,539,0,796324015.92,159264803.18,"{""SURVEY"": 161, ""VERIFICATION"": 161, ""OBJECTION"": 0, ""AWARD"": 107, ""COMPENSATION"": 107}","{""officers_count"": 11, ""sla_breaches"": 0, ""disputes_count"": 1, ""avg_days_per_stage"": 32.6, ""stage_complexity"": 0.2925}"
d08e21ad-db0b-4e64-b568-38632644e795,PROJ-1125,2025-04-01T00:00:00+00:00,474.14,104.97,673,149,524,1,1061765354.56,106176535.46,"{""SURVEY"": 157, ""VERIFICATION"": 157, ""OBJECTION"": 0, ""AWARD"": 104, ""COMPENSATION"": 104}","{""officers_count"": 5, ""sla_breaches"": 1, ""disputes_count"": 2, ""avg_days_per_stage"": 30.9, ""stage_complexity"": 0.2751}"
b0e535ab-46e0-4635-b13b-62197f2d6933,PROJ-1125,2025-04-16T00:00:00+00:00,474.14,119.06,673,169,503,2,1061765354.56,106176535.46,"{""SURVEY"": 150, ""VERIFICATION"": 150, ""OBJECTION"": 1, ""AWARD"": 100, ""COMPENSATION"": 100}","{""officers_count"": 6, ""sla_breaches"": 2, ""disputes_count"": 0, ""avg_days_per_stage"": 33.0, ""stage_complexity"": 0.2725}"
d675b85b-36fe-404a-96a1-e8469d4eb26f,PROJ-1125,2025-05-01T00:00:00+00:00,474.14,135.27,673,192,479,3,1061765354.56,106176535.46,"{""SURVEY"": 143, ""VERIFICATION"": 143, ""OBJECTION"": 1, ""AWARD"": 95, ""COMPENSATION"": 95}","{""officers_count"": 12, ""sla_breaches"": 1, ""disputes_count"": 2, ""avg_days_per_stage"": 21.4, ""stage_complexity"": 0.3962}"
bd1b5cb2-d5c2-4ee8-aeeb-7754b5df08cc,PROJ-1125,2025-05-16T00:00:00+00:00,474.14,152.18,673,216,454,4,1061765354.56,106176535.46,"{""SURVEY"": 136, ""VERIFICATION"": 136, ""OBJECTION"": 2, ""AWARD"": 90, ""COMPENSATION"": 90}","{""officers_count"": 12, ""sla_breaches"": 1, ""disputes_count"": 2, ""avg_days_per_stage"": 27.6, ""stage_complexity"": 0.2416}"
a3ee7eb2-8708-4a98-8753-d982619be2d3,PROJ-1125,2025-05-31T00:00:00+00:00,474.14,161.33,673,229,440,4,1061765354.56,106176535.46,"{""SURVEY"": 132, ""VERIFICATION"": 132, ""OBJECTION"": 2, ""AWARD"": 88, ""COMPENSATION"": 88}","{""officers_count"": 12, ""sla_breaches"": 2, ""disputes_count"": 3, ""avg_days_per_stage"": 30.1, ""stage_complexity"": 0.3446}"
f34fe40b-d5d2-47dc-bd8f-2511f91b3e34,PROJ-1125,2025-06-15T00:00:00+00:00,474.14,171.9,673,244,425,3,1061765354.56,106176535.46,"{""SURVEY"": 127, ""VERIFICATION"": 127, ""OBJECTION"": 1, ""AWARD"": 85, ""COMPENSATION"": 85}","{""officers_count"": 9, ""sla_breaches"": 1, ""disputes_count"": 0, ""avg_days_per_stage"": 26.6, ""stage_complexity"": 0.2684}"
2b20d93c-2a4e-410e-81af-1b8de8a4a930,PROJ-1125,2025-06-30T00:00:00+00:00,474.14,187.4,673,266,404,4,1061765354.56,106176535.46,"{""SURVEY"": 121, ""VERIFICATION"": 121, ""OBJECTION"": 2, ""AWARD"": 80, ""COMPENSATION"": 80}","{""officers_count"": 8, ""sla_breaches"": 2, ""disputes_count"": 1, ""avg_days_per_stage"": 31.4, ""stage_complexity"": 0.2042}"
1b86641f-4da8-4fad-8683-6f4bba1ffe3e,PROJ-1125,2025-07-15T00:00:00+00:00,474.14,196.56,673,279,390,3,1061765354.56,106176535.46,"{""SURVEY"": 117, ""VERIFICATION"": 117, ""OBJECTION"": 1, ""AWARD"": 78, ""COMPENSATION"": 78}","{""officers_count"": 11, ""sla_breaches"": 2, ""disputes_count"": 1, ""avg_days_per_stage"": 16.3, ""stage_complexity"": 0.3786}"
1a458965-29f1-41b2-abfe-6d95ea2b3ca2,PROJ-1126,2025-01-01T00:00:00+00:00,493.51,14.38,549,16,531,3,0.0,634122410.6,"{""SURVEY"": 159, ""VERIFICATION"": 159, ""OBJECTION"": 1, ""AWARD"": 106, ""COMPENSATION"": 106}","{""officers_count"": 7, ""sla_breaches"": 0, ""disputes_count"": 2, ""avg_days_per_stage"": 26.7, ""stage_complexity"": 0.3147}"
b9c97783-1e6f-4015-9be9-985eb4785b97,PROJ-1126,2025-01-16T00:00:00+00:00,493.51,41.35,549,46,500,3,105687068.43,612984996.91,"{""SURVEY"": 150, ""VERIFICATION"": 150, ""OBJECTION"": 1, ""AWARD"": 100, ""COMPENSATION"": 100}","{""officers_count"": 7, ""sla_breaches"": 1, ""disputes_count"": 3, ""avg_days_per_stage"": 17.2, ""stage_complexity"": 0.3309}"
65fcea96-387a-490f-b48e-1bd208004318,PROJ-1126,2025-01-31T00:00:00+00:00,493.51,65.62,549,73,473,1,317061205.3,570710169.54,"{""SURVEY"": 141, ""VERIFICATION"": 141, ""OBJECTION"": 0, ""AWARD"": 94, ""COMPENSATION"": 94}","{""officers_count"": 9, ""sla_breaches"": 2, ""disputes_count"": 3, ""avg_days_per_stage"": 33.9, ""stage_complexity"": 0.2485}"
f1a27c1c-18cc-4a50-a117-84295e7e4454,PROJ-1127,2025-01-01T00:00:00+00:00,916.19,6.97,263,2,250,11,475876075.44,2583119745.87,"{""SURVEY"": 75, ""VERIFICATION"": 75, ""OBJECTION"": 6, ""AWARD"": 50, ""COMPENSATION"": 50}","{""officers_count"": 4, ""sla_breaches"": 6, ""disputes_count"": 20, ""avg_days_per_stage"": 122.0, ""stage_complexity"": 0.897}"
193cb0c0-dcef-4a3e-a5e6-81cc41c9f9ee,PROJ-1127,2025-01-16T00:00:00+00:00,916.19,10.45,263,3,244,16,688389991.01,2132916040.68,"{""SURVEY"": 73, ""VERIFICATION"": 73, ""OBJECTION"": 9, ""AWARD"": 48, ""COMPENSATION"": 48}","{""officers_count"": 5, ""sla_breaches"": 10, ""disputes_count"": 23, ""avg_days_per_stage"": 120.2, ""stage_complexity"": 0.8027}"
b49316f9-6e5b-44ad-9cc4-237812629d50,PROJ-1127,2025-01-31T00:00:00+00:00,916.19,24.39,263,7,231,25,709221542.74,1932812632.65,"{""SURVEY"": 69, ""VERIFICATION"": 69, ""OBJECTION"": 15, ""AWARD"": 46, ""COMPENSATION"": 46}","{""officers_count"": 2, ""sla_breaches"": 6, ""disputes_count"": 29, ""avg_days_per_stage"": 114.4, ""stage_complexity"": 0.7915}"
8aaae005-84b4-4305-954f-3194d1cfe42a,PROJ-1128,2025-01-01T00:00:00+00:00,1065.15,41.09,648,25,623,1,0.0,733300974.67,"{""SURVEY"": 186, ""VERIFICATION"": 186, ""OBJECTION"": 0, ""AWARD"": 124, ""COMPENSATION"": 124}","{""officers_count"": 12, ""sla_breaches"": 1, ""disputes_count"": 3, ""avg_days_per_stage"": 24.6, ""stage_complexity"": 0.333}"
d06e7cf1-9277-4fa1-9376-533cb81a8eb2,PROJ-1128,2025-01-16T00:00:00+00:00,1065.15,59.18,648,36,611,0,122216829.11,708857608.85,"{""SURVEY"": 183, ""VERIFICATION"": 183, ""OBJECTION"": 0, ""AWARD"": 122, ""COMPENSATION"": 122}","{""officers_count"": 5, ""sla_breaches"": 0, ""disputes_count"": 2, ""avg_days_per_stage"": 34.3, ""stage_complexity"": 0.2054}"
c6bb194a-9e6e-4535-a532-4c948cc0a46d,PROJ-1128,2025-01-31T00:00:00+00:00,1065.15,111.78,648,68,580,0,366650487.33,659970877.2,"{""SURVEY"": 174, ""VERIFICATION"": 174, ""OBJECTION"": 0, ""AWARD"": 116, ""COMPENSATION"": 116}","{""officers_count"": 9, ""sla_breaches"": 2, ""disputes_count"": 0, ""avg_days_per_stage"": 31.3, ""stage_complexity"": 0.434}"
7ac80454-ac16-472b-9786-5580e56bc1ff,PROJ-1128,2025-02-15T00:00:00+00:00,1065.15,169.31,648,103,545,1,733300974.67,586640779.74,"{""SURVEY"": 163, ""VERIFICATION"": 163, ""OBJECTION"": 0, ""AWARD"": 109, ""COMPENSATION"": 109}","{""officers_count"": 7, ""sla_breaches"": 0, ""disputes_count"": 1, ""avg_days_per_stage"": 18.7, ""stage_complexity"": 0.3182}"
21aff1db-b73a-401d-bfb7-7f7b5f3ded99,PROJ-1129,2025-01-01T00:00:00+00:00,70.46,1.15,490,8,477,5,39525243.74,371169157.88,"{""SURVEY"": 143, ""VERIFICATION"": 143, ""OBJECTION"": 3, ""AWARD"": 95, ""COMPENSATION"": 95}","{""officers_count"": 6, ""sla_breaches"": 7, ""disputes_count"": 3, ""avg_days_per_stage"": 80.0, ""stage_complexity"": 0.8481}"
cb1b25cb-74b5-4bac-8df3-bf622261f72e,PROJ-1129,2025-01-16T00:00:00+00:00,70.46,1.44,490,10,473,7,99631821.05,375984253.69,"{""SURVEY"": 141, ""VERIFICATION"": 141, ""OBJECTION"": 4, ""AWARD"": 94, ""COMPENSATION"": 94}","{""officers_count"": 5, ""sla_breaches"": 7, ""disputes_count"": 6, ""avg_days_per_stage"": 73.3, ""stage_complexity"": 0.8324}"
56907346-01e6-4513-9764-b99e997c4371,PROJ-1129,2025-01-31T00:00:00+00:00,70.46,2.3,490,16,464,10,69717953.25,343470179.62,"{""SURVEY"": 139, ""VERIFICATION"": 139, ""OBJECTION"": 6, ""AWARD"": 92, ""COMPENSATION"": 92}","{""officers_count"": 5, ""sla_breaches"": 8, ""disputes_count"": 6, ""avg_days_per_stage"": 107.2, ""stage_complexity"": 0.8273}"
3a308517-9b18-4bd9-8f11-05fdf988f634,PROJ-1129,2025-02-15T00:00:00+00:00,70.46,3.31,490,23,452,15,83957361.32,321528703.31,"{""SURVEY"": 135, ""VERIFICATION"": 135, ""OBJECTION"": 9, ""AWARD"": 90, ""COMPENSATION"": 90}","{""officers_count"": 5, ""sla_breaches"": 6, ""disputes_count"": 6, ""avg_days_per_stage"": 87.5, ""stage_complexity"": 0.8767}"
e9265272-ef35-4677-8a45-4c7c58cee9f9,PROJ-1129,2025-03-02T00:00:00+00:00,70.46,3.59,490,25,446,19,22462087.41,316988893.04,"{""SURVEY"": 133, ""VERIFICATION"": 133, ""OBJECTION"": 11, ""AWARD"": 89, ""COMPENSATION"": 89}","{""officers_count"": 5, ""sla_breaches"": 7, ""disputes_count"": 5, ""avg_days_per_stage"": 100.9, ""stage_complexity"": 0.7779}"
c7d96925-60ec-453f-82fd-9b7e67303b3f,PROJ-1129,2025-03-17T00:00:00+00:00,70.46,4.17,490,29,440,21,21866772.17,336185798.28,"{""SURVEY"": 132, ""VERIFICATION"": 132, ""OBJECTION"": 12, ""AWARD"": 88, ""COMPENSATION"": 88}","{""officers_count"": 5, ""sla_breaches"": 8, ""disputes_count"": 6, ""avg_days_per_stage"": 66.2, ""stage_complexity"": 0.8451}"
136c3700-4ae1-4fc5-acff-e7b8f0129bb0,PROJ-1129,2025-04-01T00:00:00+00:00,70.46,4.89,490,34,432,24,50814875.31,270985280.44,"{""SURVEY"": 129, ""VERIFICATION"": 129, ""OBJECTION"": 14, ""AWARD"": 86, ""COMPENSATION"": 86}","{""officers_count"": 4, ""sla_breaches"": 10, ""disputes_count"": 4, ""avg_days_per_stage"": 99.6, ""stage_complexity"": 0.8261}"
6e24f0bb-576c-4f0c-86bc-d5396dfff0b4,PROJ-1129,2025-04-16T00:00:00+00:00,70.46,6.04,490,42,419,29,98087345.73,375021971.97,"{""SURVEY"": 125, ""VERIFICATION"": 125, ""OBJECTION"": 17, ""AWARD"": 83, ""COMPENSATION"": 83}","{""officers_count"": 3, ""sla_breaches"": 5, ""disputes_count"": 3, ""avg_days_per_stage"": 90.2, ""stage_complexity"": 0.7356}"
c6c0d622-6cea-4ea2-a816-16cf1427706c,PROJ-1129,2025-05-01T00:00:00+00:00,70.46,7.19,490,50,407,33,22495726.62,377617420.31,"{""SURVEY"": 122, ""VERIFICATION"": 122, ""OBJECTION"": 19, ""AWARD"": 81, ""COMPENSATION"": 81}","{""officers_count"": 4, ""sla_breaches"": 8, ""disputes_count"": 4, ""avg_days_per_stage"": 68.3, ""stage_complexity"": 0.8704}"
dc69eac4-c851-40f4-92ca-4a5e7924da2b,PROJ-1129,2025-05-16T00:00:00+00:00,70.46,7.62,490,53,400,37,44926644.18,341704586.51,"{""SURVEY"": 120, ""VERIFICATION"": 120, ""OBJECTION"": 22, ""AWARD"": 80, ""COMPENSATION"": 80}","{""officers_count"": 4, ""sla_breaches"": 5, ""disputes_count"": 6, ""avg_days_per_stage"": 62.2, ""stage_complexity"": 0.7299}"
8042a686-b5d2-4068-9320-e61283d6f4cb,PROJ-1129,2025-05-31T00:00:00+00:00,70.46,7.91,490,55,392,43,82352910.17,297791382.13,"{""SURVEY"": 117, ""VERIFICATION"": 117, ""OBJECTION"": 25, ""AWARD"": 78, ""COMPENSATION"": 78}","{""officers_count"": 3, ""sla_breaches"": 9, ""disputes_count"": 5, ""avg_days_per_stage"": 69.0, ""stage_complexity"": 0.8377}"
61a63ecc-203a-420a-a013-288ca99f8878,PROJ-1129,2025-06-15T00:00:00+00:00,70.46,8.77,490,61,383,46,79758629.76,379325704.55,"{""SURVEY"": 114, ""VERIFICATION"": 114, ""OBJECTION"": 27, ""AWARD"": 76, ""COMPENSATION"": 76}","{""officers_count"": 5, ""sla_breaches"": 5, ""disputes_count"": 6, ""avg_days_per_stage"": 55.6, ""stage_complexity"": 0.834}"
865faaeb-b8c4-4bc7-8fa7-5c97720c23f1,PROJ-1129,2025-06-30T00:00:00+00:00,70.46,9.49,490,66,372,52,92254057.73,361088974.31,"{""SURVEY"": 111, ""VERIFICATION"": 111, ""OBJECTION"": 31, ""AWARD"": 74, ""COMPENSATION"": 74}","{""officers_count"": 3, ""sla_breaches"": 10, ""disputes_count"": 3, ""avg_days_per_stage"": 86.4, ""stage_complexity"": 0.7554}"
010c1079-f8f8-453d-bbeb-3bea54ff29a1,PROJ-1129,2025-07-15T00:00:00+00:00,70.46,10.07,490,70,365,55,40482004.51,310508535.18,"{""SURVEY"": 109, ""VERIFICATION"": 109, ""OBJECTION"": 33, ""AWARD"": 73, ""COMPENSATION"": 73}","{""officers_count"": 3, ""sla_breaches"": 9, ""disputes_count"": 5, ""avg_days_per_stage"": 98.5, ""stage_complexity"": 0.8901}"
b0c0c609-1545-4a7d-86ff-02b1ad7b24af,PROJ-1129,2025-07-30T00:00:00+00:00,70.46,10.93,490,76,355,59,35719951.38,333475941.85,"{""SURVEY"": 106, ""VERIFICATION"": 106, ""OBJECTION"": 35, ""AWARD"": 71, ""COMPENSATION"": 71}","{""officers_count"": 3, ""sla_breaches"": 8, ""disputes_count"": 5, ""avg_days_per_stage"": 80.1, ""stage_complexity"": 0.7571}"
5c6d0a71-1d8d-4549-a946-7bc172d4c7ec,PROJ-1129,2025-08-14T00:00:00+00:00,70.46,11.36,490,79,347,64,22790913.55,292083069.98,"{""SURVEY"": 104, ""VERIFICATION"": 104, ""OBJECTION"": 38, ""AWARD"": 69, ""COMPENSATION"": 69}","{""officers_count"": 4, ""sla_breaches"": 7, ""disputes_count"": 3, ""avg_days_per_stage"": 78.8, ""stage_complexity"": 0.8616}"
f897f8cc-85e4-4ed5-a3ae-585c52346efd,PROJ-1129,2025-08-29T00:00:00+00:00,70.46,12.37,490,86,336,68,45215989.47,286645136.17,"{""SURVEY"": 100, ""VERIFICATION"": 100, ""OBJECTION"": 40, ""AWARD"": 67, ""COMPENSATION"": 67}","{""officers_count"": 4, ""sla_breaches"": 8, ""disputes_count"": 4, ""avg_days_per_stage"": 85.4, ""stage_complexity"": 0.7226}"
b1d4a772-6aac-4e39-9631-0dac7e4698e4,PROJ-1130,2025-01-01T00:00:00+00:00,803.65,22.53,428,12,411,6,0.0,1303101340.65,"{""SURVEY"": 123, ""VERIFICATION"": 123, ""OBJECTION"": 3, ""AWARD"": 82, ""COMPENSATION"": 82}","{""officers_count"": 5, ""sla_breaches"": 2, ""disputes_count"": 0, ""avg_days_per_stage"": 24.4, ""stage_complexity"": 0.2624}"
4705903c-0bce-4979-bbb3-511b5f48a149,PROJ-1130,2025-01-16T00:00:00+00:00,803.65,43.19,428,23,399,5,217183556.77,1259664629.29,"{""SURVEY"": 119, ""VERIFICATION"": 119, ""OBJECTION"": 3, ""AWARD"": 79, ""COMPENSATION"": 79}","{""officers_count"": 12, ""sla_breaches"": 1, ""disputes_count"": 0, ""avg_days_per_stage"": 18.3, ""stage_complexity"": 0.3993}"
50994af0-7788-4422-bcd8-b19ba6a557ee,PROJ-1130,2025-01-31T00:00:00+00:00,803.65,75.11,428,40,383,3,651550670.32,1172791206.58,"{""SURVEY"": 114, ""VERIFICATION"": 114, ""OBJECTION"": 1, ""AWARD"": 76, ""COMPENSATION"": 76}","{""officers_count"": 6, ""sla_breaches"": 1, ""disputes_count"": 2, ""avg_days_per_stage"": 24.4, ""stage_complexity"": 0.287}"
b2fa8e10-0599-4861-a273-3e958c1fa26e,PROJ-1130,2025-02-15T00:00:00+00:00,803.65,116.42,428,62,363,4,1303101340.65,1042481072.52,"{""SURVEY"": 108, ""VERIFICATION"": 108, ""OBJECTION"": 2, ""AWARD"": 72, ""COMPENSATION"": 72}","{""officers_count"": 11, ""sla_breaches"": 1, ""disputes_count"": 2, ""avg_days_per_stage"": 16.2, ""stage_complexity"": 0.3078}"
f3b9a8f4-8fc5-412a-9131-62133230938b,PROJ-1130,2025-03-02T00:00:00+00:00,803.65,140.83,428,75,349,5,2171835567.75,868734227.1,"{""SURVEY"": 104, ""VERIFICATION"": 104, ""OBJECTION"": 3, ""AWARD"": 69, ""COMPENSATION"": 69}","{""officers_count"": 8, ""sla_breaches"": 0, ""disputes_count"": 1, ""avg_days_per_stage"": 21.3, ""stage_complexity"": 0.4007}"
004dfaa0-b36c-454b-af2c-37a7111c8d98,PROJ-1131,2025-01-01T00:00:00+00:00,420.95,35.76,259,22,236,0,0.0,478503766.85,"{""SURVEY"": 70, ""VERIFICATION"": 70, ""OBJECTION"": 0, ""AWARD"": 47, ""COMPENSATION"": 47}","{""officers_count"": 9, ""sla_breaches"": 1, ""disputes_count"": 1, ""avg_days_per_stage"": 32.5, ""stage_complexity"": 0.2862}"
d2eda499-2704-4495-886b-22eae4fc918a,PROJ-1131,2025-01-16T00:00:00+00:00,420.95,65.01,259,40,219,0,79750627.81,462553641.29,"{""SURVEY"": 65, ""VERIFICATION"": 65, ""OBJECTION"": 0, ""AWARD"": 43, ""COMPENSATION"": 43}","{""officers_count"": 10, ""sla_breaches"": 2, ""disputes_count"": 0, ""avg_days_per_stage"": 25.6, ""stage_complexity"": 0.3324}"
639b1c5d-9cee-4981-9602-9ec022873a8c,PROJ-1131,2025-01-31T00:00:00+00:00,420.95,99.14,259,61,198,1,239251883.42,430653390.16,"{""SURVEY"": 59, ""VERIFICATION"": 59, ""OBJECTION"": 0, ""AWARD"": 39, ""COMPENSATION"": 39}","{""officers_count"": 9, ""sla_breaches"": 0, ""disputes_count"": 1, ""avg_days_per_stage"": 20.0, ""stage_complexity"": 0.3732}"
4648139c-106d-4150-a814-21f13deb8e4f,PROJ-1131,2025-02-15T00:00:00+00:00,420.95,115.4,259,71,187,1,478503766.85,382803013.48,"{""SURVEY"": 56, ""VERIFICATION"": 56, ""OBJECTION"": 0, ""AWARD"": 37, ""COMPENSATION"": 37}","{""officers_count"": 6, ""sla_breaches"": 1, ""disputes_count"": 2, ""avg_days_per_stage"": 15.9, ""stage_complexity"": 0.4157}"
6a1a00df-4855-4338-b2b8-eb0c375a86d2,PROJ-1131,2025-03-02T00:00:00+00:00,420.95,160.9,259,99,159,1,797506278.08,319002511.23,"{""SURVEY"": 47, ""VERIFICATION"": 47, ""OBJECTION"": 0, ""AWARD"": 31, ""COMPENSATION"": 31}","{""officers_count"": 8, ""sla_breaches"": 1, ""disputes_count"": 3, ""avg_days_per_stage"": 22.3, ""stage_complexity"": 0.2564}"
50e179f6-92c0-48d5-a747-888a8319e877,PROJ-1131,2025-03-17T00:00:00+00:00,420.95,193.41,259,119,139,0,1196259417.12,239251883.42,"{""SURVEY"": 41, ""VERIFICATION"": 41, ""OBJECTION"": 0, ""AWARD"": 27, ""COMPENSATION"": 27}","{""officers_count"": 5, ""sla_breaches"": 0, ""disputes_count"": 3, ""avg_days_per_stage"": 25.2, ""stage_complexity"": 0.4433}"
b3e97928-35e7-46a9-8b55-c9861e677daa,PROJ-1131,2025-04-01T00:00:00+00:00,420.95,242.17,259,149,110,0,1595012556.16,159501255.62,"{""SURVEY"": 33, ""VERIFICATION"": 33, ""OBJECTION"": 0, ""AWARD"": 22, ""COMPENSATION"": 22}","{""officers_count"": 8, ""sla_breaches"": 2, ""disputes_count"": 0, ""avg_days_per_stage"": 19.2, ""stage_complexity"": 0.3375}"
8593b2a2-0d6f-4c1a-b99c-8563fae93441,PROJ-1131,2025-04-16T00:00:00+00:00,420.95,264.92,259,163,96,1,1595012556.16,159501255.62,"{""SURVEY"": 28, ""VERIFICATION"": 28, ""OBJECTION"": 0, ""AWARD"": 19, ""COMPENSATION"": 19}","{""officers_count"": 6, ""sla_breaches"": 0, ""disputes_count"": 2, ""avg_days_per_stage"": 24.2, ""stage_complexity"": 0.316}"
840df99f-76cc-4d5d-a36c-ab1ecb5f7b6e,PROJ-1131,2025-05-01T00:00:00+00:00,420.95,312.06,259,192,66,0,1595012556.16,159501255.62,"{""SURVEY"": 19, ""VERIFICATION"": 19, ""OBJECTION"": 0, ""AWARD"": 13, ""COMPENSATION"": 13}","{""officers_count"": 9, ""sla_breaches"": 2, ""disputes_count"": 0, ""avg_days_per_stage"": 26.9, ""stage_complexity"": 0.3728}"
65ace1a3-5ca2-477b-84be-683330ab03b4,PROJ-1131,2025-05-16T00:00:00+00:00,420.95,367.32,259,226,33,0,1595012556.16,159501255.62,"{""SURVEY"": 9, ""VERIFICATION"": 9, ""OBJECTION"": 0, ""AWARD"": 6, ""COMPENSATION"": 6}","{""officers_count"": 5, ""sla_breaches"": 1, ""disputes_count"": 2, ""avg_days_per_stage"": 24.2, ""stage_complexity"": 0.2106}"
80d122c3-42ad-4a21-87cd-d4f22743fbe5,PROJ-1131,2025-05-31T00:00:00+00:00,420.95,406.32,259,250,9,0,1595012556.16,159501255.62,"{""SURVEY"": 2, ""VERIFICATION"": 2, ""OBJECTION"": 0, ""AWARD"": 1, ""COMPENSATION"": 1}","{""officers_count"": 10, ""sla_breaches"": 2, ""disputes_count"": 0, ""avg_days_per_stage"": 32.9, ""stage_complexity"": 0.3245}"
51c04a62-b83c-40f9-a765-f5f8571fb257,PROJ-1132,2025-01-01T00:00:00+00:00,1137.87,236.16,159,33,125,0,0.0,765292806.52,"{""SURVEY"": 37, ""VERIFICATION"": 37, ""OBJECTION"": 0, ""AWARD"": 25, ""COMPENSATION"": 25}","{""officers_count"": 5, ""sla_breaches"": 1, ""disputes_count"": 0, ""avg_days_per_stage"": 31.0, ""stage_complexity"": 0.3494}"
82e7c4d6-2370-46d8-8e54-e246bb74c2d8,PROJ-1132,2025-01-16T00:00:00+00:00,1137.87,393.6,159,55,104,0,127548801.09,739783046.3,"{""SURVEY"": 31, ""VERIFICATION"": 31, ""OBJECTION"": 0, ""AWARD"": 20, ""COMPENSATION"": 20}","{""officers_count"": 10, ""sla_breaches"": 1, ""disputes_count"": 0, ""avg_days_per_stage"": 31.7, ""stage_complexity"": 0.3114}"
b35424be-3826-42f0-9771-824bdaac1978,PROJ-1132,2025-01-31T00:00:00+00:00,1137.87,615.45,159,86,73,0,382646403.26,688763525.87,"{""SURVEY"": 21, ""VERIFICATION"": 21, ""OBJECTION"": 0, ""AWARD"": 14, ""COMPENSATION"": 14}","{""officers_count"": 7, ""sla_breaches"": 2, ""disputes_count"": 2, ""avg_days_per_stage"": 15.1, ""stage_complexity"": 0.3107}"
89fdf145-a22c-4ee2-87ac-3b110bcee641,PROJ-1132,2025-02-15T00:00:00+00:00,1137.87,865.93,159,121,38,0,765292806.52,612234245.22,"{""SURVEY"": 11, ""VERIFICATION"": 11, ""OBJECTION"": 0, ""AWARD"": 7, ""COMPENSATION"": 7}","{""officers_count"": 9, ""sla_breaches"": 2, ""disputes_count"": 0, ""avg_days_per_stage"": 23.8, ""stage_complexity"": 0.3587}"
dbe002e9-3f98-47ee-a87d-cc0d69a2f07f,PROJ-1132,2025-03-02T00:00:00+00:00,1137.87,980.43,159,137,22,0,1275488010.86,510195204.35,"{""SURVEY"": 6, ""VERIFICATION"": 6, ""OBJECTION"": 0, ""AWARD"": 4, ""COMPENSATION"": 4}","{""officers_count"": 8, ""sla_breaches"": 2, ""disputes_count"": 0, ""avg_days_per_stage"": 19.8, ""stage_complexity"": 0.2912}"
184b90b2-7d36-4ce9-81aa-eaf2b57ff3a5,PROJ-1132,2025-03-17T00:00:00+00:00,1137.87,1137.87,159,159,0,1,1913232016.3,382646403.26,"{""SURVEY"": 0, ""VERIFICATION"": 0, ""OBJECTION"": 0, ""AWARD"": 0, ""COMPENSATION"": 0}","{""officers_count"": 12, ""sla_breaches"": 2, ""disputes_count"": 2, ""avg_days_per_stage"": 26.8, ""stage_complexity"": 0.3333}"
aef215be-942a-4853-a938-604e4ac501f8,PROJ-1132,2025-04-01T00:00:00+00:00,1137.87,1137.87,159,159,0,0,2550976021.73,255097602.17,"{""SURVEY"": 0, ""VERIFICATION"": 0, ""OBJECTION"": 0, ""AWARD"": 0, ""COMPENSATION"": 0}","{""officers_count"": 11, ""sla_breaches"": 1, ""disputes_count"": 1, ""avg_days_per_stage"": 33.0, ""stage_complexity"": 0.2865}"
13940732-cb38-4ce4-92ba-058ea303d2f9,PROJ-1133,2025-01-01T00:00:00+00:00,320.18,2.49,770,6,749,15,385811734.42,682925393.89,"{""SURVEY"": 224, ""VERIFICATION"": 224, ""OBJECTION"": 9, ""AWARD"": 149, ""COMPENSATION"": 149}","{""officers_count"": 5, ""sla_breaches"": 11, ""disputes_count"": 24, ""avg_days_per_stage"": 69.9, ""stage_complexity"": 0.7543}"
bc6b9b0e-79b0-4cb5-b54c-556e83d3631f,PROJ-1133,2025-01-16T00:00:00+00:00,320.18,2.91,770,7,737,26,211360581.45,677525229.94,"{""SURVEY"": 221, ""VERIFICATION"": 221, ""OBJECTION"": 15, ""AWARD"": 147, ""COMPENSATION"": 147}","{""officers_count"": 5, ""sla_breaches"": 5, ""disputes_count"": 30, ""avg_days_per_stage"": 79.9, ""stage_complexity"": 0.7923}"
0e88ff63-c284-4f55-9421-301e4881a890,PROJ-1133,2025-01-31T00:00:00+00:00,320.18,3.74,770,9,723,38,297647603.81,1032882123.55,"{""SURVEY"": 216, ""VERIFICATION"": 216, ""OBJECTION"": 22, ""AWARD"": 144, ""COMPENSATION"": 144}","{""officers_count"": 2, ""sla_breaches"": 4, ""disputes_count"": 40, ""avg_days_per_stage"": 76.1, ""stage_complexity"": 0.8749}"
a37ca493-94be-4cd3-a8db-117a804dd70c,PROJ-1133,2025-02-15T00:00:00+00:00,320.18,4.99,770,12,709,49,282017912.29,740429791.47,"{""SURVEY"": 212, ""VERIFICATION"": 212, ""OBJECTION"": 29, ""AWARD"": 141, ""COMPENSATION"": 141}","{""officers_count"": 2, ""sla_breaches"": 5, ""disputes_count"": 52, ""avg_days_per_stage"": 101.2, ""stage_complexity"": 0.7705}"
73e35be3-a813-4928-9dad-bb0ed7ae42e4,PROJ-1133,2025-03-02T00:00:00+00:00,320.18,6.65,770,16,700,54,182879669.1,1020451475.79,"{""SURVEY"": 210, ""VERIFICATION"": 210, ""OBJECTION"": 32, ""AWARD"": 140, ""COMPENSATION"": 140}","{""officers_count"": 4, ""sla_breaches"": 5, ""disputes_count"": 59, ""avg_days_per_stage"": 130.3, ""stage_complexity"": 0.8488}"
913899ec-2508-4d0f-945b-a8eef1ef5135,PROJ-1133,2025-03-17T00:00:00+00:00,320.18,7.07,770,17,692,61,326235687.93,558581329.5,"{""SURVEY"": 207, ""VERIFICATION"": 207, ""OBJECTION"": 36, ""AWARD"": 138, ""COMPENSATION"": 138}","{""officers_count"": 5, ""sla_breaches"": 5, ""disputes_count"": 69, ""avg_days_per_stage"": 108.0, ""stage_complexity"": 0.8045}"
9374c3f6-705b-40d9-b861-fdc364d588bc,PROJ-1133,2025-04-01T00:00:00+00:00,320.18,8.73,770,21,681,68,295051708.61,762385779.04,"{""SURVEY"": 204, ""VERIFICATION"": 204, ""OBJECTION"": 40, ""AWARD"": 136, ""COMPENSATION"": 136}","{""officers_count"": 5, ""sla_breaches"": 4, ""disputes_count"": 76, ""avg_days_per_stage"": 110.5, ""stage_complexity"": 0.8811}"
2e715ec9-cfde-4ebb-9ad8-e4a8e0fa7e2e,PROJ-1133,2025-04-16T00:00:00+00:00,320.18,10.81,770,26,668,76,311486098.11,922892876.24,"{""SURVEY"": 200, ""VERIFICATION"": 200, ""OBJECTION"": 45, ""AWARD"": 133, ""COMPENSATION"": 133}","{""officers_count"": 3, ""sla_breaches"": 6, ""disputes_count"": 79, ""avg_days_per_stage"": 95.8, ""stage_complexity"": 0.8529}"
8bcfa7b0-073f-4628-8b31-92f21a950497,PROJ-1133,2025-05-01T00:00:00+00:00,320.18,12.06,770,29,660,81,141869216.51,883464633.23,"{""SURVEY"": 198, ""VERIFICATION"": 198, ""OBJECTION"": 48, ""AWARD"": 132, ""COMPENSATION"": 132}","{""officers_count"": 4, ""sla_breaches"": 9, ""disputes_count"": 87, ""avg_days_per_stage"": 123.4, ""stage_complexity"": 0.8089}"
f967e7fa-1807-4ac0-85f2-f20428d57bdd,PROJ-1133,2025-05-16T00:00:00+00:00,320.18,14.55,770,35,644,91,231598685.97,926153430.85,"{""SURVEY"": 193, ""VERIFICATION"": 193, ""OBJECTION"": 54, ""AWARD"": 128, ""COMPENSATION"": 128}","{""officers_count"": 4, ""sla_breaches"": 11, ""disputes_count"": 94, ""avg_days_per_stage"": 128.9, ""stage_complexity"": 0.7912}"
aedf5612-e3e0-4806-a4c8-dff1d67347aa,PROJ-1133,2025-05-31T00:00:00+00:00,320.18,16.63,770,40,633,97,201997776.08,1047176371.58,"{""SURVEY"": 189, ""VERIFICATION"": 189, ""OBJECTION"": 58, ""AWARD"": 126, ""COMPENSATION"": 126}","{""officers_count"": 4, ""sla_breaches"": 9, ""disputes_count"": 105, ""avg_days_per_stage"": 85.5, ""stage_complexity"": 0.8836}"
6a03daad-ecda-49bc-b1da-7ae79b96e85f,PROJ-1133,2025-06-15T00:00:00+00:00,320.18,18.71,770,45,621,104,295126940.78,616524235.89,"{""SURVEY"": 186, ""VERIFICATION"": 186, ""OBJECTION"": 62, ""AWARD"": 124, ""COMPENSATION"": 124}","{""officers_count"": 4, ""sla_breaches"": 7, ""disputes_count"": 109, ""avg_days_per_stage"": 120.3, ""stage_complexity"": 0.928}"
c8a7589e-031f-4baf-a9d4-bc067b6ec069,PROJ-1133,2025-06-30T00:00:00+00:00,320.18,21.21,770,51,609,110,222584842.52,802225433.38,"{""SURVEY"": 182, ""VERIFICATION"": 182, ""OBJECTION"": 66, ""AWARD"": 121, ""COMPENSATION"": 121}","{""officers_count"": 2, ""sla_breaches"": 6, ""disputes_count"": 113, ""avg_days_per_stage"": 125.1, ""stage_complexity"": 0.9246}"
b414f13f-6bb5-4eae-8e62-d604f04596d0,PROJ-1133,2025-07-15T00:00:00+00:00,320.18,23.29,770,56,595,119,136023392.12,1010193211.57,"{""SURVEY"": 178, ""VERIFICATION"": 178, ""OBJECTION"": 71, ""AWARD"": 119, ""COMPENSATION"": 119}","{""officers_count"": 3, ""sla_breaches"": 6, ""disputes_count"": 124, ""avg_days_per_stage"": 99.2, ""stage_complexity"": 0.9345}"
723cb4f4-e5ed-40df-b45c-5dacc37d8ff5,PROJ-1133,2025-07-30T00:00:00+00:00,320.18,25.36,770,61,582,127,346264846.93,680982400.95,"{""SURVEY"": 174, ""VERIFICATION"": 174, ""OBJECTION"": 76, ""AWARD"": 116, ""COMPENSATION"": 116}","{""officers_count"": 2, ""sla_breaches"": 11, ""disputes_count"": 135, ""avg_days_per_stage"": 118.6, ""stage_complexity"": 0.8893}"
069d1e49-9f0a-4497-8799-0054ba44017b,PROJ-1133,2025-08-14T00:00:00+00:00,320.18,27.86,770,67,567,136,342904960.32,814585438.36,"{""SURVEY"": 170, ""VERIFICATION"": 170, ""OBJECTION"": 81, ""AWARD"": 113, ""COMPENSATION"": 113}","{""officers_count"": 3, ""sla_breaches"": 6, ""disputes_count"": 141, ""avg_days_per_stage"": 135.3, ""stage_complexity"": 0.8363}"
192f4e32-c9a2-4edc-9442-7abe3f02c37b,PROJ-1133,2025-08-29T00:00:00+00:00,320.18,28.69,770,69,558,143,295895197.3,1021850067.52,"{""SURVEY"": 167, ""VERIFICATION"": 167, ""OBJECTION"": 85, ""AWARD"": 111, ""COMPENSATION"": 111}","{""officers_count"": 4, ""sla_breaches"": 5, ""disputes_count"": 152, ""avg_days_per_stage"": 103.3, ""stage_complexity"": 0.8313}"
7c832b7c-5681-4fa7-84b2-77dfea0c6e3d,PROJ-1134,2025-01-01T00:00:00+00:00,986.46,78.2,164,13,150,1,0.0,673985718.96,"{""SURVEY"": 45, ""VERIFICATION"": 45, ""OBJECTION"": 0, ""AWARD"": 30, ""COMPENSATION"": 30}","{""officers_count"": 7, ""sla_breaches"": 0, ""disputes_count"": 3, ""avg_days_per_stage"": 15.8, ""stage_complexity"": 0.3547}"
10a7522b-41d9-40d3-b4e2-b945f402a792,PROJ-1134,2025-01-16T00:00:00+00:00,986.46,240.6,164,40,123,0,112330953.16,651519528.33,"{""SURVEY"": 36, ""VERIFICATION"": 36, ""OBJECTION"": 0, ""AWARD"": 24, ""COMPENSATION"": 24}","{""officers_count"": 11, ""sla_breaches"": 0, ""disputes_count"": 3, ""avg_days_per_stage"": 31.8, ""stage_complexity"": 0.3946}"
4efc0bd9-19a5-4f05-a76d-d9be8543e476,PROJ-1134,2025-01-31T00:00:00+00:00,986.46,439.1,164,73,91,0,336992859.48,606587147.07,"{""SURVEY"": 27, ""VERIFICATION"": 27, ""OBJECTION"": 0, ""AWARD"": 18, ""COMPENSATION"": 18}","{""officers_count"": 12, ""sla_breaches"": 0, ""disputes_count"": 2, ""avg_days_per_stage"": 15.3, ""stage_complexity"": 0.397}"
1a711439-115d-4145-be04-24a145970791,PROJ-1134,2025-02-15T00:00:00+00:00,986.46,607.51,164,101,63,1,673985718.96,539188575.17,"{""SURVEY"": 18, ""VERIFICATION"": 18, ""OBJECTION"": 0, ""AWARD"": 12, ""COMPENSATION"": 12}","{""officers_count"": 10, ""sla_breaches"": 0, ""disputes_count"": 0, ""avg_days_per_stage"": 32.8, ""stage_complexity"": 0.4273}"
a52ec82d-6cff-49ba-b7a8-ee67b461ce7a,PROJ-1134,2025-03-02T00:00:00+00:00,986.46,787.97,164,131,32,0,1123309531.61,449323812.64,"{""SURVEY"": 9, ""VERIFICATION"": 9, ""OBJECTION"": 0, ""AWARD"": 6, ""COMPENSATION"": 6}","{""officers_count"": 6, ""sla_breaches"": 0, ""disputes_count"": 3, ""avg_days_per_stage"": 28.7, ""stage_complexity"": 0.4014}"
411761fe-fe3f-4597-b59a-43770bbc7af9,PROJ-1134,2025-03-17T00:00:00+00:00,986.46,926.31,164,154,10,0,1684964297.41,336992859.48,"{""SURVEY"": 3, ""VERIFICATION"": 3, ""OBJECTION"": 0, ""AWARD"": 2, ""COMPENSATION"": 2}","{""officers_count"": 11, ""sla_breaches"": 2, ""disputes_count"": 0, ""avg_days_per_stage"": 31.1, ""stage_complexity"": 0.2555}"
fe268aa5-325b-486c-a531-896a50ea9128,PROJ-1134,2025-04-01T00:00:00+00:00,986.46,986.46,164,164,0,0,2246619063.21,224661906.32,"{""SURVEY"": 0, ""VERIFICATION"": 0, ""OBJECTION"": 0, ""AWARD"": 0, ""COMPENSATION"": 0}","{""officers_count"": 10, ""sla_breaches"": 2, ""disputes_count"": 3, ""avg_days_per_stage"": 21.5, ""stage_complexity"": 0.2672}"
1748078d-7d72-42af-b7fb-c96c85423e02,PROJ-1134,2025-04-16T00:00:00+00:00,986.46,986.46,164,164,0,1,2246619063.21,224661906.32,"{""SURVEY"": 0, ""VERIFICATION"": 0, ""OBJECTION"": 0, ""AWARD"": 0, ""COMPENSATION"": 0}","{""officers_count"": 11, ""sla_breaches"": 1, ""disputes_count"": 0, ""avg_days_per_stage"": 30.6, ""stage_complexity"": 0.4321}"
84c4be8d-9539-44c4-8586-fb8f8833d07a,PROJ-1134,2025-05-01T00:00:00+00:00,986.46,986.46,164,164,0,0,2246619063.21,224661906.32,"{""SURVEY"": 0, ""VERIFICATION"": 0, ""OBJECTION"": 0, ""AWARD"": 0, ""COMPENSATION"": 0}","{""officers_count"": 11, ""sla_breaches"": 2, ""disputes_count"": 2, ""avg_days_per_stage"": 22.7, ""stage_complexity"": 0.403}"
8b9866f5-54c3-40ea-bfe8-853aa9b94af4,PROJ-1134,2025-05-16T00:00:00+00:00,986.46,986.46,164,164,0,0,2246619063.21,224661906.32,"{""SURVEY"": 0, ""VERIFICATION"": 0, ""OBJECTION"": 0, ""AWARD"": 0, ""COMPENSATION"": 0}","{""officers_count"": 9, ""sla_breaches"": 1, ""disputes_count"": 0, ""avg_days_per_stage"": 31.6, ""stage_complexity"": 0.3528}"
37a95bf6-9d7c-479f-b415-6e18c42c3601,PROJ-1134,2025-05-31T00:00:00+00:00,986.46,986.46,164,164,0,0,2246619063.21,224661906.32,"{""SURVEY"": 0, ""VERIFICATION"": 0, ""OBJECTION"": 0, ""AWARD"": 0, ""COMPENSATION"": 0}","{""officers_count"": 9, ""sla_breaches"": 2, ""disputes_count"": 1, ""avg_days_per_stage"": 24.1, ""stage_complexity"": 0.4475}"
a3c38c70-a84f-4bd3-9458-cfc3ff593f37,PROJ-1134,2025-06-15T00:00:00+00:00,986.46,986.46,164,164,0,0,2246619063.21,224661906.32,"{""SURVEY"": 0, ""VERIFICATION"": 0, ""OBJECTION"": 0, ""AWARD"": 0, ""COMPENSATION"": 0}","{""officers_count"": 6, ""sla_breaches"": 1, ""disputes_count"": 1, ""avg_days_per_stage"": 29.0, ""stage_complexity"": 0.256}"
99638164-25d9-41f7-a347-86cdb3cccdc9,PROJ-1134,2025-06-30T00:00:00+00:00,986.46,986.46,164,164,0,0,2246619063.21,224661906.32,"{""SURVEY"": 0, ""VERIFICATION"": 0, ""OBJECTION"": 0, ""AWARD"": 0, ""COMPENSATION"": 0}","{""officers_count"": 12, ""sla_breaches"": 0, ""disputes_count"": 1, ""avg_days_per_stage"": 30.2, ""stage_complexity"": 0.3852}"
bed6dbb0-c2a8-459e-bee7-e80d3fa24b34,PROJ-1134,2025-07-15T00:00:00+00:00,986.46,986.46,164,164,0,0,2246619063.21,224661906.32,"{""SURVEY"": 0, ""VERIFICATION"": 0, ""OBJECTION"": 0, ""AWARD"": 0, ""COMPENSATION"": 0}","{""officers_count"": 6, ""sla_breaches"": 0, ""disputes_count"": 3, ""avg_days_per_stage"": 21.2, ""stage_complexity"": 0.209}"
43ff7ee9-4ed4-4c01-8ec4-ea3907486f7d,PROJ-1134,2025-07-30T00:00:00+00:00,986.46,986.46,164,164,0,0,2246619063.21,224661906.32,"{""SURVEY"": 0, ""VERIFICATION"": 0, ""OBJECTION"": 0, ""AWARD"": 0, ""COMPENSATION"": 0}","{""officers_count"": 8, ""sla_breaches"": 2, ""disputes_count"": 1, ""avg_days_per_stage"": 28.3, ""stage_complexity"": 0.3251}"
f63692a4-187f-4336-80e9-35f478415eba,PROJ-1135,2025-01-01T00:00:00+00:00,599.88,15.05,279,7,263,9,160061839.34,1224351032.03,"{""SURVEY"": 78, ""VERIFICATION"": 78, ""OBJECTION"": 5, ""AWARD"": 52, ""COMPENSATION"": 52}","{""officers_count"": 4, ""sla_breaches"": 8, ""disputes_count"": 6, ""avg_days_per_stage"": 56.4, ""stage_complexity"": 0.8084}"
f8454f95-1e16-40d5-8696-49880d3e0bb1,PROJ-1135,2025-01-16T00:00:00+00:00,599.88,27.95,279,13,255,11,235636830.71,1229685322.16,"{""SURVEY"": 76, ""VERIFICATION"": 76, ""OBJECTION"": 6, ""AWARD"": 51, ""COMPENSATION"": 51}","{""officers_count"": 3, ""sla_breaches"": 6, ""disputes_count"": 3, ""avg_days_per_stage"": 98.8, ""stage_complexity"": 0.8887}"
9167015d-c9ea-42ae-b892-c1e0c87b33de,PROJ-1135,2025-01-31T00:00:00+00:00,599.88,45.15,279,21,244,14,116231429.54,1344156426.69,"{""SURVEY"": 73, ""VERIFICATION"": 73, ""OBJECTION"": 8, ""AWARD"": 48, ""COMPENSATION"": 48}","{""officers_count"": 4, ""sla_breaches"": 10, ""disputes_count"": 7, ""avg_days_per_stage"": 89.6, ""stage_complexity"": 0.8362}"
05507cbc-41d2-43b2-b9a9-2b20c4e71d2f,PROJ-1135,2025-02-15T00:00:00+00:00,599.88,49.45,279,23,237,19,129289976.97,1446035707.02,"{""SURVEY"": 71, ""VERIFICATION"": 71, ""OBJECTION"": 11, ""AWARD"": 47, ""COMPENSATION"": 47}","{""officers_count"": 3, ""sla_breaches"": 6, ""disputes_count"": 7, ""avg_days_per_stage"": 95.1, ""stage_complexity"": 0.7276}"
5cef500c-9200-4514-b47a-5c0ae4a01ae4,PROJ-1135,2025-03-02T00:00:00+00:00,599.88,60.2,279,28,227,24,371526582.05,1427282749.54,"{""SURVEY"": 68, ""VERIFICATION"": 68, ""OBJECTION"": 14, ""AWARD"": 45, ""COMPENSATION"": 45}","{""officers_count"": 6, ""sla_breaches"": 5, ""disputes_count"": 5, ""avg_days_per_stage"": 63.2, ""stage_complexity"": 0.8218}"
574923f4-0fcc-4192-9abc-abe4c35aa181,PROJ-1135,2025-03-17T00:00:00+00:00,599.88,75.25,279,35,214,30,265380654.21,1190998892.45,"{""SURVEY"": 64, ""VERIFICATION"": 64, ""OBJECTION"": 18, ""AWARD"": 42, ""COMPENSATION"": 42}","{""officers_count"": 6, ""sla_breaches"": 10, ""disputes_count"": 4, ""avg_days_per_stage"": 69.2, ""stage_complexity"": 0.7856}"
3b23624b-d5b8-4098-983e-867eaeae11b4,PROJ-1136,2025-01-01T00:00:00+00:00,257.18,2.8,459,5,442,12,101566087.1,396505138.95,"{""SURVEY"": 132, ""VERIFICATION"": 132, ""OBJECTION"": 7, ""AWARD"": 88, ""COMPENSATION"": 88}","{""officers_count"": 2, ""sla_breaches"": 11, ""disputes_count"": 16, ""avg_days_per_stage"": 114.8, ""stage_complexity"": 0.8146}"
a5b24a62-7771-4801-a164-a8e720035f62,PROJ-1136,2025-01-16T00:00:00+00:00,257.18,4.48,459,8,433,18,180558443.99,440397718.3,"{""SURVEY"": 129, ""VERIFICATION"": 129, ""OBJECTION"": 10, ""AWARD"": 86, ""COMPENSATION"": 86}","{""officers_count"": 2, ""sla_breaches"": 6, ""disputes_count"": 23, ""avg_days_per_stage"": 84.5, ""stage_complexity"": 0.7731}"
fdd4008d-905f-403e-9233-1fd070eba26d,PROJ-1136,2025-01-31T00:00:00+00:00,257.18,5.04,459,9,422,28,108878940.05,438045427.72,"{""SURVEY"": 126, ""VERIFICATION"": 126, ""OBJECTION"": 16, ""AWARD"": 84, ""COMPENSATION"": 84}","{""officers_count"": 2, ""sla_breaches"": 6, ""disputes_count"": 35, ""avg_days_per_stage"": 125.4, ""stage_complexity"": 0.9469}"
4e651cdf-85d9-4076-9936-65b952f0ce2e,PROJ-1136,2025-02-15T00:00:00+00:00,257.18,5.6,459,10,410,39,204676743.41,543981225.27,"{""SURVEY"": 123, ""VERIFICATION"": 123, ""OBJECTION"": 23, ""AWARD"": 82, ""COMPENSATION"": 82}","{""officers_count"": 2, ""sla_breaches"": 9, ""disputes_count"": 48, ""avg_days_per_stage"": 117.9, ""stage_complexity"": 0.9462}"
e2eb2e77-92ba-4c5e-b919-7a3bd6b1cd8d,PROJ-1136,2025-03-02T00:00:00+00:00,257.18,7.84,459,14,402,43,84276730.67,395395633.17,"{""SURVEY"": 120, ""VERIFICATION"": 120, ""OBJECTION"": 25, ""AWARD"": 80, ""COMPENSATION"": 80}","{""officers_count"": 2, ""sla_breaches"": 7, ""disputes_count"": 45, ""avg_days_per_stage"": 74.8, ""stage_complexity"": 0.8767}"
a5d55177-ab50-4488-85e7-0d5e52784be3,PROJ-1136,2025-03-17T00:00:00+00:00,257.18,11.21,459,20,385,54,78689838.81,536092019.0,"{""SURVEY"": 115, ""VERIFICATION"": 115, ""OBJECTION"": 32, ""AWARD"": 77, ""COMPENSATION"": 77}","{""officers_count"": 2, ""sla_breaches"": 11, ""disputes_count"": 61, ""avg_days_per_stage"": 82.9, ""stage_complexity"": 0.7605}"
5bf65dfd-2b25-46b4-9b22-878c9b0eed08,PROJ-1136,2025-04-01T00:00:00+00:00,257.18,13.45,459,24,375,60,195006701.52,524028899.94,"{""SURVEY"": 112, ""VERIFICATION"": 112, ""OBJECTION"": 36, ""AWARD"": 75, ""COMPENSATION"": 75}","{""officers_count"": 5, ""sla_breaches"": 6, ""disputes_count"": 70, ""avg_days_per_stage"": 110.1, ""stage_complexity"": 0.8705}"
b1bbf748-64b7-4db2-87c6-152893dfd8ac,PROJ-1136,2025-04-16T00:00:00+00:00,257.18,16.81,459,30,365,64,175137724.37,493322224.58,"{""SURVEY"": 109, ""VERIFICATION"": 109, ""OBJECTION"": 38, ""AWARD"": 73, ""COMPENSATION"": 73}","{""officers_count"": 4, ""sla_breaches"": 5, ""disputes_count"": 70, ""avg_days_per_stage"": 66.9, ""stage_complexity"": 0.824}"
e1a757c3-98b4-464a-baa8-4498f3c318a5,PROJ-1136,2025-05-01T00:00:00+00:00,257.18,19.05,459,34,351,74,170771600.92,457565859.05,"{""SURVEY"": 105, ""VERIFICATION"": 105, ""OBJECTION"": 44, ""AWARD"": 70, ""COMPENSATION"": 70}","{""officers_count"": 4, ""sla_breaches"": 7, ""disputes_count"": 84, ""avg_days_per_stage"": 95.6, ""stage_complexity"": 0.8324}"
5266e7b2-01b4-4dae-ab09-d77180417dd1,PROJ-1137,2025-01-01T00:00:00+00:00,825.44,69.59,344,29,314,2,0.0,1046910918.01,"{""SURVEY"": 94, ""VERIFICATION"": 94, ""OBJECTION"": 1, ""AWARD"": 62, ""COMPENSATION"": 62}","{""officers_count"": 9, ""sla_breaches"": 0, ""disputes_count"": 3, ""avg_days_per_stage"": 16.6, ""stage_complexity"": 0.2178}"
9aabaef4-c3cd-4379-bb29-f057601d2fe6,PROJ-1137,2025-01-16T00:00:00+00:00,825.44,139.17,344,58,284,2,174485153.0,1012013887.41,"{""SURVEY"": 85, ""VERIFICATION"": 85, ""OBJECTION"": 1, ""AWARD"": 56, ""COMPENSATION"": 56}","{""officers_count"": 6, ""sla_breaches"": 0, ""disputes_count"": 2, ""avg_days_per_stage"": 16.7, ""stage_complexity"": 0.2433}"
4dc7b807-8de4-46ea-9eb9-8457efdce0c8,PROJ-1137,2025-01-31T00:00:00+00:00,825.44,184.76,344,77,265,3,523455459.0,942219826.21,"{""SURVEY"": 79, ""VERIFICATION"": 79, ""OBJECTION"": 1, ""AWARD"": 53, ""COMPENSATION"": 53}","{""officers_count"": 8, ""sla_breaches"": 0, ""disputes_count"": 3, ""avg_days_per_stage"": 28.1, ""stage_complexity"": 0.2715}"
c5ebd49a-bbeb-40fd-bcc8-1a3ca7e7fce7,PROJ-1137,2025-02-15T00:00:00+00:00,825.44,208.76,344,87,254,1,1046910918.01,837528734.41,"{""SURVEY"": 76, ""VERIFICATION"": 76, ""OBJECTION"": 0, ""AWARD"": 50, ""COMPENSATION"": 50}","{""officers_count"": 12, ""sla_breaches"": 0, ""disputes_count"": 1, ""avg_days_per_stage"": 20.7, ""stage_complexity"": 0.4405}"
1451ace4-29a6-45ca-894e-bd4311f1e084,PROJ-1137,2025-03-02T00:00:00+00:00,825.44,247.15,344,103,240,1,1744851530.01,697940612.01,"{""SURVEY"": 72, ""VERIFICATION"": 72, ""OBJECTION"": 0, ""AWARD"": 48, ""COMPENSATION"": 48}","{""officers_count"": 5, ""sla_breaches"": 1, ""disputes_count"": 1, ""avg_days_per_stage"": 26.0, ""stage_complexity"": 0.3111}"
63cdebc2-ac7d-4951-857e-55a681764c3b,PROJ-1137,2025-03-17T00:00:00+00:00,825.44,309.54,344,129,214,1,2617277295.02,523455459.0,"{""SURVEY"": 64, ""VERIFICATION"": 64, ""OBJECTION"": 0, ""AWARD"": 42, ""COMPENSATION"": 42}","{""officers_count"": 7, ""sla_breaches"": 1, ""disputes_count"": 0, ""avg_days_per_stage"": 24.9, ""stage_complexity"": 0.2648}"
0ce152ea-f59d-4da2-bf9e-a49fc1af4789,PROJ-1137,2025-04-01T00:00:00+00:00,825.44,376.73,344,157,186,1,3489703060.03,348970306.0,"{""SURVEY"": 55, ""VERIFICATION"": 55, ""OBJECTION"": 0, ""AWARD"": 37, ""COMPENSATION"": 37}","{""officers_count"": 8, ""sla_breaches"": 2, ""disputes_count"": 1, ""avg_days_per_stage"": 25.7, ""stage_complexity"": 0.4322}"
a955cd58-ca5f-4cbb-9c79-29de4a66b67c,PROJ-1137,2025-04-16T00:00:00+00:00,825.44,427.12,344,178,165,0,3489703060.03,348970306.0,"{""SURVEY"": 49, ""VERIFICATION"": 49, ""OBJECTION"": 0, ""AWARD"": 33, ""COMPENSATION"": 33}","{""officers_count"": 11, ""sla_breaches"": 0, ""disputes_count"": 1, ""avg_days_per_stage"": 28.4, ""stage_complexity"": 0.3971}"
6707c5a9-9a84-4377-ba91-11c8cb9963b7,PROJ-1137,2025-05-01T00:00:00+00:00,825.44,472.71,344,197,147,0,3489703060.03,348970306.0,"{""SURVEY"": 44, ""VERIFICATION"": 44, ""OBJECTION"": 0, ""AWARD"": 29, ""COMPENSATION"": 29}","{""officers_count"": 5, ""sla_breaches"": 1, ""disputes_count"": 0, ""avg_days_per_stage"": 26.9, ""stage_complexity"": 0.4159}"
f626c2d0-2462-4c7f-8395-1f363b40432c,PROJ-1137,2025-05-16T00:00:00+00:00,825.44,499.1,344,208,136,0,3489703060.03,348970306.0,"{""SURVEY"": 40, ""VERIFICATION"": 40, ""OBJECTION"": 0, ""AWARD"": 27, ""COMPENSATION"": 27}","{""officers_count"": 7, ""sla_breaches"": 2, ""disputes_count"": 0, ""avg_days_per_stage"": 25.4, ""stage_complexity"": 0.2181}"
19899c6c-0d97-44f6-b97f-dfb83c51ee37,PROJ-1137,2025-05-31T00:00:00+00:00,825.44,537.5,344,224,120,0,3489703060.03,348970306.0,"{""SURVEY"": 36, ""VERIFICATION"": 36, ""OBJECTION"": 0, ""AWARD"": 24, ""COMPENSATION"": 24}","{""officers_count"": 8, ""sla_breaches"": 2, ""disputes_count"": 2, ""avg_days_per_stage"": 34.0, ""stage_complexity"": 0.4045}"
ce29df5c-a9f0-47d2-849c-e3a842cc024f,PROJ-1137,2025-06-15T00:00:00+00:00,825.44,604.68,344,252,92,0,3489703060.03,348970306.0,"{""SURVEY"": 27, ""VERIFICATION"": 27, ""OBJECTION"": 0, ""AWARD"": 18, ""COMPENSATION"": 18}","{""officers_count"": 7, ""sla_breaches"": 1, ""disputes_count"": 2, ""avg_days_per_stage"": 28.6, ""stage_complexity"": 0.3482}"
3782b1f9-766d-46c8-a94a-d28fd7475c87,PROJ-1138,2025-01-01T00:00:00+00:00,776.72,8.96,520,6,505,9,1146664022.35,3772406469.7,"{""SURVEY"": 151, ""VERIFICATION"": 151, ""OBJECTION"": 5, ""AWARD"": 101, ""COMPENSATION"": 101}","{""officers_count"": 5, ""sla_breaches"": 9, ""disputes_count"": 4, ""avg_days_per_stage"": 79.5, ""stage_complexity"": 0.7909}"
6afc593c-69f6-4864-ac22-be1a51bdb6ec,PROJ-1138,2025-01-16T00:00:00+00:00,776.72,20.91,520,14,495,11,638205146.21,3680187345.21,"{""SURVEY"": 148, ""VERIFICATION"": 148, ""OBJECTION"": 6, ""AWARD"": 99, ""COMPENSATION"": 99}","{""officers_count"": 4, ""sla_breaches"": 5, ""disputes_count"": 3, ""avg_days_per_stage"": 60.6, ""stage_complexity"": 0.7452}"
c5dcb638-57cc-4468-9485-7f501961f01b,PROJ-1138,2025-01-31T00:00:00+00:00,776.72,31.37,520,21,485,14,935424893.91,4033131463.61,"{""SURVEY"": 145, ""VERIFICATION"": 145, ""OBJECTION"": 8, ""AWARD"": 97, ""COMPENSATION"": 97}","{""officers_count"": 5, ""sla_breaches"": 5, ""disputes_count"": 3, ""avg_days_per_stage"": 99.6, ""stage_complexity"": 0.7494}"
b9838166-e466-416a-8793-3bb82d128989,PROJ-1138,2025-02-15T00:00:00+00:00,776.72,35.85,520,24,476,20,795653058.29,3645299470.77,"{""SURVEY"": 142, ""VERIFICATION"": 142, ""OBJECTION"": 12, ""AWARD"": 95, ""COMPENSATION"": 95}","{""officers_count"": 3, ""sla_breaches"": 8, ""disputes_count"": 4, ""avg_days_per_stage"": 72.4, ""stage_complexity"": 0.7427}"
a429dbba-44ad-405f-a5ac-f4b5c84f4458,PROJ-1138,2025-03-02T00:00:00+00:00,776.72,46.3,520,31,463,26,486146962.75,4184288553.16,"{""SURVEY"": 138, ""VERIFICATION"": 138, ""OBJECTION"": 15, ""AWARD"": 92, ""COMPENSATION"": 92}","{""officers_count"": 4, ""sla_breaches"": 10, ""disputes_count"": 3, ""avg_days_per_stage"": 95.3, ""stage_complexity"": 0.7128}"
292980f6-daee-4b2d-a64d-0f2fa8aceb7e,PROJ-1138,2025-03-17T00:00:00+00:00,776.72,56.76,520,38,453,29,610508678.06,3891299304.02,"{""SURVEY"": 135, ""VERIFICATION"": 135, ""OBJECTION"": 17, ""AWARD"": 90, ""COMPENSATION"": 90}","{""officers_count"": 6, ""sla_breaches"": 8, ""disputes_count"": 7, ""avg_days_per_stage"": 56.0, ""stage_complexity"": 0.7297}"
17119403-2ea6-43c2-a5b1-6d211238db28,PROJ-1138,2025-04-01T00:00:00+00:00,776.72,62.74,520,42,444,34,967029244.65,3328867834.31,"{""SURVEY"": 133, ""VERIFICATION"": 133, ""OBJECTION"": 20, ""AWARD"": 88, ""COMPENSATION"": 88}","{""officers_count"": 4, ""sla_breaches"": 7, ""disputes_count"": 6, ""avg_days_per_stage"": 88.7, ""stage_complexity"": 0.7953}"
5af0211c-1d0d-40fe-b12d-0360adf73ec2,PROJ-1138,2025-04-16T00:00:00+00:00,776.72,74.68,520,50,432,38,894251875.26,3199220470.47,"{""SURVEY"": 129, ""VERIFICATION"": 129, ""OBJECTION"": 22, ""AWARD"": 86, ""COMPENSATION"": 86}","{""officers_count"": 3, ""sla_breaches"": 6, ""disputes_count"": 5, ""avg_days_per_stage"": 55.2, ""stage_complexity"": 0.7558}"
dab748e4-aa56-4062-a588-1104f23a2798,PROJ-1138,2025-05-01T00:00:00+00:00,776.72,82.15,520,55,421,44,1114414564.22,3161321392.95,"{""SURVEY"": 126, ""VERIFICATION"": 126, ""OBJECTION"": 26, ""AWARD"": 84, ""COMPENSATION"": 84}","{""officers_count"": 5, ""sla_breaches"": 5, ""disputes_count"": 7, ""avg_days_per_stage"": 80.7, ""stage_complexity"": 0.8282}"
e4200e60-6f8f-4164-87aa-537e692b63cb,PROJ-1138,2025-05-16T00:00:00+00:00,776.72,92.61,520,62,410,48,1041971412.82,3623309202.54,"{""SURVEY"": 123, ""VERIFICATION"": 123, ""OBJECTION"": 28, ""AWARD"": 82, ""COMPENSATION"": 82}","{""officers_count"": 3, ""sla_breaches"": 8, ""disputes_count"": 5, ""avg_days_per_stage"": 68.4, ""stage_complexity"": 0.8196}"
27b6db9c-d3ff-4d31-9576-2e77a470f250,PROJ-1138,2025-05-31T00:00:00+00:00,776.72,101.57,520,68,401,51,506079601.49,3237694555.16,"{""SURVEY"": 120, ""VERIFICATION"": 120, ""OBJECTION"": 30, ""AWARD"": 80, ""COMPENSATION"": 80}","{""officers_count"": 4, ""sla_breaches"": 8, ""disputes_count"": 4, ""avg_days_per_stage"": 102.7, ""stage_complexity"": 0.7944}"
0f43c0e7-d924-4d1b-9a71-78bc49dd69a5,PROJ-1138,2025-06-15T00:00:00+00:00,776.72,106.05,520,71,395,54,1017075089.62,4226431586.97,"{""SURVEY"": 118, ""VERIFICATION"": 118, ""OBJECTION"": 32, ""AWARD"": 79, ""COMPENSATION"": 79}","{""officers_count"": 3, ""sla_breaches"": 7, ""disputes_count"": 6, ""avg_days_per_stage"": 91.6, ""stage_complexity"": 0.711}"
cf618863-e6f6-4400-9fe6-0eadcdf5eed7,PROJ-1139,2025-01-01T00:00:00+00:00,1067.36,39.73,403,15,383,4,0.0,1379607157.54,"{""SURVEY"": 114, ""VERIFICATION"": 114, ""OBJECTION"": 2, ""AWARD"": 76, ""COMPENSATION"": 76}","{""officers_count"": 5, ""sla_breaches"": 0, ""disputes_count"": 2, ""avg_days_per_stage"": 18.3, ""stage_complexity"": 0.4371}"
40ba2c2e-67e4-4414-8b21-fe94faa2b81b,PROJ-1139,2025-01-16T00:00:00+00:00,1067.36,79.46,403,30,369,2,229934526.26,1333620252.29,"{""SURVEY"": 110, ""VERIFICATION"": 110, ""OBJECTION"": 1, ""AWARD"": 73, ""COMPENSATION"": 73}","{""officers_count"": 5, ""sla_breaches"": 2, ""disputes_count"": 1, ""avg_days_per_stage"": 19.5, ""stage_complexity"": 0.3967}"
cbe20ba2-b1f6-4186-b3d9-1baf36aa28d8,PROJ-1139,2025-01-31T00:00:00+00:00,1067.36,150.97,403,57,344,0,689803578.77,1241646441.78,"{""SURVEY"": 103, ""VERIFICATION"": 103, ""OBJECTION"": 0, ""AWARD"": 68, ""COMPENSATION"": 68}","{""officers_count"": 11, ""sla_breaches"": 0, ""disputes_count"": 1, ""avg_days_per_stage"": 32.3, ""stage_complexity"": 0.446}"
62b35b8a-7118-492d-9f39-db3de553b35c,PROJ-1139,2025-02-15T00:00:00+00:00,1067.36,193.34,403,73,330,1,1379607157.54,1103685726.03,"{""SURVEY"": 99, ""VERIFICATION"": 99, ""OBJECTION"": 0, ""AWARD"": 66, ""COMPENSATION"": 66}","{""officers_count"": 9, ""sla_breaches"": 0, ""disputes_count"": 2, ""avg_days_per_stage"": 28.2, ""stage_complexity"": 0.2304}"
d540b7f9-8fae-4720-9508-203d6b82cdb2,PROJ-1139,2025-03-02T00:00:00+00:00,1067.36,225.13,403,85,317,2,2299345262.56,919738105.03,"{""SURVEY"": 95, ""VERIFICATION"": 95, ""OBJECTION"": 1, ""AWARD"": 63, ""COMPENSATION"": 63}","{""officers_count"": 7, ""sla_breaches"": 1, ""disputes_count"": 2, ""avg_days_per_stage"": 19.1, ""stage_complexity"": 0.3831}"
945f2b5b-8d48-488a-ba6b-4910c7b5b54e,PROJ-1139,2025-03-17T00:00:00+00:00,1067.36,299.28,403,113,288,0,3449017893.84,689803578.77,"{""SURVEY"": 86, ""VERIFICATION"": 86, ""OBJECTION"": 0, ""AWARD"": 57, ""COMPENSATION"": 57}","{""officers_count"": 6, ""sla_breaches"": 1, ""disputes_count"": 2, ""avg_days_per_stage"": 29.8, ""stage_complexity"": 0.3886}"
33331eba-cf1a-45dc-85c2-9b062ffd57eb,PROJ-1139,2025-04-01T00:00:00+00:00,1067.36,370.8,403,140,263,1,4598690525.13,459869052.51,"{""SURVEY"": 78, ""VERIFICATION"": 78, ""OBJECTION"": 0, ""AWARD"": 52, ""COMPENSATION"": 52}","{""officers_count"": 5, ""sla_breaches"": 2, ""disputes_count"": 0, ""avg_days_per_stage"": 26.6, ""stage_complexity"": 0.3091}"
1024669f-fa14-4257-84fb-c942f8bc3f69,PROJ-1139,2025-04-16T00:00:00+00:00,1067.36,444.95,403,168,234,1,4598690525.13,459869052.51,"{""SURVEY"": 70, ""VERIFICATION"": 70, ""OBJECTION"": 0, ""AWARD"": 46, ""COMPENSATION"": 46}","{""officers_count"": 9, ""sla_breaches"": 1, ""disputes_count"": 2, ""avg_days_per_stage"": 32.7, ""stage_complexity"": 0.3592}"
f6787811-bb52-4699-afd4-283c18f0182d,PROJ-1139,2025-05-01T00:00:00+00:00,1067.36,529.71,403,200,202,1,4598690525.13,459869052.51,"{""SURVEY"": 60, ""VERIFICATION"": 60, ""OBJECTION"": 0, ""AWARD"": 40, ""COMPENSATION"": 40}","{""officers_count"": 12, ""sla_breaches"": 1, ""disputes_count"": 0, ""avg_days_per_stage"": 17.9, ""stage_complexity"": 0.3689}"
8934d737-484f-4676-ab0f-0cd0465986fb,PROJ-1140,2025-01-01T00:00:00+00:00,412.2,1.86,666,3,660,3,301354533.24,1142881467.45,"{""SURVEY"": 198, ""VERIFICATION"": 198, ""OBJECTION"": 1, ""AWARD"": 132, ""COMPENSATION"": 132}","{""officers_count"": 3, ""sla_breaches"": 6, ""disputes_count"": 3, ""avg_days_per_stage"": 88.4, ""stage_complexity"": 0.7837}"
ce555461-491b-4209-b1cd-018dcbb6ae16,PROJ-1140,2025-01-16T00:00:00+00:00,412.2,4.33,666,7,651,8,229887106.28,928907933.09,"{""SURVEY"": 195, ""VERIFICATION"": 195, ""OBJECTION"": 4, ""AWARD"": 130, ""COMPENSATION"": 130}","{""officers_count"": 5, ""sla_breaches"": 8, ""disputes_count"": 4, ""avg_days_per_stage"": 95.9, ""stage_complexity"": 0.8134}"
d4c4d477-f22c-4b5d-b138-3cdd31a644af,PROJ-1140,2025-01-31T00:00:00+00:00,412.2,6.81,666,11,644,11,304712513.21,874642699.31,"{""SURVEY"": 193, ""VERIFICATION"": 193, ""OBJECTION"": 6, ""AWARD"": 128, ""COMPENSATION"": 128}","{""officers_count"": 6, ""sla_breaches"": 10, ""disputes_count"": 3, ""avg_days_per_stage"": 55.0, ""stage_complexity"": 0.8129}"
b0eda407-c3ad-4a2d-893d-a290e671eb23,PROJ-1140,2025-02-15T00:00:00+00:00,412.2,9.28,666,15,634,17,316945420.11,1042639253.32,"{""SURVEY"": 190, ""VERIFICATION"": 190, ""OBJECTION"": 10, ""AWARD"": 126, ""COMPENSATION"": 126}","{""officers_count"": 4, ""sla_breaches"": 7, ""disputes_count"": 8, ""avg_days_per_stage"": 60.7, ""stage_complexity"": 0.7092}"
bb9ea797-bd66-42d3-b247-3faabdfb4679,PROJ-1140,2025-03-02T00:00:00+00:00,412.2,11.14,666,18,625,23,262409611.79,956028946.11,"{""SURVEY"": 187, ""VERIFICATION"": 187, ""OBJECTION"": 13, ""AWARD"": 125, ""COMPENSATION"": 125}","{""officers_count"": 4, ""sla_breaches"": 9, ""disputes_count"": 3, ""avg_days_per_stage"": 55.3, ""stage_complexity"": 0.7437}"
0a562fc9-0ed9-438c-9c16-8e0bfeaa8dc7,PROJ-1140,2025-03-17T00:00:00+00:00,412.2,13.0,666,21,620,25,299862966.99,1195685476.23,"{""SURVEY"": 186, ""VERIFICATION"": 186, ""OBJECTION"": 15, ""AWARD"": 124, ""COMPENSATION"": 124}","{""officers_count"": 4, ""sla_breaches"": 8, ""disputes_count"": 5, ""avg_days_per_stage"": 62.8, ""stage_complexity"": 0.8005}"
8e1841a9-1c77-49e3-b39e-71a6c10b97ef,PROJ-1140,2025-04-01T00:00:00+00:00,412.2,16.09,666,26,610,30,130654231.07,1095489510.65,"{""SURVEY"": 183, ""VERIFICATION"": 183, ""OBJECTION"": 18, ""AWARD"": 122, ""COMPENSATION"": 122}","{""officers_count"": 5, ""sla_breaches"": 10, ""disputes_count"": 5, ""avg_days_per_stage"": 89.8, ""stage_complexity"": 0.7762}"
8c2fa911-b05e-446c-a7f4-e3e85323f528,PROJ-1140,2025-04-16T00:00:00+00:00,412.2,17.33,666,28,606,32,79593806.41,944781267.34,"{""SURVEY"": 181, ""VERIFICATION"": 181, ""OBJECTION"": 19, ""AWARD"": 121, ""COMPENSATION"": 121}","{""officers_count"": 3, ""sla_breaches"": 9, ""disputes_count"": 4, ""avg_days_per_stage"": 59.5, ""stage_complexity"": 0.8403}"
5181c07c-e1a0-4058-af98-ec3e68dde169,PROJ-1140,2025-05-01T00:00:00+00:00,412.2,21.66,666,35,596,35,314845385.75,1175023359.26,"{""SURVEY"": 178, ""VERIFICATION"": 178, ""OBJECTION"": 21, ""AWARD"": 119, ""COMPENSATION"": 119}","{""officers_count"": 4, ""sla_breaches"": 8, ""disputes_count"": 5, ""avg_days_per_stage"": 99.3, ""stage_complexity"": 0.7129}"
a4de9c2b-cfc3-4505-a598-981b4bb5326f,PROJ-1140,2025-05-16T00:00:00+00:00,412.2,22.9,666,37,591,38,159930986.27,1183439938.49,"{""SURVEY"": 177, ""VERIFICATION"": 177, ""OBJECTION"": 22, ""AWARD"": 118, ""COMPENSATION"": 118}","{""officers_count"": 4, ""sla_breaches"": 5, ""disputes_count"": 4, ""avg_days_per_stage"": 89.6, ""stage_complexity"": 0.8055}"
55f14da9-74f6-4b1e-a188-490db9f4bb8b,PROJ-1140,2025-05-31T00:00:00+00:00,412.2,24.76,666,40,585,41,305889883.13,1013325438.98,"{""SURVEY"": 175, ""VERIFICATION"": 175, ""OBJECTION"": 24, ""AWARD"": 117, ""COMPENSATION"": 117}","{""officers_count"": 5, ""sla_breaches"": 8, ""disputes_count"": 5, ""avg_days_per_stage"": 108.4, ""stage_complexity"": 0.722}"
55d0bac3-0a4b-419d-82f7-40557e8fe547,PROJ-1140,2025-06-15T00:00:00+00:00,412.2,27.85,666,45,575,46,206534388.2,921310392.95,"{""SURVEY"": 172, ""VERIFICATION"": 172, ""OBJECTION"": 27, ""AWARD"": 115, ""COMPENSATION"": 115}","{""officers_count"": 6, ""sla_breaches"": 9, ""disputes_count"": 3, ""avg_days_per_stage"": 106.2, ""stage_complexity"": 0.7322}"
950977ef-0f4d-41d2-9350-fc31fcc10de9,PROJ-1140,2025-06-30T00:00:00+00:00,412.2,32.18,666,52,565,49,325500560.53,1074672483.9,"{""SURVEY"": 169, ""VERIFICATION"": 169, ""OBJECTION"": 29, ""AWARD"": 113, ""COMPENSATION"": 113}","{""officers_count"": 5, ""sla_breaches"": 10, ""disputes_count"": 5, ""avg_days_per_stage"": 64.2, ""stage_complexity"": 0.8506}"
d7c53292-4538-4bd6-a1a2-74add9f153cd,PROJ-1140,2025-07-15T00:00:00+00:00,412.2,36.52,666,59,552,55,214453319.05,1116673088.77,"{""SURVEY"": 165, ""VERIFICATION"": 165, ""OBJECTION"": 33, ""AWARD"": 110, ""COMPENSATION"": 110}","{""officers_count"": 4, ""sla_breaches"": 6, ""disputes_count"": 8, ""avg_days_per_stage"": 75.5, ""stage_complexity"": 0.8707}"
9c059326-e776-42dc-9bd1-364ef741363d,PROJ-1140,2025-07-30T00:00:00+00:00,412.2,40.23,666,65,541,60,282625863.82,928351576.37,"{""SURVEY"": 162, ""VERIFICATION"": 162, ""OBJECTION"": 36, ""AWARD"": 108, ""COMPENSATION"": 108}","{""officers_count"": 6, ""sla_breaches"": 9, ""disputes_count"": 7, ""avg_days_per_stage"": 106.7, ""stage_complexity"": 0.7176}"
68b21399-566b-4d90-9235-14f9a7a91363,PROJ-1140,2025-08-14T00:00:00+00:00,412.2,41.47,666,67,534,65,251616638.87,906511333.98,"{""SURVEY"": 160, ""VERIFICATION"": 160, ""OBJECTION"": 39, ""AWARD"": 106, ""COMPENSATION"": 106}","{""officers_count"": 6, ""sla_breaches"": 8, ""disputes_count"": 8, ""avg_days_per_stage"": 69.5, ""stage_complexity"": 0.7928}"
4656ce50-cdaf-4f70-83ef-884ee3e40a72,PROJ-1141,2025-01-01T00:00:00+00:00,1029.96,30.64,437,13,420,4,1355543985.48,2953031208.23,"{""SURVEY"": 126, ""VERIFICATION"": 126, ""OBJECTION"": 2, ""AWARD"": 84, ""COMPENSATION"": 84}","{""officers_count"": 4, ""sla_breaches"": 5, ""disputes_count"": 4, ""avg_days_per_stage"": 58.5, ""stage_complexity"": 0.4689}"
14343511-e6ce-4bd7-b863-76217b6ef363,PROJ-1141,2025-01-16T00:00:00+00:00,1029.96,47.14,437,20,410,7,2351999747.76,1902060661.2,"{""SURVEY"": 123, ""VERIFICATION"": 123, ""OBJECTION"": 4, ""AWARD"": 82, ""COMPENSATION"": 82}","{""officers_count"": 5, ""sla_breaches"": 4, ""disputes_count"": 5, ""avg_days_per_stage"": 63.3, ""stage_complexity"": 0.6402}"
68e6ffaf-05d3-40b6-9910-ce56e9fc77e2,PROJ-1141,2025-01-31T00:00:00+00:00,1029.96,75.42,437,32,397,8,2210981808.88,1974868408.87,"{""SURVEY"": 119, ""VERIFICATION"": 119, ""OBJECTION"": 4, ""AWARD"": 79, ""COMPENSATION"": 79}","{""officers_count"": 4, ""sla_breaches"": 3, ""disputes_count"": 2, ""avg_days_per_stage"": 40.2, ""stage_complexity"": 0.5304}"
f73c29a4-de41-4aa1-ba74-158c9a5337fa,PROJ-1141,2025-02-15T00:00:00+00:00,1029.96,91.92,437,39,388,10,2030508755.25,2152959528.5,"{""SURVEY"": 116, ""VERIFICATION"": 116, ""OBJECTION"": 6, ""AWARD"": 77, ""COMPENSATION"": 77}","{""officers_count"": 6, ""sla_breaches"": 5, ""disputes_count"": 2, ""avg_days_per_stage"": 57.6, ""stage_complexity"": 0.5074}"
96f2a4ee-ad63-477c-a724-86d1cbbcb018,PROJ-1141,2025-03-02T00:00:00+00:00,1029.96,120.2,437,51,376,10,2270084601.79,2165758135.55,"{""SURVEY"": 112, ""VERIFICATION"": 112, ""OBJECTION"": 6, ""AWARD"": 75, ""COMPENSATION"": 75}","{""officers_count"": 3, ""sla_breaches"": 3, ""disputes_count"": 5, ""avg_days_per_stage"": 41.3, ""stage_complexity"": 0.4454}"
33135eeb-d697-403f-a8ab-67a9fd49a2a6,PROJ-1141,2025-03-17T00:00:00+00:00,1029.96,131.99,437,56,372,9,1263888287.38,2269647871.76,"{""SURVEY"": 111, ""VERIFICATION"": 111, ""OBJECTION"": 5, ""AWARD"": 74, ""COMPENSATION"": 74}","{""officers_count"": 3, ""sla_breaches"": 4, ""disputes_count"": 7, ""avg_days_per_stage"": 36.2, ""stage_complexity"": 0.5525}"
d195ddd6-a24e-4328-a7fe-5c351b259cfd,PROJ-1141,2025-04-01T00:00:00+00:00,1029.96,143.77,437,61,368,8,2338972954.85,1667895670.92,"{""SURVEY"": 110, ""VERIFICATION"": 110, ""OBJECTION"": 4, ""AWARD"": 73, ""COMPENSATION"": 73}","{""officers_count"": 5, ""sla_breaches"": 3, ""disputes_count"": 3, ""avg_days_per_stage"": 51.0, ""stage_complexity"": 0.5737}"
012c1b8e-b8c7-43e8-b925-96011fc112dd,PROJ-1141,2025-04-16T00:00:00+00:00,1029.96,162.63,437,69,358,10,1939318483.02,2692220242.75,"{""SURVEY"": 107, ""VERIFICATION"": 107, ""OBJECTION"": 6, ""AWARD"": 71, ""COMPENSATION"": 71}","{""officers_count"": 6, ""sla_breaches"": 4, ""disputes_count"": 2, ""avg_days_per_stage"": 45.2, ""stage_complexity"": 0.5248}"
1d2b65fa-aa0c-4707-8975-43c666d2df23,PROJ-1141,2025-05-01T00:00:00+00:00,1029.96,190.91,437,81,347,9,1018031220.18,2323313628.05,"{""SURVEY"": 104, ""VERIFICATION"": 104, ""OBJECTION"": 5, ""AWARD"": 69, ""COMPENSATION"": 69}","{""officers_count"": 6, ""sla_breaches"": 4, ""disputes_count"": 6, ""avg_days_per_stage"": 47.2, ""stage_complexity"": 0.4416}"
09f710ed-47af-4b2a-9e74-c358f44c39c6,PROJ-1141,2025-05-16T00:00:00+00:00,1029.96,214.48,437,91,337,9,1940101339.36,1525608651.08,"{""SURVEY"": 101, ""VERIFICATION"": 101, ""OBJECTION"": 5, ""AWARD"": 67, ""COMPENSATION"": 67}","{""officers_count"": 5, ""sla_breaches"": 4, ""disputes_count"": 5, ""avg_days_per_stage"": 44.3, ""stage_complexity"": 0.6758}"
5a5b4143-9e09-47d2-a22f-c85850403b38,PROJ-1141,2025-05-31T00:00:00+00:00,1029.96,228.62,437,97,330,10,2030036754.15,1921516130.14,"{""SURVEY"": 99, ""VERIFICATION"": 99, ""OBJECTION"": 6, ""AWARD"": 66, ""COMPENSATION"": 66}","{""officers_count"": 3, ""sla_breaches"": 5, ""disputes_count"": 5, ""avg_days_per_stage"": 43.1, ""stage_complexity"": 0.6219}"
ac797bcc-abe1-4393-8646-809c7c6c6755,PROJ-1141,2025-06-15T00:00:00+00:00,1029.96,263.97,437,112,312,13,2190442271.97,2840895383.47,"{""SURVEY"": 93, ""VERIFICATION"": 93, ""OBJECTION"": 7, ""AWARD"": 62, ""COMPENSATION"": 62}","{""officers_count"": 4, ""sla_breaches"": 5, ""disputes_count"": 6, ""avg_days_per_stage"": 41.2, ""stage_complexity"": 0.6077}"
59693b25-deb6-4b6f-bccc-37bc53a9c118,PROJ-1142,2025-01-01T00:00:00+00:00,135.63,2.92,93,2,77,14,115840614.51,373162751.76,"{""SURVEY"": 23, ""VERIFICATION"": 23, ""OBJECTION"": 8, ""AWARD"": 15, ""COMPENSATION"": 15}","{""officers_count"": 2, ""sla_breaches"": 8, ""disputes_count"": 24, ""avg_days_per_stage"": 107.4, ""stage_complexity"": 0.8313}"
f6ab7e18-35ea-45b4-9d43-0165cdeaa3dc,PROJ-1142,2025-01-16T00:00:00+00:00,135.63,11.67,93,8,63,22,118672297.67,438472914.21,"{""SURVEY"": 18, ""VERIFICATION"": 18, ""OBJECTION"": 13, ""AWARD"": 12, ""COMPENSATION"": 12}","{""officers_count"": 3, ""sla_breaches"": 6, ""disputes_count"": 26, ""avg_days_per_stage"": 126.0, ""stage_complexity"": 0.9176}"
d1846fb7-7d06-4d31-b6f5-c9dccabb5ede,PROJ-1142,2025-01-31T00:00:00+00:00,135.63,20.42,93,14,50,29,94440562.32,440811760.49,"{""SURVEY"": 15, ""VERIFICATION"": 15, ""OBJECTION"": 17, ""AWARD"": 10, ""COMPENSATION"": 10}","{""officers_count"": 2, ""sla_breaches"": 5, ""disputes_count"": 32, ""avg_days_per_stage"": 70.2, ""stage_complexity"": 0.8312}"
5389666f-bf95-4e3c-9cef-a53c5a81a96e,PROJ-1142,2025-02-15T00:00:00+00:00,135.63,23.33,93,16,38,39,97721674.51,442906085.24,"{""SURVEY"": 11, ""VERIFICATION"": 11, ""OBJECTION"": 23, ""AWARD"": 7, ""COMPENSATION"": 7}","{""officers_count"": 4, ""sla_breaches"": 8, ""disputes_count"": 44, ""avg_days_per_stage"": 103.8, ""stage_complexity"": 0.7644}"
14d10830-e458-48ae-baed-042415bac876,PROJ-1142,2025-03-02T00:00:00+00:00,135.63,26.25,93,18,32,43,147665212.72,462946766.03,"{""SURVEY"": 9, ""VERIFICATION"": 9, ""OBJECTION"": 25, ""AWARD"": 6, ""COMPENSATION"": 6}","{""officers_count"": 5, ""sla_breaches"": 11, ""disputes_count"": 48, ""avg_days_per_stage"": 77.2, ""stage_complexity"": 0.9372}"
bd922512-9a0e-4398-8466-be5d2c6c7f4e,PROJ-1142,2025-03-17T00:00:00+00:00,135.63,32.08,93,22,25,46,214602382.82,539224203.43,"{""SURVEY"": 7, ""VERIFICATION"": 7, ""OBJECTION"": 27, ""AWARD"": 5, ""COMPENSATION"": 5}","{""officers_count"": 3, ""sla_breaches"": 6, ""disputes_count"": 48, ""avg_days_per_stage"": 101.8, ""stage_complexity"": 0.8632}"
066d4ebb-8e49-479a-96da-64c21c36cdf7,PROJ-1142,2025-04-01T00:00:00+00:00,135.63,37.92,93,26,21,46,201853245.89,419355238.23,"{""SURVEY"": 6, ""VERIFICATION"": 6, ""OBJECTION"": 27, ""AWARD"": 4, ""COMPENSATION"": 4}","{""officers_count"": 3, ""sla_breaches"": 4, ""disputes_count"": 56, ""avg_days_per_stage"": 81.3, ""stage_complexity"": 0.8749}"
9fdaab8f-50e7-4cd0-b8c7-fd5806bc5152,PROJ-1142,2025-04-16T00:00:00+00:00,135.63,42.29,93,29,18,46,108702195.65,401525648.48,"{""SURVEY"": 5, ""VERIFICATION"": 5, ""OBJECTION"": 27, ""AWARD"": 3, ""COMPENSATION"": 3}","{""officers_count"": 2, ""sla_breaches"": 6, ""disputes_count"": 51, ""avg_days_per_stage"": 136.1, ""stage_complexity"": 0.7602}"
a6014f01-27ef-4ede-8019-f5e774c52221,PROJ-1142,2025-05-01T00:00:00+00:00,135.63,43.75,93,30,17,46,166628603.73,560113295.81,"{""SURVEY"": 5, ""VERIFICATION"": 5, ""OBJECTION"": 27, ""AWARD"": 3, ""COMPENSATION"": 3}","{""officers_count"": 5, ""sla_breaches"": 11, ""disputes_count"": 50, ""avg_days_per_stage"": 80.8, ""stage_complexity"": 0.8506}"
8c1a5826-a36c-4079-be50-6a9de6f61d82,PROJ-1142,2025-05-16T00:00:00+00:00,135.63,46.67,93,32,15,46,180344092.69,602953643.16,"{""SURVEY"": 4, ""VERIFICATION"": 4, ""OBJECTION"": 27, ""AWARD"": 3, ""COMPENSATION"": 3}","{""officers_count"": 2, ""sla_breaches"": 4, ""disputes_count"": 55, ""avg_days_per_stage"": 82.4, ""stage_complexity"": 0.8124}"
d865177b-dfe4-4f20-ab44-37d2897e2962,PROJ-1142,2025-05-31T00:00:00+00:00,135.63,53.96,93,37,10,46,190356163.53,318178954.19,"{""SURVEY"": 3, ""VERIFICATION"": 3, ""OBJECTION"": 27, ""AWARD"": 2, ""COMPENSATION"": 2}","{""officers_count"": 4, ""sla_breaches"": 9, ""disputes_count"": 54, ""avg_days_per_stage"": 128.7, ""stage_complexity"": 0.8624}"
e46ddce8-e6a9-4acd-bfa2-2dc7708dba7d,PROJ-1142,2025-06-15T00:00:00+00:00,135.63,62.71,93,43,4,46,86118568.44,345791297.13,"{""SURVEY"": 1, ""VERIFICATION"": 1, ""OBJECTION"": 27, ""AWARD"": 0, ""COMPENSATION"": 0}","{""officers_count"": 5, ""sla_breaches"": 11, ""disputes_count"": 55, ""avg_days_per_stage"": 85.1, ""stage_complexity"": 0.8755}"
39de5491-83ab-4931-a58d-3561b2e79a4d,PROJ-1142,2025-06-30T00:00:00+00:00,135.63,64.17,93,44,3,46,158626237.18,480936835.18,"{""SURVEY"": 0, ""VERIFICATION"": 0, ""OBJECTION"": 27, ""AWARD"": 0, ""COMPENSATION"": 0}","{""officers_count"": 5, ""sla_breaches"": 11, ""disputes_count"": 52, ""avg_days_per_stage"": 122.4, ""stage_complexity"": 0.8994}"
07f8488d-88d6-4f39-9f35-64cb4cae9167,PROJ-1142,2025-07-15T00:00:00+00:00,135.63,67.09,93,46,1,46,209479133.09,523828240.93,"{""SURVEY"": 0, ""VERIFICATION"": 0, ""OBJECTION"": 27, ""AWARD"": 0, ""COMPENSATION"": 0}","{""officers_count"": 4, ""sla_breaches"": 11, ""disputes_count"": 48, ""avg_days_per_stage"": 71.8, ""stage_complexity"": 0.8534}"
e328b99f-dc4e-438a-a91d-61b4aab818c8,PROJ-1142,2025-07-30T00:00:00+00:00,135.63,68.54,93,47,0,46,160125627.92,485386639.2,"{""SURVEY"": 0, ""VERIFICATION"": 0, ""OBJECTION"": 27, ""AWARD"": 0, ""COMPENSATION"": 0}","{""officers_count"": 5, ""sla_breaches"": 9, ""disputes_count"": 51, ""avg_days_per_stage"": 87.4, ""stage_complexity"": 0.8588}"
a24b3c7a-f30a-42c8-b1d9-f1a22f5684f5,PROJ-1142,2025-08-14T00:00:00+00:00,135.63,77.29,93,53,0,46,85360960.2,442482664.98,"{""SURVEY"": 0, ""VERIFICATION"": 0, ""OBJECTION"": 27, ""AWARD"": 0, ""COMPENSATION"": 0}","{""officers_count"": 4, ""sla_breaches"": 4, ""disputes_count"": 49, ""avg_days_per_stage"": 134.5, ""stage_complexity"": 0.7762}"
a5e9dd27-6ccb-49f7-8fce-af5c110fb03f,PROJ-1143,2025-01-01T00:00:00+00:00,146.66,7.52,312,16,294,1,0.0,151822595.11,"{""SURVEY"": 88, ""VERIFICATION"": 88, ""OBJECTION"": 0, ""AWARD"": 58, ""COMPENSATION"": 58}","{""officers_count"": 6, ""sla_breaches"": 1, ""disputes_count"": 3, ""avg_days_per_stage"": 25.4, ""stage_complexity"": 0.248}"
5544f0f5-9149-47b7-a595-703b40d56ac5,PROJ-1143,2025-01-16T00:00:00+00:00,146.66,18.33,312,39,272,0,25303765.85,146761841.94,"{""SURVEY"": 81, ""VERIFICATION"": 81, ""OBJECTION"": 0, ""AWARD"": 54, ""COMPENSATION"": 54}","{""officers_count"": 11, ""sla_breaches"": 1, ""disputes_count"": 0, ""avg_days_per_stage"": 23.0, ""stage_complexity"": 0.4434}"
e7fbe4bc-cfe4-44e6-9f94-41e000fb1f7f,PROJ-1143,2025-01-31T00:00:00+00:00,146.66,34.78,312,74,238,0,75911297.56,136640335.6,"{""SURVEY"": 71, ""VERIFICATION"": 71, ""OBJECTION"": 0, ""AWARD"": 47, ""COMPENSATION"": 47}","{""officers_count"": 11, ""sla_breaches"": 1, ""disputes_count"": 3, ""avg_days_per_stage"": 27.6, ""stage_complexity"": 0.2151}"
5e5acb6e-1890-48d6-9cf9-549849020638,PROJ-1143,2025-02-15T00:00:00+00:00,146.66,50.3,312,107,205,1,151822595.11,121458076.09,"{""SURVEY"": 61, ""VERIFICATION"": 61, ""OBJECTION"": 0, ""AWARD"": 41, ""COMPENSATION"": 41}","{""officers_count"": 7, ""sla_breaches"": 0, ""disputes_count"": 2, ""avg_days_per_stage"": 17.9, ""stage_complexity"": 0.3648}"
8cf0ea14-5e36-4c4d-bd7a-58792588c471,PROJ-1143,2025-03-02T00:00:00+00:00,146.66,65.81,312,140,171,2,253037658.52,101215063.41,"{""SURVEY"": 51, ""VERIFICATION"": 51, ""OBJECTION"": 1, ""AWARD"": 34, ""COMPENSATION"": 34}","{""officers_count"": 12, ""sla_breaches"": 2, ""disputes_count"": 2, ""avg_days_per_stage"": 19.3, ""stage_complexity"": 0.3881}"
8752d4f7-5b1a-44ca-9c8b-7edcd155ab18,PROJ-1143,2025-03-17T00:00:00+00:00,146.66,72.39,312,154,156,2,379556487.78,75911297.56,"{""SURVEY"": 46, ""VERIFICATION"": 46, ""OBJECTION"": 1, ""AWARD"": 31, ""COMPENSATION"": 31}","{""officers_count"": 10, ""sla_breaches"": 2, ""disputes_count"": 0, ""avg_days_per_stage"": 21.9, ""stage_complexity"": 0.2351}"
03b56805-5c3a-4f4a-af9a-346c516f7f01,PROJ-1143,2025-04-01T00:00:00+00:00,146.66,88.37,312,188,122,1,506075317.04,50607531.7,"{""SURVEY"": 36, ""VERIFICATION"": 36, ""OBJECTION"": 0, ""AWARD"": 24, ""COMPENSATION"": 24}","{""officers_count"": 5, ""sla_breaches"": 0, ""disputes_count"": 2, ""avg_days_per_stage"": 26.5, ""stage_complexity"": 0.4177}"
a6fdd7d6-bde3-42fe-81e3-7200ea787d21,PROJ-1143,2025-04-16T00:00:00+00:00,146.66,103.41,312,220,91,0,506075317.04,50607531.7,"{""SURVEY"": 27, ""VERIFICATION"": 27, ""OBJECTION"": 0, ""AWARD"": 18, ""COMPENSATION"": 18}","{""officers_count"": 9, ""sla_breaches"": 1, ""disputes_count"": 1, ""avg_days_per_stage"": 15.2, ""stage_complexity"": 0.3716}"
836d4104-af1a-4228-acaa-861ec41a33dc,PROJ-1143,2025-05-01T00:00:00+00:00,146.66,118.93,312,253,59,0,506075317.04,50607531.7,"{""SURVEY"": 17, ""VERIFICATION"": 17, ""OBJECTION"": 0, ""AWARD"": 11, ""COMPENSATION"": 11}","{""officers_count"": 7, ""sla_breaches"": 1, ""disputes_count"": 3, ""avg_days_per_stage"": 26.7, ""stage_complexity"": 0.433}"
f6690082-153e-416a-98d7-5886396ae8bc,PROJ-1143,2025-05-16T00:00:00+00:00,146.66,126.92,312,270,42,0,506075317.04,50607531.7,"{""SURVEY"": 12, ""VERIFICATION"": 12, ""OBJECTION"": 0, ""AWARD"": 8, ""COMPENSATION"": 8}","{""officers_count"": 11, ""sla_breaches"": 2, ""disputes_count"": 0, ""avg_days_per_stage"": 26.1, ""stage_complexity"": 0.2302}"
6c838a76-1be4-4b93-b849-cedf914ffaa7,PROJ-1143,2025-05-31T00:00:00+00:00,146.66,137.26,312,292,20,0,506075317.04,50607531.7,"{""SURVEY"": 6, ""VERIFICATION"": 6, ""OBJECTION"": 0, ""AWARD"": 4, ""COMPENSATION"": 4}","{""officers_count"": 9, ""sla_breaches"": 1, ""disputes_count"": 0, ""avg_days_per_stage"": 33.5, ""stage_complexity"": 0.4286}"
d47387ca-a1d2-465b-8409-425e4025ce37,PROJ-1144,2025-01-01T00:00:00+00:00,685.21,3.2,642,3,635,5,759302694.71,2685782827.51,"{""SURVEY"": 190, ""VERIFICATION"": 190, ""OBJECTION"": 3, ""AWARD"": 127, ""COMPENSATION"": 127}","{""officers_count"": 2, ""sla_breaches"": 11, ""disputes_count"": 6, ""avg_days_per_stage"": 122.7, ""stage_complexity"": 0.6795}"
f57cdf73-3bb7-465b-a685-fe6ebdf70f8b,PROJ-1144,2025-01-16T00:00:00+00:00,685.21,3.2,642,3,634,9,549294092.99,2753732810.39,"{""SURVEY"": 190, ""VERIFICATION"": 190, ""OBJECTION"": 5, ""AWARD"": 126, ""COMPENSATION"": 126}","{""officers_count"": 1, ""sla_breaches"": 12, ""disputes_count"": 2, ""avg_days_per_stage"": 77.3, ""stage_complexity"": 0.6556}"
e72cc490-3283-4173-9b6f-fd1b316c48b1,PROJ-1144,2025-01-31T00:00:00+00:00,685.21,4.27,642,4,629,10,572402109.65,2657809750.43,"{""SURVEY"": 188, ""VERIFICATION"": 188, ""OBJECTION"": 6, ""AWARD"": 125, ""COMPENSATION"": 125}","{""officers_count"": 1, ""sla_breaches"": 7, ""disputes_count"": 3, ""avg_days_per_stage"": 103.8, ""stage_complexity"": 0.7091}"
1bd9761d-5638-4eb5-aab4-a74c32747cfb,PROJ-1144,2025-02-15T00:00:00+00:00,685.21,4.27,642,4,628,13,826556380.19,1968271500.58,"{""SURVEY"": 188, ""VERIFICATION"": 188, ""OBJECTION"": 7, ""AWARD"": 125, ""COMPENSATION"": 125}","{""officers_count"": 2, ""sla_breaches"": 12, ""disputes_count"": 5, ""avg_days_per_stage"": 110.9, ""stage_complexity"": 0.6964}"
ee0b64ba-1ede-4a67-84f0-8797ee88e5c7,PROJ-1144,2025-03-02T00:00:00+00:00,685.21,7.47,642,7,622,14,596044516.71,1910389465.49,"{""SURVEY"": 186, ""VERIFICATION"": 186, ""OBJECTION"": 8, ""AWARD"": 124, ""COMPENSATION"": 124}","{""officers_count"": 2, ""sla_breaches"": 9, ""disputes_count"": 5, ""avg_days_per_stage"": 144.1, ""stage_complexity"": 0.6835}"
a0b206f2-06cf-4104-a595-71e9835a3449,PROJ-1144,2025-03-17T00:00:00+00:00,685.21,8.54,642,8,620,16,677033132.85,2037218045.55,"{""SURVEY"": 186, ""VERIFICATION"": 186, ""OBJECTION"": 9, ""AWARD"": 124, ""COMPENSATION"": 124}","{""officers_count"": 2, ""sla_breaches"": 8, ""disputes_count"": 5, ""avg_days_per_stage"": 116.5, ""stage_complexity"": 0.6193}"
941c2216-6c62-452c-8017-9dca982dbc91,PROJ-1144,2025-04-01T00:00:00+00:00,685.21,8.54,642,8,618,18,722090981.06,2027479494.15,"{""SURVEY"": 185, ""VERIFICATION"": 185, ""OBJECTION"": 10, ""AWARD"": 123, ""COMPENSATION"": 123}","{""officers_count"": 1, ""sla_breaches"": 11, ""disputes_count"": 5, ""avg_days_per_stage"": 89.4, ""stage_complexity"": 0.6666}"
6e2f32cb-3d33-41a4-bb20-5e2abd2cbe72,PROJ-1144,2025-04-16T00:00:00+00:00,685.21,9.61,642,9,615,20,912089246.91,2493709881.1,"{""SURVEY"": 184, ""VERIFICATION"": 184, ""OBJECTION"": 12, ""AWARD"": 123, ""COMPENSATION"": 123}","{""officers_count"": 1, ""sla_breaches"": 9, ""disputes_count"": 2, ""avg_days_per_stage"": 116.5, ""stage_complexity"": 0.78}"
b3877c56-706a-49d7-8982-f9f2dd3d8286,PROJ-1144,2025-05-01T00:00:00+00:00,685.21,10.67,642,10,612,21,406986418.25,2340454337.36,"{""SURVEY"": 183, ""VERIFICATION"": 183, ""OBJECTION"": 12, ""AWARD"": 122, ""COMPENSATION"": 122}","{""officers_count"": 1, ""sla_breaches"": 6, ""disputes_count"": 6, ""avg_days_per_stage"": 125.5, ""stage_complexity"": 0.8}"
087bfe1e-46f7-4f22-970b-0f45d0f74942,PROJ-1144,2025-05-16T00:00:00+00:00,685.21,13.87,642,13,608,23,809865066.83,1989148063.75,"{""SURVEY"": 182, ""VERIFICATION"": 182, ""OBJECTION"": 13, ""AWARD"": 121, ""COMPENSATION"": 121}","{""officers_count"": 2, ""sla_breaches"": 11, ""disputes_count"": 2, ""avg_days_per_stage"": 119.9, ""stage_complexity"": 0.7976}"
615b5261-0059-496f-a990-5285820cafe7,PROJ-1144,2025-05-31T00:00:00+00:00,685.21,16.01,642,15,604,26,1070260227.08,2559914239.59,"{""SURVEY"": 181, ""VERIFICATION"": 181, ""OBJECTION"": 15, ""AWARD"": 120, ""COMPENSATION"": 120}","{""officers_count"": 1, ""sla_breaches"": 7, ""disputes_count"": 3, ""avg_days_per_stage"": 134.8, ""stage_complexity"": 0.7374}"
ff7bbfbb-367f-42ab-90b8-bf38cd7165da,PROJ-1144,2025-06-15T00:00:00+00:00,685.21,16.01,642,15,601,28,1108630960.8,1977383920.98,"{""SURVEY"": 180, ""VERIFICATION"": 180, ""OBJECTION"": 16, ""AWARD"": 120, ""COMPENSATION"": 120}","{""officers_count"": 2, ""sla_breaches"": 9, ""disputes_count"": 3, ""avg_days_per_stage"": 112.9, ""stage_complexity"": 0.7384}"
d9866440-ce36-48bd-aab5-61ad6e53e202,PROJ-1144,2025-06-30T00:00:00+00:00,685.21,19.21,642,18,596,32,601698130.75,2103193832.39,"{""SURVEY"": 178, ""VERIFICATION"": 178, ""OBJECTION"": 19, ""AWARD"": 119, ""COMPENSATION"": 119}","{""officers_count"": 1, ""sla_breaches"": 10, ""disputes_count"": 5, ""avg_days_per_stage"": 118.8, ""stage_complexity"": 0.6082}"
0b5e3e07-1922-4e06-afb5-c14497fb9c92,PROJ-1144,2025-07-15T00:00:00+00:00,685.21,23.48,642,22,588,33,483406840.6,1910602380.11,"{""SURVEY"": 176, ""VERIFICATION"": 176, ""OBJECTION"": 19, ""AWARD"": 117, ""COMPENSATION"": 117}","{""officers_count"": 2, ""sla_breaches"": 8, ""disputes_count"": 3, ""avg_days_per_stage"": 113.0, ""stage_complexity"": 0.7104}"
2b5271c8-7e97-4242-b86d-6a5bb9019897,PROJ-1145,2025-01-01T00:00:00+00:00,888.61,119.48,238,32,202,5,0.0,1095780755.59,"{""SURVEY"": 60, ""VERIFICATION"": 60, ""OBJECTION"": 3, ""AWARD"": 40, ""COMPENSATION"": 40}","{""officers_count"": 10, ""sla_breaches"": 1, ""disputes_count"": 1, ""avg_days_per_stage"": 19.4, ""stage_complexity"": 0.3467}"
f82163e2-907b-4568-8c55-c9d05f3ca188,PROJ-1145,2025-01-16T00:00:00+00:00,888.61,235.22,238,63,170,3,182630125.93,1059254730.4,"{""SURVEY"": 51, ""VERIFICATION"": 51, ""OBJECTION"": 1, ""AWARD"": 34, ""COMPENSATION"": 34}","{""officers_count"": 12, ""sla_breaches"": 1, ""disputes_count"": 0, ""avg_days_per_stage"": 34.2, ""stage_complexity"": 0.3749}"
1e733be5-3141-48d4-a7ea-62ef22f865a6,PROJ-1145,2025-01-31T00:00:00+00:00,888.61,294.96,238,79,156,3,547890377.79,986202680.03,"{""SURVEY"": 46, ""VERIFICATION"": 46, ""OBJECTION"": 1, ""AWARD"": 31, ""COMPENSATION"": 31}","{""officers_count"": 5, ""sla_breaches"": 0, ""disputes_count"": 2, ""avg_days_per_stage"": 24.0, ""stage_complexity"": 0.4157}"
acd90d6e-c545-44ac-b1f8-1fcd78c5f2fd,PROJ-1145,2025-02-15T00:00:00+00:00,888.61,403.23,238,108,127,1,1095780755.59,876624604.47,"{""SURVEY"": 38, ""VERIFICATION"": 38, ""OBJECTION"": 0, ""AWARD"": 25, ""COMPENSATION"": 25}","{""officers_count"": 9, ""sla_breaches"": 2, ""disputes_count"": 3, ""avg_days_per_stage"": 24.0, ""stage_complexity"": 0.3866}"
5fa331a3-fc4b-4f9b-ac96-4b480add47d5,PROJ-1145,2025-03-02T00:00:00+00:00,888.61,470.44,238,126,111,0,1826301259.31,730520503.72,"{""SURVEY"": 33, ""VERIFICATION"": 33, ""OBJECTION"": 0, ""AWARD"": 22, ""COMPENSATION"": 22}","{""officers_count"": 6, ""sla_breaches"": 1, ""disputes_count"": 3, ""avg_days_per_stage"": 30.3, ""stage_complexity"": 0.4264}"
60fa6217-8e8a-4cb1-8493-0295b9a5436b,PROJ-1145,2025-03-17T00:00:00+00:00,888.61,589.92,238,158,80,1,2739451888.97,547890377.79,"{""SURVEY"": 24, ""VERIFICATION"": 24, ""OBJECTION"": 0, ""AWARD"": 16, ""COMPENSATION"": 16}","{""officers_count"": 11, ""sla_breaches"": 1, ""disputes_count"": 0, ""avg_days_per_stage"": 15.8, ""stage_complexity"": 0.3275}"
1c1f6860-6dbd-4bdf-8f3b-5466a93817c3,PROJ-1145,2025-04-01T00:00:00+00:00,888.61,649.66,238,174,63,1,3652602518.62,365260251.86,"{""SURVEY"": 18, ""VERIFICATION"": 18, ""OBJECTION"": 0, ""AWARD"": 12, ""COMPENSATION"": 12}","{""officers_count"": 7, ""sla_breaches"": 1, ""disputes_count"": 0, ""avg_days_per_stage"": 25.1, ""stage_complexity"": 0.3445}"
19a4b3bc-a85b-45f7-a94b-67c236a47d7e,PROJ-1145,2025-04-16T00:00:00+00:00,888.61,731.8,238,196,41,0,3652602518.62,365260251.86,"{""SURVEY"": 12, ""VERIFICATION"": 12, ""OBJECTION"": 0, ""AWARD"": 8, ""COMPENSATION"": 8}","{""officers_count"": 11, ""sla_breaches"": 0, ""disputes_count"": 0, ""avg_days_per_stage"": 27.6, ""stage_complexity"": 0.3503}"
025166b8-cc66-4779-a44b-212ecae32641,PROJ-1145,2025-05-01T00:00:00+00:00,888.61,776.6,238,208,30,0,3652602518.62,365260251.86,"{""SURVEY"": 9, ""VERIFICATION"": 9, ""OBJECTION"": 0, ""AWARD"": 6, ""COMPENSATION"": 6}","{""officers_count"": 5, ""sla_breaches"": 0, ""disputes_count"": 0, ""avg_days_per_stage"": 27.2, ""stage_complexity"": 0.3887}"
96e7c7d4-3259-4679-a22b-5eb67fb843f6,PROJ-1145,2025-05-16T00:00:00+00:00,888.61,888.61,238,238,0,0,3652602518.62,365260251.86,"{""SURVEY"": 0, ""VERIFICATION"": 0, ""OBJECTION"": 0, ""AWARD"": 0, ""COMPENSATION"": 0}","{""officers_count"": 8, ""sla_breaches"": 1, ""disputes_count"": 1, ""avg_days_per_stage"": 24.0, ""stage_complexity"": 0.4065}"
e8404060-365d-4dd4-a7d8-c5c78d927a8d,PROJ-1145,2025-05-31T00:00:00+00:00,888.61,888.61,238,238,0,1,3652602518.62,365260251.86,"{""SURVEY"": 0, ""VERIFICATION"": 0, ""OBJECTION"": 0, ""AWARD"": 0, ""COMPENSATION"": 0}","{""officers_count"": 8, ""sla_breaches"": 2, ""disputes_count"": 1, ""avg_days_per_stage"": 19.4, ""stage_complexity"": 0.2381}"
49750e62-257e-4a70-a7c2-5734216e2070,PROJ-1145,2025-06-15T00:00:00+00:00,888.61,888.61,238,238,0,1,3652602518.62,365260251.86,"{""SURVEY"": 0, ""VERIFICATION"": 0, ""OBJECTION"": 0, ""AWARD"": 0, ""COMPENSATION"": 0}","{""officers_count"": 9, ""sla_breaches"": 0, ""disputes_count"": 1, ""avg_days_per_stage"": 31.9, ""stage_complexity"": 0.4189}"
093f3587-799e-45c5-829a-de461f35ebcc,PROJ-1145,2025-06-30T00:00:00+00:00,888.61,888.61,238,238,0,1,3652602518.62,365260251.86,"{""SURVEY"": 0, ""VERIFICATION"": 0, ""OBJECTION"": 0, ""AWARD"": 0, ""COMPENSATION"": 0}","{""officers_count"": 7, ""sla_breaches"": 2, ""disputes_count"": 0, ""avg_days_per_stage"": 33.4, ""stage_complexity"": 0.2378}"
dc051b44-6203-4b9b-a363-54179126c32f,PROJ-1145,2025-07-15T00:00:00+00:00,888.61,888.61,238,238,0,0,3652602518.62,365260251.86,"{""SURVEY"": 0, ""VERIFICATION"": 0, ""OBJECTION"": 0, ""AWARD"": 0, ""COMPENSATION"": 0}","{""officers_count"": 7, ""sla_breaches"": 1, ""disputes_count"": 3, ""avg_days_per_stage"": 19.8, ""stage_complexity"": 0.222}"
4b8f2241-1988-475a-8db7-96d3029f5f9f,PROJ-1145,2025-07-30T00:00:00+00:00,888.61,888.61,238,238,0,1,3652602518.62,365260251.86,"{""SURVEY"": 0, ""VERIFICATION"": 0, ""OBJECTION"": 0, ""AWARD"": 0, ""COMPENSATION"": 0}","{""officers_count"": 12, ""sla_breaches"": 2, ""disputes_count"": 1, ""avg_days_per_stage"": 25.0, ""stage_complexity"": 0.214}"
2d13a396-58e9-4194-bdb0-6a607c25ff1e,PROJ-1145,2025-08-14T00:00:00+00:00,888.61,888.61,238,238,0,0,3652602518.62,365260251.86,"{""SURVEY"": 0, ""VERIFICATION"": 0, ""OBJECTION"": 0, ""AWARD"": 0, ""COMPENSATION"": 0}","{""officers_count"": 12, ""sla_breaches"": 0, ""disputes_count"": 1, ""avg_days_per_stage"": 15.4, ""stage_complexity"": 0.3012}"
082a40e7-36f8-4b1f-8ed3-66a5d8a6e41b,PROJ-1146,2025-01-01T00:00:00+00:00,282.78,15.33,166,9,151,6,216280099.88,332501708.71,"{""SURVEY"": 45, ""VERIFICATION"": 45, ""OBJECTION"": 3, ""AWARD"": 30, ""COMPENSATION"": 30}","{""officers_count"": 4, ""sla_breaches"": 5, ""disputes_count"": 2, ""avg_days_per_stage"": 57.3, ""stage_complexity"": 0.5443}"
468c1e2f-954a-4b26-9731-942a832d862c,PROJ-1146,2025-01-16T00:00:00+00:00,282.78,34.07,166,20,140,6,181314520.79,183448699.63,"{""SURVEY"": 42, ""VERIFICATION"": 42, ""OBJECTION"": 3, ""AWARD"": 28, ""COMPENSATION"": 28}","{""officers_count"": 3, ""sla_breaches"": 4, ""disputes_count"": 3, ""avg_days_per_stage"": 53.9, ""stage_complexity"": 0.6095}"
8d5e2f02-5b5a-4870-851e-8520659934d7,PROJ-1146,2025-01-31T00:00:00+00:00,282.78,44.29,166,26,131,9,270003316.89,298748107.49,"{""SURVEY"": 39, ""VERIFICATION"": 39, ""OBJECTION"": 5, ""AWARD"": 26, ""COMPENSATION"": 26}","{""officers_count"": 4, ""sla_breaches"": 2, ""disputes_count"": 3, ""avg_days_per_stage"": 57.7, ""stage_complexity"": 0.6701}"
21c41719-f57e-411b-9148-61ea65552204,PROJ-1146,2025-02-15T00:00:00+00:00,282.78,59.62,166,35,120,11,121908954.63,215556135.27,"{""SURVEY"": 36, ""VERIFICATION"": 36, ""OBJECTION"": 6, ""AWARD"": 24, ""COMPENSATION"": 24}","{""officers_count"": 6, ""sla_breaches"": 3, ""disputes_count"": 7, ""avg_days_per_stage"": 59.1, ""stage_complexity"": 0.6659}"
1b015d5a-2d95-4b41-976f-bd9b86e4bd5b,PROJ-1146,2025-03-02T00:00:00+00:00,282.78,76.66,166,45,110,11,185375874.63,284427470.25,"{""SURVEY"": 33, ""VERIFICATION"": 33, ""OBJECTION"": 6, ""AWARD"": 22, ""COMPENSATION"": 22}","{""officers_count"": 5, ""sla_breaches"": 2, ""disputes_count"": 7, ""avg_days_per_stage"": 39.4, ""stage_complexity"": 0.547}"
d5d99c29-832c-4336-be0a-5c7082603c2a,PROJ-1146,2025-03-17T00:00:00+00:00,282.78,88.58,166,52,100,14,134341124.0,234922194.08,"{""SURVEY"": 30, ""VERIFICATION"": 30, ""OBJECTION"": 8, ""AWARD"": 20, ""COMPENSATION"": 20}","{""officers_count"": 6, ""sla_breaches"": 4, ""disputes_count"": 3, ""avg_days_per_stage"": 59.4, ""stage_complexity"": 0.4182}"
ea1c6373-e481-4950-b044-2e33fcf4813d,PROJ-1146,2025-04-01T00:00:00+00:00,282.78,98.8,166,58,93,15,126495032.91,330587616.47,"{""SURVEY"": 27, ""VERIFICATION"": 27, ""OBJECTION"": 9, ""AWARD"": 18, ""COMPENSATION"": 18}","{""officers_count"": 6, ""sla_breaches"": 4, ""disputes_count"": 7, ""avg_days_per_stage"": 52.6, ""stage_complexity"": 0.6514}"
cf9c6065-5049-4c55-ac20-b8f4ca7af44d,PROJ-1146,2025-04-16T00:00:00+00:00,282.78,110.73,166,65,86,15,228372544.46,254494908.06,"{""SURVEY"": 25, ""VERIFICATION"": 25, ""OBJECTION"": 9, ""AWARD"": 17, ""COMPENSATION"": 17}","{""officers_count"": 3, ""sla_breaches"": 4, ""disputes_count"": 3, ""avg_days_per_stage"": 42.8, ""stage_complexity"": 0.6144}"
5f965c40-604c-4837-b719-578d8fa4a5f0,PROJ-1146,2025-05-01T00:00:00+00:00,282.78,122.65,166,72,79,15,278563936.7,263652743.25,"{""SURVEY"": 23, ""VERIFICATION"": 23, ""OBJECTION"": 9, ""AWARD"": 15, ""COMPENSATION"": 15}","{""officers_count"": 4, ""sla_breaches"": 4, ""disputes_count"": 3, ""avg_days_per_stage"": 45.1, ""stage_complexity"": 0.6887}"
a0a5fa05-13f9-46e4-955c-cf9ccccc0635,PROJ-1146,2025-05-16T00:00:00+00:00,282.78,146.5,166,86,65,15,159702608.41,293527067.0,"{""SURVEY"": 19, ""VERIFICATION"": 19, ""OBJECTION"": 9, ""AWARD"": 13, ""COMPENSATION"": 13}","{""officers_count"": 6, ""sla_breaches"": 3, ""disputes_count"": 7, ""avg_days_per_stage"": 61.3, ""stage_complexity"": 0.4244}"
c0bfab13-7067-4dca-85a0-ffcc5dc1db2e,PROJ-1146,2025-05-31T00:00:00+00:00,282.78,166.94,166,98,54,14,280642720.51,312645128.1,"{""SURVEY"": 16, ""VERIFICATION"": 16, ""OBJECTION"": 8, ""AWARD"": 10, ""COMPENSATION"": 10}","{""officers_count"": 5, ""sla_breaches"": 2, ""disputes_count"": 5, ""avg_days_per_stage"": 37.9, ""stage_complexity"": 0.6681}"
59226a26-f53b-41f9-b0ba-91afb5756fef,PROJ-1146,2025-06-15T00:00:00+00:00,282.78,185.68,166,109,41,16,157481939.31,271917485.36,"{""SURVEY"": 12, ""VERIFICATION"": 12, ""OBJECTION"": 9, ""AWARD"": 8, ""COMPENSATION"": 8}","{""officers_count"": 3, ""sla_breaches"": 4, ""disputes_count"": 3, ""avg_days_per_stage"": 38.8, ""stage_complexity"": 0.6334}"
79a01fc3-a52d-488a-9799-36b1cde197a4,PROJ-1146,2025-06-30T00:00:00+00:00,282.78,202.72,166,119,29,18,247347379.74,206484134.65,"{""SURVEY"": 8, ""VERIFICATION"": 8, ""OBJECTION"": 10, ""AWARD"": 5, ""COMPENSATION"": 5}","{""officers_count"": 4, ""sla_breaches"": 2, ""disputes_count"": 2, ""avg_days_per_stage"": 63.7, ""stage_complexity"": 0.5524}"
edc03705-205d-4110-a523-eeb2ef598703,PROJ-1146,2025-07-15T00:00:00+00:00,282.78,219.75,166,129,19,18,166379954.32,274859120.37,"{""SURVEY"": 5, ""VERIFICATION"": 5, ""OBJECTION"": 10, ""AWARD"": 3, ""COMPENSATION"": 3}","{""officers_count"": 5, ""sla_breaches"": 2, ""disputes_count"": 5, ""avg_days_per_stage"": 44.9, ""stage_complexity"": 0.4364}"
88303e7f-e821-438e-8241-ef268993cf2b,PROJ-1146,2025-07-30T00:00:00+00:00,282.78,233.38,166,137,8,21,126009771.36,212374681.29,"{""SURVEY"": 2, ""VERIFICATION"": 2, ""OBJECTION"": 12, ""AWARD"": 1, ""COMPENSATION"": 1}","{""officers_count"": 5, ""sla_breaches"": 5, ""disputes_count"": 4, ""avg_days_per_stage"": 35.2, ""stage_complexity"": 0.5202}"
c3a1084d-8385-4249-80af-a2e67f300cd1,PROJ-1147,2025-01-01T00:00:00+00:00,768.89,69.41,288,26,258,2,0.0,756835109.49,"{""SURVEY"": 77, ""VERIFICATION"": 77, ""OBJECTION"": 1, ""AWARD"": 51, ""COMPENSATION"": 51}","{""officers_count"": 12, ""sla_breaches"": 1, ""disputes_count"": 2, ""avg_days_per_stage"": 23.7, ""stage_complexity"": 0.4264}"
d43c2888-5efb-4459-b52d-91508688eee6,PROJ-1147,2025-01-16T00:00:00+00:00,768.89,149.51,288,56,230,0,126139184.92,731607272.51,"{""SURVEY"": 69, ""VERIFICATION"": 69, ""OBJECTION"": 0, ""AWARD"": 46, ""COMPENSATION"": 46}","{""officers_count"": 5, ""sla_breaches"": 1, ""disputes_count"": 0, ""avg_days_per_stage"": 25.5, ""stage_complexity"": 0.3124}"
acb06da9-3650-45be-b15f-f555c77b2834,PROJ-1147,2025-01-31T00:00:00+00:00,768.89,237.61,288,89,199,0,378417554.75,681151598.54,"{""SURVEY"": 59, ""VERIFICATION"": 59, ""OBJECTION"": 0, ""AWARD"": 39, ""COMPENSATION"": 39}","{""officers_count"": 6, ""sla_breaches"": 1, ""disputes_count"": 2, ""avg_days_per_stage"": 18.9, ""stage_complexity"": 0.3422}"
e2890338-8cfe-4365-962c-7623c696758d,PROJ-1147,2025-02-15T00:00:00+00:00,768.89,317.7,288,119,169,0,756835109.49,605468087.59,"{""SURVEY"": 50, ""VERIFICATION"": 50, ""OBJECTION"": 0, ""AWARD"": 33, ""COMPENSATION"": 33}","{""officers_count"": 11, ""sla_breaches"": 1, ""disputes_count"": 1, ""avg_days_per_stage"": 27.4, ""stage_complexity"": 0.4102}"
4b160ba8-e8dd-45a2-8d72-47c60bfa6241,PROJ-1147,2025-03-02T00:00:00+00:00,768.89,397.79,288,149,139,0,1261391849.15,504556739.66,"{""SURVEY"": 41, ""VERIFICATION"": 41, ""OBJECTION"": 0, ""AWARD"": 27, ""COMPENSATION"": 27}","{""officers_count"": 6, ""sla_breaches"": 0, ""disputes_count"": 3, ""avg_days_per_stage"": 28.6, ""stage_complexity"": 0.2303}"
a4e14dc2-a9bb-4e3f-ab38-3db372793982,PROJ-1147,2025-03-17T00:00:00+00:00,768.89,456.53,288,171,117,0,1892087773.73,378417554.75,"{""SURVEY"": 35, ""VERIFICATION"": 35, ""OBJECTION"": 0, ""AWARD"": 23, ""COMPENSATION"": 23}","{""officers_count"": 6, ""sla_breaches"": 0, ""disputes_count"": 3, ""avg_days_per_stage"": 28.8, ""stage_complexity"": 0.3324}"
c0fd4cd6-0de8-4eac-b300-ffb07320c882,PROJ-1147,2025-04-01T00:00:00+00:00,768.89,520.6,288,195,93,0,2522783698.3,252278369.83,"{""SURVEY"": 27, ""VERIFICATION"": 27, ""OBJECTION"": 0, ""AWARD"": 18, ""COMPENSATION"": 18}","{""officers_count"": 7, ""sla_breaches"": 0, ""disputes_count"": 2, ""avg_days_per_stage"": 18.5, ""stage_complexity"": 0.2912}"
e96309ff-e2fc-46f9-95a6-a32d7f41ead8,PROJ-1148,2025-01-01T00:00:00+00:00,487.81,12.15,522,13,506,3,0.0,498960759.84,"{""SURVEY"": 151, ""VERIFICATION"": 151, ""OBJECTION"": 1, ""AWARD"": 101, ""COMPENSATION"": 101}","{""officers_count"": 11, ""sla_breaches"": 1, ""disputes_count"": 1, ""avg_days_per_stage"": 19.5, ""stage_complexity"": 0.2036}"
a76b6298-1b3a-47f6-8e5b-2b0484657d75,PROJ-1148,2025-01-16T00:00:00+00:00,487.81,38.31,522,41,478,1,83160126.64,482328734.51,"{""SURVEY"": 143, ""VERIFICATION"": 143, ""OBJECTION"": 0, ""AWARD"": 95, ""COMPENSATION"": 95}","{""officers_count"": 9, ""sla_breaches"": 2, ""disputes_count"": 0, ""avg_days_per_stage"": 27.0, ""stage_complexity"": 0.3396}"
8716ac5d-71d8-4309-8955-c9e21020e2e7,PROJ-1148,2025-01-31T00:00:00+00:00,487.81,48.59,522,52,469,2,249480379.92,449064683.85,"{""SURVEY"": 140, ""VERIFICATION"": 140, ""OBJECTION"": 1, ""AWARD"": 93, ""COMPENSATION"": 93}","{""officers_count"": 12, ""sla_breaches"": 1, ""disputes_count"": 2, ""avg_days_per_stage"": 30.6, ""stage_complexity"": 0.2364}"
9cdc861a-bfcf-472a-b61c-5656f0676dd7,PROJ-1149,2025-01-01T00:00:00+00:00,311.31,7.38,675,16,659,0,0.0,272775091.2,"{""SURVEY"": 197, ""VERIFICATION"": 197, ""OBJECTION"": 0, ""AWARD"": 131, ""COMPENSATION"": 131}","{""officers_count"": 7, ""sla_breaches"": 1, ""disputes_count"": 1, ""avg_days_per_stage"": 18.1, ""stage_complexity"": 0.3464}"
a26322c0-44f4-4d36-89b7-cbca8702294b,PROJ-1149,2025-01-16T00:00:00+00:00,311.31,14.76,675,32,643,0,45462515.2,263682588.16,"{""SURVEY"": 192, ""VERIFICATION"": 192, ""OBJECTION"": 0, ""AWARD"": 128, ""COMPENSATION"": 128}","{""officers_count"": 12, ""sla_breaches"": 2, ""disputes_count"": 1, ""avg_days_per_stage"": 17.1, ""stage_complexity"": 0.2369}"
50dec1b0-5093-4331-811e-f3a96d1ec016,PROJ-1149,2025-01-31T00:00:00+00:00,311.31,23.98,675,52,623,0,136387545.6,245497582.08,"{""SURVEY"": 186, ""VERIFICATION"": 186, ""OBJECTION"": 0, ""AWARD"": 124, ""COMPENSATION"": 124}","{""officers_count"": 10, ""sla_breaches"": 1, ""disputes_count"": 3, ""avg_days_per_stage"": 21.9, ""stage_complexity"": 0.323}"
8f19fa04-c76c-42d4-909d-addf6eac769d,PROJ-1149,2025-02-15T00:00:00+00:00,311.31,35.05,675,76,599,0,272775091.2,218220072.96,"{""SURVEY"": 179, ""VERIFICATION"": 179, ""OBJECTION"": 0, ""AWARD"": 119, ""COMPENSATION"": 119}","{""officers_count"": 5, ""sla_breaches"": 1, ""disputes_count"": 2, ""avg_days_per_stage"": 21.2, ""stage_complexity"": 0.3451}"
9f832fbb-de75-4aed-8335-766997faeb2d,PROJ-1149,2025-03-02T00:00:00+00:00,311.31,47.04,675,102,573,0,454625151.99,181850060.8,"{""SURVEY"": 171, ""VERIFICATION"": 171, ""OBJECTION"": 0, ""AWARD"": 114, ""COMPENSATION"": 114}","{""officers_count"": 12, ""sla_breaches"": 1, ""disputes_count"": 3, ""avg_days_per_stage"": 20.0, ""stage_complexity"": 0.3151}"
d42a67c1-ef12-42fa-854d-bbeaa3e76718,PROJ-1149,2025-03-17T00:00:00+00:00,311.31,59.03,675,128,547,1,681937727.99,136387545.6,"{""SURVEY"": 164, ""VERIFICATION"": 164, ""OBJECTION"": 0, ""AWARD"": 109, ""COMPENSATION"": 109}","{""officers_count"": 12, ""sla_breaches"": 0, ""disputes_count"": 1, ""avg_days_per_stage"": 15.7, ""stage_complexity"": 0.2909}"
0c5e64bb-08a4-440d-b4a7-aba9836ff40c,PROJ-1149,2025-04-01T00:00:00+00:00,311.31,67.34,675,146,528,1,909250303.99,90925030.4,"{""SURVEY"": 158, ""VERIFICATION"": 158, ""OBJECTION"": 0, ""AWARD"": 105, ""COMPENSATION"": 105}","{""officers_count"": 6, ""sla_breaches"": 0, ""disputes_count"": 1, ""avg_days_per_stage"": 16.0, ""stage_complexity"": 0.2672}"
2c7123cc-07ad-452c-b7b6-be0fa0e60ae6,PROJ-1149,2025-04-16T00:00:00+00:00,311.31,76.1,675,165,509,2,909250303.99,90925030.4,"{""SURVEY"": 152, ""VERIFICATION"": 152, ""OBJECTION"": 1, ""AWARD"": 101, ""COMPENSATION"": 101}","{""officers_count"": 9, ""sla_breaches"": 1, ""disputes_count"": 1, ""avg_days_per_stage"": 29.0, ""stage_complexity"": 0.3904}"
a304e8b5-6008-49cf-88d2-0bfee8e77a80,PROJ-1149,2025-05-01T00:00:00+00:00,311.31,92.24,675,200,473,2,909250303.99,90925030.4,"{""SURVEY"": 141, ""VERIFICATION"": 141, ""OBJECTION"": 1, ""AWARD"": 94, ""COMPENSATION"": 94}","{""officers_count"": 10, ""sla_breaches"": 1, ""disputes_count"": 3, ""avg_days_per_stage"": 17.4, ""stage_complexity"": 0.3266}"
a7ab2da2-20df-4548-9583-315972ba8632,PROJ-1149,2025-05-16T00:00:00+00:00,311.31,107.92,675,234,439,2,909250303.99,90925030.4,"{""SURVEY"": 131, ""VERIFICATION"": 131, ""OBJECTION"": 1, ""AWARD"": 87, ""COMPENSATION"": 87}","{""officers_count"": 5, ""sla_breaches"": 2, ""disputes_count"": 0, ""avg_days_per_stage"": 30.9, ""stage_complexity"": 0.4196}"
1f786ba1-5ca8-42c6-be39-5885eb0ad7d6,PROJ-1149,2025-05-31T00:00:00+00:00,311.31,115.76,675,251,422,0,909250303.99,90925030.4,"{""SURVEY"": 126, ""VERIFICATION"": 126, ""OBJECTION"": 0, ""AWARD"": 84, ""COMPENSATION"": 84}","{""officers_count"": 6, ""sla_breaches"": 0, ""disputes_count"": 1, ""avg_days_per_stage"": 16.9, ""stage_complexity"": 0.3731}"
9b1e9c60-5d43-4bf2-b098-e337cb7b809f,PROJ-1149,2025-06-15T00:00:00+00:00,311.31,122.22,675,265,410,0,909250303.99,90925030.4,"{""SURVEY"": 123, ""VERIFICATION"": 123, ""OBJECTION"": 0, ""AWARD"": 82, ""COMPENSATION"": 82}","{""officers_count"": 7, ""sla_breaches"": 0, ""disputes_count"": 3, ""avg_days_per_stage"": 15.2, ""stage_complexity"": 0.2693}"
90b7d784-ec61-4050-ae3f-8bbd3d4299fe,PROJ-1149,2025-06-30T00:00:00+00:00,311.31,130.98,675,284,391,0,909250303.99,90925030.4,"{""SURVEY"": 117, ""VERIFICATION"": 117, ""OBJECTION"": 0, ""AWARD"": 78, ""COMPENSATION"": 78}","{""officers_count"": 5, ""sla_breaches"": 1, ""disputes_count"": 1, ""avg_days_per_stage"": 33.9, ""stage_complexity"": 0.384}"
fbcb1045-142f-4403-997c-e69aa6974881,PROJ-1150,2025-01-01T00:00:00+00:00,264.95,1.12,712,3,705,6,256103132.64,666734705.56,"{""SURVEY"": 211, ""VERIFICATION"": 211, ""OBJECTION"": 3, ""AWARD"": 141, ""COMPENSATION"": 141}","{""officers_count"": 2, ""sla_breaches"": 7, ""disputes_count"": 3, ""avg_days_per_stage"": 71.6, ""stage_complexity"": 0.7305}"
2cd41147-ba75-4c4f-a6d8-dc2c23f511cc,PROJ-1150,2025-01-16T00:00:00+00:00,264.95,2.23,712,6,700,8,132749972.66,574147591.54,"{""SURVEY"": 210, ""VERIFICATION"": 210, ""OBJECTION"": 4, ""AWARD"": 140, ""COMPENSATION"": 140}","{""officers_count"": 1, ""sla_breaches"": 11, ""disputes_count"": 3, ""avg_days_per_stage"": 121.4, ""stage_complexity"": 0.6199}"
08e16927-dbbe-465d-820b-75e9fd1c8d14,PROJ-1150,2025-01-31T00:00:00+00:00,264.95,2.98,712,8,696,10,235204079.59,596131912.18,"{""SURVEY"": 208, ""VERIFICATION"": 208, ""OBJECTION"": 6, ""AWARD"": 139, ""COMPENSATION"": 139}","{""officers_count"": 1, ""sla_breaches"": 6, ""disputes_count"": 3, ""avg_days_per_stage"": 80.1, ""stage_complexity"": 0.7603}"
4c1c6bd6-256d-4e28-9345-9c2dd084d64e,PROJ-1150,2025-02-15T00:00:00+00:00,264.95,4.09,712,11,691,11,181118322.56,652767380.8,"{""SURVEY"": 207, ""VERIFICATION"": 207, ""OBJECTION"": 6, ""AWARD"": 138, ""COMPENSATION"": 138}","{""officers_count"": 1, ""sla_breaches"": 8, ""disputes_count"": 2, ""avg_days_per_stage"": 110.2, ""stage_complexity"": 0.7859}"
2b78deaa-8db0-4d27-8bd5-256cc93a5457,PROJ-1150,2025-03-02T00:00:00+00:00,264.95,5.58,712,15,686,14,231389360.9,679652759.04,"{""SURVEY"": 205, ""VERIFICATION"": 205, ""OBJECTION"": 8, ""AWARD"": 137, ""COMPENSATION"": 137}","{""officers_count"": 1, ""sla_breaches"": 6, ""disputes_count"": 3, ""avg_days_per_stage"": 72.1, ""stage_complexity"": 0.6059}"
d14c78ae-46bb-499c-9c95-6ac40842031c,PROJ-1150,2025-03-17T00:00:00+00:00,264.95,6.33,712,17,681,16,272453989.07,705849153.9,"{""SURVEY"": 204, ""VERIFICATION"": 204, ""OBJECTION"": 9, ""AWARD"": 136, ""COMPENSATION"": 136}","{""officers_count"": 1, ""sla_breaches"": 9, ""disputes_count"": 4, ""avg_days_per_stage"": 142.9, ""stage_complexity"": 0.6449}"
a5e8ab46-a44d-482e-9328-8ac332ae7899,PROJ-1150,2025-04-01T00:00:00+00:00,264.95,7.81,712,21,675,19,277937874.61,811704946.88,"{""SURVEY"": 202, ""VERIFICATION"": 202, ""OBJECTION"": 11, ""AWARD"": 135, ""COMPENSATION"": 135}","{""officers_count"": 1, ""sla_breaches"": 12, ""disputes_count"": 3, ""avg_days_per_stage"": 133.9, ""stage_complexity"": 0.7677}"
248e9d50-04ac-4484-a422-f9251a13f02c,PROJ-1150,2025-04-16T00:00:00+00:00,264.95,8.56,712,23,670,23,158491602.44,706519849.73,"{""SURVEY"": 201, ""VERIFICATION"": 201, ""OBJECTION"": 13, ""AWARD"": 134, ""COMPENSATION"": 134}","{""officers_count"": 1, ""sla_breaches"": 12, ""disputes_count"": 3, ""avg_days_per_stage"": 115.7, ""stage_complexity"": 0.7271}"
fc6d3448-d7bd-4f89-b341-aa6c7f56ca08,PROJ-1150,2025-05-01T00:00:00+00:00,264.95,8.56,712,23,666,25,114925434.73,671096437.38,"{""SURVEY"": 199, ""VERIFICATION"": 199, ""OBJECTION"": 15, ""AWARD"": 133, ""COMPENSATION"": 133}","{""officers_count"": 1, ""sla_breaches"": 7, ""disputes_count"": 4, ""avg_days_per_stage"": 90.0, ""stage_complexity"": 0.7933}"
f6f0dea4-4d55-40d9-a63c-6443b219fab2,PROJ-1150,2025-05-16T00:00:00+00:00,264.95,8.93,712,24,663,29,227606452.07,669786541.95,"{""SURVEY"": 198, ""VERIFICATION"": 198, ""OBJECTION"": 17, ""AWARD"": 132, ""COMPENSATION"": 132}","{""officers_count"": 2, ""sla_breaches"": 9, ""disputes_count"": 4, ""avg_days_per_stage"": 95.1, ""stage_complexity"": 0.6782}"
615752b8-b232-459d-9955-7c8d02eac73b,PROJ-1150,2025-05-31T00:00:00+00:00,264.95,9.68,712,26,657,32,280745320.39,658010601.74,"{""SURVEY"": 197, ""VERIFICATION"": 197, ""OBJECTION"": 19, ""AWARD"": 131, ""COMPENSATION"": 131}","{""officers_count"": 2, ""sla_breaches"": 8, ""disputes_count"": 3, ""avg_days_per_stage"": 82.9, ""stage_complexity"": 0.5518}"
f152f929-c055-4b4e-98c1-4d877c1ed66d,PROJ-1150,2025-06-15T00:00:00+00:00,264.95,11.16,712,30,650,35,273228296.92,783411297.68,"{""SURVEY"": 195, ""VERIFICATION"": 195, ""OBJECTION"": 21, ""AWARD"": 130, ""COMPENSATION"": 130}","{""officers_count"": 1, ""sla_breaches"": 8, ""disputes_count"": 4, ""avg_days_per_stage"": 71.8, ""stage_complexity"": 0.6713}"
8391b26f-2c52-460b-8629-51ef5b1e4c5b,PROJ-1150,2025-06-30T00:00:00+00:00,264.95,11.91,712,32,645,38,179238277.71,622958394.35,"{""SURVEY"": 193, ""VERIFICATION"": 193, ""OBJECTION"": 22, ""AWARD"": 129, ""COMPENSATION"": 129}","{""officers_count"": 1, ""sla_breaches"": 8, ""disputes_count"": 5, ""avg_days_per_stage"": 144.0, ""stage_complexity"": 0.7764}"
be23e71f-3f37-43c6-982f-5b274cab479b,PROJ-1150,2025-07-15T00:00:00+00:00,264.95,12.28,712,33,641,42,246080733.26,625171170.07,"{""SURVEY"": 192, ""VERIFICATION"": 192, ""OBJECTION"": 25, ""AWARD"": 128, ""COMPENSATION"": 128}","{""officers_count"": 1, ""sla_breaches"": 10, ""disputes_count"": 6, ""avg_days_per_stage"": 86.0, ""stage_complexity"": 0.6417}"
b036e5f9-d6c5-4006-b059-6b9ae1d53145,PROJ-1150,2025-07-30T00:00:00+00:00,264.95,13.77,712,37,633,45,248796814.78,712879531.6,"{""SURVEY"": 189, ""VERIFICATION"": 189, ""OBJECTION"": 27, ""AWARD"": 126, ""COMPENSATION"": 126}","{""officers_count"": 1, ""sla_breaches"": 12, ""disputes_count"": 5, ""avg_days_per_stage"": 125.1, ""stage_complexity"": 0.6556}"
87102f2e-5de9-4780-b591-f5e9fd78ec9b,PROJ-1150,2025-08-14T00:00:00+00:00,264.95,13.77,712,37,630,48,110210964.43,723418043.77,"{""SURVEY"": 189, ""VERIFICATION"": 189, ""OBJECTION"": 28, ""AWARD"": 126, ""COMPENSATION"": 126}","{""officers_count"": 2, ""sla_breaches"": 7, ""disputes_count"": 4, ""avg_days_per_stage"": 102.3, ""stage_complexity"": 0.6314}"
858d2367-1443-4bea-ad3a-9944a1cf5737,PROJ-1151,2025-01-01T00:00:00+00:00,710.21,40.53,403,23,376,5,0.0,876997992.39,"{""SURVEY"": 112, ""VERIFICATION"": 112, ""OBJECTION"": 3, ""AWARD"": 75, ""COMPENSATION"": 75}","{""officers_count"": 6, ""sla_breaches"": 2, ""disputes_count"": 3, ""avg_days_per_stage"": 30.3, ""stage_complexity"": 0.4216}"
baf153bb-aaa3-467d-bb1a-f048139572eb,PROJ-1151,2025-01-16T00:00:00+00:00,710.21,63.44,403,36,362,3,146166332.06,847764725.97,"{""SURVEY"": 108, ""VERIFICATION"": 108, ""OBJECTION"": 1, ""AWARD"": 72, ""COMPENSATION"": 72}","{""officers_count"": 9, ""sla_breaches"": 2, ""disputes_count"": 0, ""avg_days_per_stage"": 19.0, ""stage_complexity"": 0.2717}"
ed418343-3afb-45f8-a061-7830a3c3c444,PROJ-1151,2025-01-31T00:00:00+00:00,710.21,112.79,403,64,336,2,438498996.19,789298193.15,"{""SURVEY"": 100, ""VERIFICATION"": 100, ""OBJECTION"": 1, ""AWARD"": 67, ""COMPENSATION"": 67}","{""officers_count"": 8, ""sla_breaches"": 0, ""disputes_count"": 3, ""avg_days_per_stage"": 16.2, ""stage_complexity"": 0.3992}"
ce366b4a-d43a-4675-837e-0a3474af3140,PROJ-1151,2025-02-15T00:00:00+00:00,710.21,149.8,403,85,316,0,876997992.39,701598393.91,"{""SURVEY"": 94, ""VERIFICATION"": 94, ""OBJECTION"": 0, ""AWARD"": 63, ""COMPENSATION"": 63}","{""officers_count"": 10, ""sla_breaches"": 1, ""disputes_count"": 0, ""avg_days_per_stage"": 18.9, ""stage_complexity"": 0.3513}"
edb9fd79-312e-43e0-a7ee-a33c6e118aee,PROJ-1151,2025-03-02T00:00:00+00:00,710.21,193.85,403,110,293,0,1461663320.64,584665328.26,"{""SURVEY"": 87, ""VERIFICATION"": 87, ""OBJECTION"": 0, ""AWARD"": 58, ""COMPENSATION"": 58}","{""officers_count"": 10, ""sla_breaches"": 0, ""disputes_count"": 2, ""avg_days_per_stage"": 19.9, ""stage_complexity"": 0.2735}"
add50cc3-1711-4558-b847-ac0348aaa7f0,PROJ-1151,2025-03-17T00:00:00+00:00,710.21,236.15,403,134,269,0,2192494980.97,438498996.19,"{""SURVEY"": 80, ""VERIFICATION"": 80, ""OBJECTION"": 0, ""AWARD"": 53, ""COMPENSATION"": 53}","{""officers_count"": 10, ""sla_breaches"": 0, ""disputes_count"": 3, ""avg_days_per_stage"": 24.1, ""stage_complexity"": 0.3547}"
bb78f442-428a-4864-8316-008c00bd761b,PROJ-1151,2025-04-01T00:00:00+00:00,710.21,266.11,403,151,252,0,2923326641.29,292332664.13,"{""SURVEY"": 75, ""VERIFICATION"": 75, ""OBJECTION"": 0, ""AWARD"": 50, ""COMPENSATION"": 50}","{""officers_count"": 10, ""sla_breaches"": 0, ""disputes_count"": 1, ""avg_days_per_stage"": 28.8, ""stage_complexity"": 0.2247}"
ff2bd24c-5f22-4551-9a1b-39329a03d113,PROJ-1151,2025-04-16T00:00:00+00:00,710.21,294.31,403,167,236,0,2923326641.29,292332664.13,"{""SURVEY"": 70, ""VERIFICATION"": 70, ""OBJECTION"": 0, ""AWARD"": 47, ""COMPENSATION"": 47}","{""officers_count"": 9, ""sla_breaches"": 1, ""disputes_count"": 3, ""avg_days_per_stage"": 23.6, ""stage_complexity"": 0.4237}"
6182ecd6-fbb2-4419-a7bb-81b9a32ec277,PROJ-1151,2025-05-01T00:00:00+00:00,710.21,345.41,403,196,207,0,2923326641.29,292332664.13,"{""SURVEY"": 62, ""VERIFICATION"": 62, ""OBJECTION"": 0, ""AWARD"": 41, ""COMPENSATION"": 41}","{""officers_count"": 5, ""sla_breaches"": 1, ""disputes_count"": 1, ""avg_days_per_stage"": 16.0, ""stage_complexity"": 0.4341}"
0cfd8791-4ee5-4f2e-b17f-11445060a390,PROJ-1151,2025-05-16T00:00:00+00:00,710.21,405.33,403,230,173,0,2923326641.29,292332664.13,"{""SURVEY"": 51, ""VERIFICATION"": 51, ""OBJECTION"": 0, ""AWARD"": 34, ""COMPENSATION"": 34}","{""officers_count"": 8, ""sla_breaches"": 0, ""disputes_count"": 1, ""avg_days_per_stage"": 19.3, ""stage_complexity"": 0.2398}"
58835c68-6e85-4489-a70c-119b7620db39,PROJ-1152,2025-01-01T00:00:00+00:00,636.43,147.52,151,35,115,1,0.0,970653035.05,"{""SURVEY"": 34, ""VERIFICATION"": 34, ""OBJECTION"": 0, ""AWARD"": 23, ""COMPENSATION"": 23}","{""officers_count"": 8, ""sla_breaches"": 1, ""disputes_count"": 1, ""avg_days_per_stage"": 34.5, ""stage_complexity"": 0.3517}"
834c2d45-bd9f-4266-9559-c6bb8bf17a98,PROJ-1152,2025-01-16T00:00:00+00:00,636.43,219.17,151,52,98,0,161775505.84,938297933.88,"{""SURVEY"": 29, ""VERIFICATION"": 29, ""OBJECTION"": 0, ""AWARD"": 19, ""COMPENSATION"": 19}","{""officers_count"": 5, ""sla_breaches"": 2, ""disputes_count"": 0, ""avg_days_per_stage"": 18.3, ""stage_complexity"": 0.404}"
38c1f304-d7a6-4834-99f6-1f66af530c97,PROJ-1152,2025-01-31T00:00:00+00:00,636.43,341.4,151,81,70,1,485326517.53,873587731.55,"{""SURVEY"": 21, ""VERIFICATION"": 21, ""OBJECTION"": 0, ""AWARD"": 14, ""COMPENSATION"": 14}","{""officers_count"": 12, ""sla_breaches"": 2, ""disputes_count"": 0, ""avg_days_per_stage"": 33.5, ""stage_complexity"": 0.4317}"
8c7a383d-244b-44ea-91a8-83c22f4715db,PROJ-1152,2025-02-15T00:00:00+00:00,636.43,417.26,151,99,51,0,970653035.05,776522428.04,"{""SURVEY"": 15, ""VERIFICATION"": 15, ""OBJECTION"": 0, ""AWARD"": 10, ""COMPENSATION"": 10}","{""officers_count"": 10, ""sla_breaches"": 2, ""disputes_count"": 2, ""avg_days_per_stage"": 27.1, ""stage_complexity"": 0.308}"
594ff304-e20f-4197-a719-070aabd4d494,PROJ-1152,2025-03-02T00:00:00+00:00,636.43,501.56,151,119,32,0,1617755058.42,647102023.37,"{""SURVEY"": 9, ""VERIFICATION"": 9, ""OBJECTION"": 0, ""AWARD"": 6, ""COMPENSATION"": 6}","{""officers_count"": 5, ""sla_breaches"": 0, ""disputes_count"": 1, ""avg_days_per_stage"": 34.9, ""stage_complexity"": 0.3482}"
286266b4-3063-4a33-98a8-00b938687d57,PROJ-1152,2025-03-17T00:00:00+00:00,636.43,560.56,151,133,18,1,2426632587.63,485326517.53,"{""SURVEY"": 5, ""VERIFICATION"": 5, ""OBJECTION"": 0, ""AWARD"": 3, ""COMPENSATION"": 3}","{""officers_count"": 9, ""sla_breaches"": 0, ""disputes_count"": 3, ""avg_days_per_stage"": 20.3, ""stage_complexity"": 0.2034}"
1db26dcd-961a-411d-a41e-367860af8368,PROJ-1152,2025-04-01T00:00:00+00:00,636.43,636.43,151,151,0,2,3235510116.84,323551011.68,"{""SURVEY"": 0, ""VERIFICATION"": 0, ""OBJECTION"": 1, ""AWARD"": 0, ""COMPENSATION"": 0}","{""officers_count"": 12, ""sla_breaches"": 1, ""disputes_count"": 1, ""avg_days_per_stage"": 19.7, ""stage_complexity"": 0.2519}"
373d681a-d108-4744-a20b-74c0ae0b55c0,PROJ-1152,2025-04-16T00:00:00+00:00,636.43,636.43,151,151,0,3,3235510116.84,323551011.68,"{""SURVEY"": 0, ""VERIFICATION"": 0, ""OBJECTION"": 1, ""AWARD"": 0, ""COMPENSATION"": 0}","{""officers_count"": 11, ""sla_breaches"": 2, ""disputes_count"": 1, ""avg_days_per_stage"": 30.4, ""stage_complexity"": 0.3337}"
b1f2d41b-97ce-45f7-902a-53355a4429c3,PROJ-1152,2025-05-01T00:00:00+00:00,636.43,636.43,151,151,0,3,3235510116.84,323551011.68,"{""SURVEY"": 0, ""VERIFICATION"": 0, ""OBJECTION"": 1, ""AWARD"": 0, ""COMPENSATION"": 0}","{""officers_count"": 8, ""sla_breaches"": 1, ""disputes_count"": 2, ""avg_days_per_stage"": 22.5, ""stage_complexity"": 0.2564}"
d9742773-2d7e-4915-a096-5226138a7c5b,PROJ-1152,2025-05-16T00:00:00+00:00,636.43,636.43,151,151,0,3,3235510116.84,323551011.68,"{""SURVEY"": 0, ""VERIFICATION"": 0, ""OBJECTION"": 1, ""AWARD"": 0, ""COMPENSATION"": 0}","{""officers_count"": 6, ""sla_breaches"": 1, ""disputes_count"": 1, ""avg_days_per_stage"": 19.3, ""stage_complexity"": 0.386}"
7041bd7b-ed7e-4df6-917e-b2de63ab2830,PROJ-1152,2025-05-31T00:00:00+00:00,636.43,636.43,151,151,0,2,3235510116.84,323551011.68,"{""SURVEY"": 0, ""VERIFICATION"": 0, ""OBJECTION"": 1, ""AWARD"": 0, ""COMPENSATION"": 0}","{""officers_count"": 9, ""sla_breaches"": 2, ""disputes_count"": 1, ""avg_days_per_stage"": 31.5, ""stage_complexity"": 0.3623}"
d1910b59-d978-43f0-87af-bb2b85b8d301,PROJ-1152,2025-06-15T00:00:00+00:00,636.43,636.43,151,151,0,2,3235510116.84,323551011.68,"{""SURVEY"": 0, ""VERIFICATION"": 0, ""OBJECTION"": 1, ""AWARD"": 0, ""COMPENSATION"": 0}","{""officers_count"": 5, ""sla_breaches"": 0, ""disputes_count"": 0, ""avg_days_per_stage"": 29.8, ""stage_complexity"": 0.2877}"
8d5e857b-2a90-410e-af49-f1f080b27902,PROJ-1152,2025-06-30T00:00:00+00:00,636.43,636.43,151,151,0,3,3235510116.84,323551011.68,"{""SURVEY"": 0, ""VERIFICATION"": 0, ""OBJECTION"": 1, ""AWARD"": 0, ""COMPENSATION"": 0}","{""officers_count"": 8, ""sla_breaches"": 1, ""disputes_count"": 3, ""avg_days_per_stage"": 31.5, ""stage_complexity"": 0.2336}"
33a5de4d-b736-414e-bed5-56ef674d0a8d,PROJ-1152,2025-07-15T00:00:00+00:00,636.43,636.43,151,151,0,4,3235510116.84,323551011.68,"{""SURVEY"": 0, ""VERIFICATION"": 0, ""OBJECTION"": 2, ""AWARD"": 0, ""COMPENSATION"": 0}","{""officers_count"": 9, ""sla_breaches"": 0, ""disputes_count"": 1, ""avg_days_per_stage"": 24.9, ""stage_complexity"": 0.4226}"
df9e453e-9278-47ef-bf5a-8a7bd2379f42,PROJ-1152,2025-07-30T00:00:00+00:00,636.43,636.43,151,151,0,2,3235510116.84,323551011.68,"{""SURVEY"": 0, ""VERIFICATION"": 0, ""OBJECTION"": 1, ""AWARD"": 0, ""COMPENSATION"": 0}","{""officers_count"": 11, ""sla_breaches"": 2, ""disputes_count"": 1, ""avg_days_per_stage"": 20.1, ""stage_complexity"": 0.2153}"
f3712ef0-4fce-4025-bbb6-e38c83146df8,PROJ-1152,2025-08-14T00:00:00+00:00,636.43,636.43,151,151,0,3,3235510116.84,323551011.68,"{""SURVEY"": 0, ""VERIFICATION"": 0, ""OBJECTION"": 1, ""AWARD"": 0, ""COMPENSATION"": 0}","{""officers_count"": 12, ""sla_breaches"": 2, ""disputes_count"": 3, ""avg_days_per_stage"": 30.4, ""stage_complexity"": 0.4276}"
6f2b63b1-5c8f-4edd-89d3-ac6ef8509236,PROJ-1153,2025-01-01T00:00:00+00:00,398.54,8.14,734,15,716,4,0.0,539223581.27,"{""SURVEY"": 214, ""VERIFICATION"": 214, ""OBJECTION"": 2, ""AWARD"": 143, ""COMPENSATION"": 143}","{""officers_count"": 6, ""sla_breaches"": 1, ""disputes_count"": 3, ""avg_days_per_stage"": 30.2, ""stage_complexity"": 0.38}"
99611a84-d6c4-4c80-b41f-3f881ab958e3,PROJ-1153,2025-01-16T00:00:00+00:00,398.54,25.52,734,47,683,4,89870596.88,521249461.9,"{""SURVEY"": 204, ""VERIFICATION"": 204, ""OBJECTION"": 2, ""AWARD"": 136, ""COMPENSATION"": 136}","{""officers_count"": 10, ""sla_breaches"": 0, ""disputes_count"": 1, ""avg_days_per_stage"": 20.4, ""stage_complexity"": 0.229}"
844945c0-efb8-455e-8920-7606e0b97285,PROJ-1153,2025-01-31T00:00:00+00:00,398.54,30.95,734,57,673,3,269611790.64,485301223.14,"{""SURVEY"": 201, ""VERIFICATION"": 201, ""OBJECTION"": 1, ""AWARD"": 134, ""COMPENSATION"": 134}","{""officers_count"": 5, ""sla_breaches"": 1, ""disputes_count"": 2, ""avg_days_per_stage"": 23.8, ""stage_complexity"": 0.3037}"
79a3ad0d-c92a-4ae0-8d14-a632b4188392,PROJ-1153,2025-02-15T00:00:00+00:00,398.54,49.41,734,91,640,3,539223581.27,431378865.02,"{""SURVEY"": 192, ""VERIFICATION"": 192, ""OBJECTION"": 1, ""AWARD"": 128, ""COMPENSATION"": 128}","{""officers_count"": 12, ""sla_breaches"": 0, ""disputes_count"": 0, ""avg_days_per_stage"": 23.3, ""stage_complexity"": 0.3391}"
cd1e09d7-5a10-4427-bdca-e13be6ba93db,PROJ-1153,2025-03-02T00:00:00+00:00,398.54,62.44,734,115,616,1,898705968.79,359482387.51,"{""SURVEY"": 184, ""VERIFICATION"": 184, ""OBJECTION"": 0, ""AWARD"": 123, ""COMPENSATION"": 123}","{""officers_count"": 9, ""sla_breaches"": 0, ""disputes_count"": 1, ""avg_days_per_stage"": 23.1, ""stage_complexity"": 0.4015}"
d1c89543-8134-41bc-af55-48ebee713305,PROJ-1153,2025-03-17T00:00:00+00:00,398.54,76.56,734,141,592,0,1348058953.18,269611790.64,"{""SURVEY"": 177, ""VERIFICATION"": 177, ""OBJECTION"": 0, ""AWARD"": 118, ""COMPENSATION"": 118}","{""officers_count"": 9, ""sla_breaches"": 2, ""disputes_count"": 0, ""avg_days_per_stage"": 18.1, ""stage_complexity"": 0.3496}"
10d2647a-c60b-4e0d-9292-2d8bf6f8f94d,PROJ-1153,2025-04-01T00:00:00+00:00,398.54,86.33,734,159,575,1,1797411937.57,179741193.76,"{""SURVEY"": 172, ""VERIFICATION"": 172, ""OBJECTION"": 0, ""AWARD"": 115, ""COMPENSATION"": 115}","{""officers_count"": 7, ""sla_breaches"": 2, ""disputes_count"": 1, ""avg_days_per_stage"": 18.1, ""stage_complexity"": 0.2555}"
4eda8adf-3594-4a8c-b6c3-069bffc3d56c,PROJ-1153,2025-04-16T00:00:00+00:00,398.54,105.34,734,194,539,0,1797411937.57,179741193.76,"{""SURVEY"": 161, ""VERIFICATION"": 161, ""OBJECTION"": 0, ""AWARD"": 107, ""COMPENSATION"": 107}","{""officers_count"": 7, ""sla_breaches"": 2, ""disputes_count"": 1, ""avg_days_per_stage"": 18.5, ""stage_complexity"": 0.3704}"
1aee222f-67f3-46a3-8637-a9a2c2bd104b,PROJ-1153,2025-05-01T00:00:00+00:00,398.54,121.08,734,223,511,0,1797411937.57,179741193.76,"{""SURVEY"": 153, ""VERIFICATION"": 153, ""OBJECTION"": 0, ""AWARD"": 102, ""COMPENSATION"": 102}","{""officers_count"": 6, ""sla_breaches"": 0, ""disputes_count"": 1, ""avg_days_per_stage"": 27.7, ""stage_complexity"": 0.2806}"
d3514750-bc22-421d-aec1-bbe39c6ada8d,PROJ-1153,2025-05-16T00:00:00+00:00,398.54,138.46,734,255,479,0,1797411937.57,179741193.76,"{""SURVEY"": 143, ""VERIFICATION"": 143, ""OBJECTION"": 0, ""AWARD"": 95, ""COMPENSATION"": 95}","{""officers_count"": 12, ""sla_breaches"": 2, ""disputes_count"": 3, ""avg_days_per_stage"": 24.8, ""stage_complexity"": 0.2564}"
91640cda-7595-4c00-b3ae-60fa7e6ef537,PROJ-1153,2025-05-31T00:00:00+00:00,398.54,147.14,734,271,463,0,1797411937.57,179741193.76,"{""SURVEY"": 138, ""VERIFICATION"": 138, ""OBJECTION"": 0, ""AWARD"": 92, ""COMPENSATION"": 92}","{""officers_count"": 6, ""sla_breaches"": 1, ""disputes_count"": 3, ""avg_days_per_stage"": 17.4, ""stage_complexity"": 0.2344}"
bbfee2c4-72e7-4bc1-b4c1-8062d77bd750,PROJ-1154,2025-01-01T00:00:00+00:00,1084.54,33.5,777,24,749,3,0.0,1153871681.75,"{""SURVEY"": 224, ""VERIFICATION"": 224, ""OBJECTION"": 1, ""AWARD"": 149, ""COMPENSATION"": 149}","{""officers_count"": 7, ""sla_breaches"": 0, ""disputes_count"": 1, ""avg_days_per_stage"": 26.5, ""stage_complexity"": 0.3601}"
c94b9f88-79e8-4b5c-b45b-1808afb5a77c,PROJ-1154,2025-01-16T00:00:00+00:00,1084.54,73.98,777,53,721,3,192311946.96,1115409292.36,"{""SURVEY"": 216, ""VERIFICATION"": 216, ""OBJECTION"": 1, ""AWARD"": 144, ""COMPENSATION"": 144}","{""officers_count"": 7, ""sla_breaches"": 0, ""disputes_count"": 1, ""avg_days_per_stage"": 28.9, ""stage_complexity"": 0.2646}"
624ba275-8c75-4624-ab99-4faee5c23676,PROJ-1154,2025-01-31T00:00:00+00:00,1084.54,97.71,777,70,704,4,576935840.88,1038484513.58,"{""SURVEY"": 211, ""VERIFICATION"": 211, ""OBJECTION"": 2, ""AWARD"": 140, ""COMPENSATION"": 140}","{""officers_count"": 11, ""sla_breaches"": 2, ""disputes_count"": 0, ""avg_days_per_stage"": 24.1, ""stage_complexity"": 0.204}"
094936ba-7b94-445a-a307-e9e47c12a7a4,PROJ-1154,2025-02-15T00:00:00+00:00,1084.54,131.21,777,94,679,3,1153871681.75,923097345.4,"{""SURVEY"": 203, ""VERIFICATION"": 203, ""OBJECTION"": 1, ""AWARD"": 135, ""COMPENSATION"": 135}","{""officers_count"": 7, ""sla_breaches"": 0, ""disputes_count"": 1, ""avg_days_per_stage"": 18.9, ""stage_complexity"": 0.2012}"
ced56b1c-d4fd-4e28-a945-317171f33b85,PROJ-1154,2025-03-02T00:00:00+00:00,1084.54,174.48,777,125,649,1,1923119469.58,769247787.83,"{""SURVEY"": 194, ""VERIFICATION"": 194, ""OBJECTION"": 0, ""AWARD"": 129, ""COMPENSATION"": 129}","{""officers_count"": 9, ""sla_breaches"": 1, ""disputes_count"": 2, ""avg_days_per_stage"": 28.5, ""stage_complexity"": 0.4089}"
9ce3f257-3355-45e7-97e2-1365db4fbed7,PROJ-1154,2025-03-17T00:00:00+00:00,1084.54,223.33,777,160,616,0,2884679204.38,576935840.88,"{""SURVEY"": 184, ""VERIFICATION"": 184, ""OBJECTION"": 0, ""AWARD"": 123, ""COMPENSATION"": 123}","{""officers_count"": 8, ""sla_breaches"": 2, ""disputes_count"": 1, ""avg_days_per_stage"": 22.4, ""stage_complexity"": 0.2848}"
ded7197a-60ff-4df8-bfa3-e775f0483bff,PROJ-1155,2025-01-01T00:00:00+00:00,562.96,2.26,748,3,736,9,845692892.78,2180068416.03,"{""SURVEY"": 220, ""VERIFICATION"": 220, ""OBJECTION"": 5, ""AWARD"": 147, ""COMPENSATION"": 147}","{""officers_count"": 4, ""sla_breaches"": 9, ""disputes_count"": 12, ""avg_days_per_stage"": 81.7, ""stage_complexity"": 0.773}"
9b2646af-697a-403e-b4ff-87d2c1f16fed,PROJ-1155,2025-01-16T00:00:00+00:00,562.96,3.01,748,4,723,21,749211565.83,1777634686.07,"{""SURVEY"": 216, ""VERIFICATION"": 216, ""OBJECTION"": 12, ""AWARD"": 144, ""COMPENSATION"": 144}","{""officers_count"": 2, ""sla_breaches"": 11, ""disputes_count"": 27, ""avg_days_per_stage"": 69.7, ""stage_complexity"": 0.7949}"
09f33e2e-6f51-48dc-a6ad-1e29bf8f0726,PROJ-1155,2025-01-31T00:00:00+00:00,562.96,6.02,748,8,715,25,674990242.83,1859308250.53,"{""SURVEY"": 214, ""VERIFICATION"": 214, ""OBJECTION"": 15, ""AWARD"": 143, ""COMPENSATION"": 143}","{""officers_count"": 2, ""sla_breaches"": 6, ""disputes_count"": 35, ""avg_days_per_stage"": 103.4, ""stage_complexity"": 0.7992}"
57d9446c-1e9e-4823-8ee2-497fe6bc6d9b,PROJ-1155,2025-02-15T00:00:00+00:00,562.96,7.53,748,10,704,34,515527993.16,2644986570.91,"{""SURVEY"": 211, ""VERIFICATION"": 211, ""OBJECTION"": 20, ""AWARD"": 140, ""COMPENSATION"": 140}","{""officers_count"": 5, ""sla_breaches"": 10, ""disputes_count"": 41, ""avg_days_per_stage"": 126.6, ""stage_complexity"": 0.8567}"
aae8c359-aecc-4669-a561-09db3826eed4,PROJ-1155,2025-03-02T00:00:00+00:00,562.96,11.29,748,15,690,43,695339615.0,1781574487.7,"{""SURVEY"": 207, ""VERIFICATION"": 207, ""OBJECTION"": 25, ""AWARD"": 138, ""COMPENSATION"": 138}","{""officers_count"": 2, ""sla_breaches"": 10, ""disputes_count"": 45, ""avg_days_per_stage"": 69.1, ""stage_complexity"": 0.8372}"
a7b43b1c-7734-43f8-bd76-abefb62138d6,PROJ-1155,2025-03-17T00:00:00+00:00,562.96,12.79,748,17,680,51,397655215.44,1537234075.85,"{""SURVEY"": 204, ""VERIFICATION"": 204, ""OBJECTION"": 30, ""AWARD"": 136, ""COMPENSATION"": 136}","{""officers_count"": 5, ""sla_breaches"": 5, ""disputes_count"": 59, ""avg_days_per_stage"": 80.8, ""stage_complexity"": 0.8577}"
abb8f1cb-4b04-417c-b80a-0bc83dae9931,PROJ-1155,2025-04-01T00:00:00+00:00,562.96,14.3,748,19,671,58,566448233.12,2382833244.3,"{""SURVEY"": 201, ""VERIFICATION"": 201, ""OBJECTION"": 34, ""AWARD"": 134, ""COMPENSATION"": 134}","{""officers_count"": 5, ""sla_breaches"": 7, ""disputes_count"": 61, ""avg_days_per_stage"": 123.1, ""stage_complexity"": 0.7931}"
8bede6cb-b155-4dc0-a837-da876ffcc80d,PROJ-1155,2025-04-16T00:00:00+00:00,562.96,15.05,748,20,660,68,571775667.29,1753940006.86,"{""SURVEY"": 198, ""VERIFICATION"": 198, ""OBJECTION"": 40, ""AWARD"": 132, ""COMPENSATION"": 132}","{""officers_count"": 5, ""sla_breaches"": 10, ""disputes_count"": 70, ""avg_days_per_stage"": 116.8, ""stage_complexity"": 0.8735}"
048587ea-488a-4751-9da1-30da012d6114,PROJ-1155,2025-05-01T00:00:00+00:00,562.96,15.81,748,21,655,72,423328517.34,1435749591.01,"{""SURVEY"": 196, ""VERIFICATION"": 196, ""OBJECTION"": 43, ""AWARD"": 131, ""COMPENSATION"": 131}","{""officers_count"": 4, ""sla_breaches"": 8, ""disputes_count"": 74, ""avg_days_per_stage"": 102.9, ""stage_complexity"": 0.801}"
9347857b-ebbe-4004-9edf-050b9881cd5d,PROJ-1156,2025-01-01T00:00:00+00:00,794.27,4.16,763,4,753,6,473022585.7,1570282699.81,"{""SURVEY"": 225, ""VERIFICATION"": 225, ""OBJECTION"": 3, ""AWARD"": 150, ""COMPENSATION"": 150}","{""officers_count"": 3, ""sla_breaches"": 5, ""disputes_count"": 5, ""avg_days_per_stage"": 65.4, ""stage_complexity"": 0.7824}"
1e46d2bd-2a22-4434-83cb-f992cbb2e330,PROJ-1156,2025-01-16T00:00:00+00:00,794.27,10.41,763,10,742,11,366978940.65,1367783134.37,"{""SURVEY"": 222, ""VERIFICATION"": 222, ""OBJECTION"": 6, ""AWARD"": 148, ""COMPENSATION"": 148}","{""officers_count"": 4, ""sla_breaches"": 10, ""disputes_count"": 5, ""avg_days_per_stage"": 77.1, ""stage_complexity"": 0.8953}"
fce5d419-7143-4b26-8bc5-c15e2c14f0cf,PROJ-1156,2025-01-31T00:00:00+00:00,794.27,12.49,763,12,735,16,428247964.58,1462169857.92,"{""SURVEY"": 220, ""VERIFICATION"": 220, ""OBJECTION"": 9, ""AWARD"": 147, ""COMPENSATION"": 147}","{""officers_count"": 4, ""sla_breaches"": 9, ""disputes_count"": 7, ""avg_days_per_stage"": 83.9, ""stage_complexity"": 0.7309}"
e42ead45-be35-47c9-b87f-9a3e5441592a,PROJ-1156,2025-02-15T00:00:00+00:00,794.27,17.7,763,17,728,18,256564704.24,1611164432.84,"{""SURVEY"": 218, ""VERIFICATION"": 218, ""OBJECTION"": 10, ""AWARD"": 145, ""COMPENSATION"": 145}","{""officers_count"": 5, ""sla_breaches"": 10, ""disputes_count"": 6, ""avg_days_per_stage"": 81.4, ""stage_complexity"": 0.7098}"
f5886bd1-d37b-4516-a40b-8200ade9766d,PROJ-1156,2025-03-02T00:00:00+00:00,794.27,20.82,763,20,721,22,267502613.19,1797216773.26,"{""SURVEY"": 216, ""VERIFICATION"": 216, ""OBJECTION"": 13, ""AWARD"": 144, ""COMPENSATION"": 144}","{""officers_count"": 4, ""sla_breaches"": 10, ""disputes_count"": 3, ""avg_days_per_stage"": 55.8, ""stage_complexity"": 0.7139}"
6013b754-584a-43be-9e5c-d5fd08375156,PROJ-1156,2025-03-17T00:00:00+00:00,794.27,28.11,763,27,710,26,151481743.14,1635914748.56,"{""SURVEY"": 213, ""VERIFICATION"": 213, ""OBJECTION"": 15, ""AWARD"": 142, ""COMPENSATION"": 142}","{""officers_count"": 5, ""sla_breaches"": 8, ""disputes_count"": 5, ""avg_days_per_stage"": 104.5, ""stage_complexity"": 0.789}"
b43965b0-2ec4-4492-95f6-1fe7578b781f,PROJ-1156,2025-04-01T00:00:00+00:00,794.27,34.35,763,33,701,29,442899119.69,1813811884.56,"{""SURVEY"": 210, ""VERIFICATION"": 210, ""OBJECTION"": 17, ""AWARD"": 140, ""COMPENSATION"": 140}","{""officers_count"": 6, ""sla_breaches"": 6, ""disputes_count"": 4, ""avg_days_per_stage"": 105.4, ""stage_complexity"": 0.8554}"
0dd66343-6688-4f3d-a445-a70c0d3a776a,PROJ-1156,2025-04-16T00:00:00+00:00,794.27,42.68,763,41,691,31,306703769.05,1385409460.27,"{""SURVEY"": 207, ""VERIFICATION"": 207, ""OBJECTION"": 18, ""AWARD"": 138, ""COMPENSATION"": 138}","{""officers_count"": 6, ""sla_breaches"": 9, ""disputes_count"": 6, ""avg_days_per_stage"": 105.9, ""stage_complexity"": 0.8299}"
c9484105-eadd-4d56-bf45-4fa26eb44f42,PROJ-1156,2025-05-01T00:00:00+00:00,794.27,48.93,763,47,680,36,439611250.16,1664455714.45,"{""SURVEY"": 204, ""VERIFICATION"": 204, ""OBJECTION"": 21, ""AWARD"": 136, ""COMPENSATION"": 136}","{""officers_count"": 5, ""sla_breaches"": 6, ""disputes_count"": 5, ""avg_days_per_stage"": 102.2, ""stage_complexity"": 0.7368}"
1ad64775-0c9c-462a-b1ea-b61b4562dbd2,PROJ-1156,2025-05-16T00:00:00+00:00,794.27,51.01,763,49,673,41,286347099.12,1783363760.98,"{""SURVEY"": 201, ""VERIFICATION"": 201, ""OBJECTION"": 24, ""AWARD"": 134, ""COMPENSATION"": 134}","{""officers_count"": 6, ""sla_breaches"": 9, ""disputes_count"": 6, ""avg_days_per_stage"": 109.4, ""stage_complexity"": 0.7882}"
04e6cd6c-e811-49e4-a6f2-016eb0c7e817,PROJ-1157,2025-01-01T00:00:00+00:00,1142.32,25.28,497,11,479,7,3296141618.97,3344568295.26,"{""SURVEY"": 143, ""VERIFICATION"": 143, ""OBJECTION"": 4, ""AWARD"": 95, ""COMPENSATION"": 95}","{""officers_count"": 5, ""sla_breaches"": 3, ""disputes_count"": 2, ""avg_days_per_stage"": 47.7, ""stage_complexity"": 0.4257}"
0e1d0767-2814-4874-8ef7-c27c284bda50,PROJ-1157,2025-01-16T00:00:00+00:00,1142.32,36.77,497,16,474,7,1836561324.35,3221581012.81,"{""SURVEY"": 142, ""VERIFICATION"": 142, ""OBJECTION"": 4, ""AWARD"": 94, ""COMPENSATION"": 94}","{""officers_count"": 4, ""sla_breaches"": 4, ""disputes_count"": 7, ""avg_days_per_stage"": 64.1, ""stage_complexity"": 0.5967}"
cf0aed8f-5f29-46cf-bfd4-9f96e59c146e,PROJ-1157,2025-01-31T00:00:00+00:00,1142.32,66.65,497,29,459,9,3153177629.91,3403939408.57,"{""SURVEY"": 137, ""VERIFICATION"": 137, ""OBJECTION"": 5, ""AWARD"": 91, ""COMPENSATION"": 91}","{""officers_count"": 4, ""sla_breaches"": 5, ""disputes_count"": 2, ""avg_days_per_stage"": 37.7, ""stage_complexity"": 0.5822}"
999d7e7d-71ba-403e-a005-c1bf80db1126,PROJ-1157,2025-02-15T00:00:00+00:00,1142.32,87.34,497,38,447,12,3363872493.12,2579836511.3,"{""SURVEY"": 134, ""VERIFICATION"": 134, ""OBJECTION"": 7, ""AWARD"": 89, ""COMPENSATION"": 89}","{""officers_count"": 6, ""sla_breaches"": 2, ""disputes_count"": 5, ""avg_days_per_stage"": 40.7, ""stage_complexity"": 0.6108}"
8aa4281f-c9fd-4a15-be80-83447f6c4b6a,PROJ-1157,2025-03-02T00:00:00+00:00,1142.32,105.73,497,46,438,13,2490504171.11,3280063288.65,"{""SURVEY"": 131, ""VERIFICATION"": 131, ""OBJECTION"": 7, ""AWARD"": 87, ""COMPENSATION"": 87}","{""officers_count"": 4, ""sla_breaches"": 3, ""disputes_count"": 5, ""avg_days_per_stage"": 50.5, ""stage_complexity"": 0.584}"
e6cabd49-db23-4ecd-900d-616a4003c09d,PROJ-1157,2025-03-17T00:00:00+00:00,1142.32,135.61,497,59,424,14,1799081664.94,2207538758.13,"{""SURVEY"": 127, ""VERIFICATION"": 127, ""OBJECTION"": 8, ""AWARD"": 84, ""COMPENSATION"": 84}","{""officers_count"": 4, ""sla_breaches"": 5, ""disputes_count"": 6, ""avg_days_per_stage"": 57.8, ""stage_complexity"": 0.5931}"
180b8c8f-5b9e-445e-a2d7-e8b23c774cab,PROJ-1157,2025-04-01T00:00:00+00:00,1142.32,167.79,497,73,408,16,1818753579.38,2172315570.12,"{""SURVEY"": 122, ""VERIFICATION"": 122, ""OBJECTION"": 9, ""AWARD"": 81, ""COMPENSATION"": 81}","{""officers_count"": 3, ""sla_breaches"": 5, ""disputes_count"": 7, ""avg_days_per_stage"": 59.7, ""stage_complexity"": 0.5994}"
7751c221-27d6-4540-9cf8-19356d822e35,PROJ-1157,2025-04-16T00:00:00+00:00,1142.32,197.67,497,86,395,16,2332798498.08,3051670562.86,"{""SURVEY"": 118, ""VERIFICATION"": 118, ""OBJECTION"": 9, ""AWARD"": 79, ""COMPENSATION"": 79}","{""officers_count"": 3, ""sla_breaches"": 5, ""disputes_count"": 7, ""avg_days_per_stage"": 37.6, ""stage_complexity"": 0.4519}"
5902cfce-e937-4463-a3a5-263b2299626d,PROJ-1157,2025-05-01T00:00:00+00:00,1142.32,229.84,497,100,378,19,2006025287.94,3708279614.47,"{""SURVEY"": 113, ""VERIFICATION"": 113, ""OBJECTION"": 11, ""AWARD"": 75, ""COMPENSATION"": 75}","{""officers_count"": 5, ""sla_breaches"": 2, ""disputes_count"": 5, ""avg_days_per_stage"": 44.7, ""stage_complexity"": 0.6379}"
a99bdec2-5c02-4a11-90c4-d1996d45891f,PROJ-1157,2025-05-16T00:00:00+00:00,1142.32,252.83,497,110,369,18,1758149622.82,3157706136.29,"{""SURVEY"": 110, ""VERIFICATION"": 110, ""OBJECTION"": 10, ""AWARD"": 73, ""COMPENSATION"": 73}","{""officers_count"": 4, ""sla_breaches"": 3, ""disputes_count"": 3, ""avg_days_per_stage"": 48.3, ""stage_complexity"": 0.5263}"
c77ba16f-674b-47fe-a76e-d6aac4bed5a9,PROJ-1157,2025-05-31T00:00:00+00:00,1142.32,280.41,497,122,356,19,2191684701.83,3249919788.91,"{""SURVEY"": 106, ""VERIFICATION"": 106, ""OBJECTION"": 11, ""AWARD"": 71, ""COMPENSATION"": 71}","{""officers_count"": 5, ""sla_breaches"": 2, ""disputes_count"": 7, ""avg_days_per_stage"": 48.1, ""stage_complexity"": 0.5564}"
78dcd742-fff7-4d0b-b84e-523a833b5ff5,PROJ-1157,2025-06-15T00:00:00+00:00,1142.32,307.99,497,134,342,21,3249078236.27,2850765277.41,"{""SURVEY"": 102, ""VERIFICATION"": 102, ""OBJECTION"": 12, ""AWARD"": 68, ""COMPENSATION"": 68}","{""officers_count"": 4, ""sla_breaches"": 3, ""disputes_count"": 3, ""avg_days_per_stage"": 57.0, ""stage_complexity"": 0.6562}"
59f55ac8-7616-4ecb-b2c5-90d4213fe78c,PROJ-1157,2025-06-30T00:00:00+00:00,1142.32,340.17,497,148,328,21,2922185842.49,3458042794.7,"{""SURVEY"": 98, ""VERIFICATION"": 98, ""OBJECTION"": 12, ""AWARD"": 65, ""COMPENSATION"": 65}","{""officers_count"": 4, ""sla_breaches"": 5, ""disputes_count"": 6, ""avg_days_per_stage"": 53.1, ""stage_complexity"": 0.4177}"
dab3660f-4a0d-4daa-bbbe-1c4d037685ba,PROJ-1157,2025-07-15T00:00:00+00:00,1142.32,353.96,497,154,320,23,2434877048.89,3055063247.12,"{""SURVEY"": 96, ""VERIFICATION"": 96, ""OBJECTION"": 13, ""AWARD"": 64, ""COMPENSATION"": 64}","{""officers_count"": 3, ""sla_breaches"": 2, ""disputes_count"": 2, ""avg_days_per_stage"": 41.3, ""stage_complexity"": 0.4335}"
e8ee2e32-c933-4e2c-9869-04f5c739016f,PROJ-1157,2025-07-30T00:00:00+00:00,1142.32,372.35,497,162,309,26,2062510559.5,2121897759.79,"{""SURVEY"": 92, ""VERIFICATION"": 92, ""OBJECTION"": 15, ""AWARD"": 61, ""COMPENSATION"": 61}","{""officers_count"": 4, ""sla_breaches"": 5, ""disputes_count"": 3, ""avg_days_per_stage"": 38.0, ""stage_complexity"": 0.5938}"
5e9e61cf-1a63-42ae-8a5d-2fc32fae69ca,PROJ-1157,2025-08-14T00:00:00+00:00,1142.32,404.52,497,176,293,28,2614237721.38,2133275582.42,"{""SURVEY"": 87, ""VERIFICATION"": 87, ""OBJECTION"": 16, ""AWARD"": 58, ""COMPENSATION"": 58}","{""officers_count"": 6, ""sla_breaches"": 3, ""disputes_count"": 2, ""avg_days_per_stage"": 37.8, ""stage_complexity"": 0.6806}"
f45354ba-006b-4381-b06a-0032fc5a1fa7,PROJ-1158,2025-01-01T00:00:00+00:00,501.5,21.42,562,24,534,5,0.0,574323091.26,"{""SURVEY"": 160, ""VERIFICATION"": 160, ""OBJECTION"": 3, ""AWARD"": 106, ""COMPENSATION"": 106}","{""officers_count"": 12, ""sla_breaches"": 2, ""disputes_count"": 1, ""avg_days_per_stage"": 25.9, ""stage_complexity"": 0.3137}"
1cce6cce-53af-489f-8a6c-6598d084deb2,PROJ-1158,2025-01-16T00:00:00+00:00,501.5,47.29,562,53,504,5,95720515.21,555178988.22,"{""SURVEY"": 151, ""VERIFICATION"": 151, ""OBJECTION"": 3, ""AWARD"": 100, ""COMPENSATION"": 100}","{""officers_count"": 12, ""sla_breaches"": 1, ""disputes_count"": 0, ""avg_days_per_stage"": 16.1, ""stage_complexity"": 0.2706}"
f772a801-2ea9-47e4-8951-a50959895aca,PROJ-1158,2025-01-31T00:00:00+00:00,501.5,63.36,562,71,486,4,287161545.63,516890782.14,"{""SURVEY"": 145, ""VERIFICATION"": 145, ""OBJECTION"": 2, ""AWARD"": 97, ""COMPENSATION"": 97}","{""officers_count"": 9, ""sla_breaches"": 1, ""disputes_count"": 1, ""avg_days_per_stage"": 17.4, ""stage_complexity"": 0.218}"
0c9fa755-38b5-4c2c-94aa-ea05bd6fbb62,PROJ-1158,2025-02-15T00:00:00+00:00,501.5,77.63,562,87,471,5,574323091.26,459458473.01,"{""SURVEY"": 141, ""VERIFICATION"": 141, ""OBJECTION"": 3, ""AWARD"": 94, ""COMPENSATION"": 94}","{""officers_count"": 12, ""sla_breaches"": 1, ""disputes_count"": 2, ""avg_days_per_stage"": 29.8, ""stage_complexity"": 0.2859}"
240640fe-8871-4429-b0fe-ea75b651c9dd,PROJ-1158,2025-03-02T00:00:00+00:00,501.5,90.13,562,101,456,5,957205152.11,382882060.84,"{""SURVEY"": 136, ""VERIFICATION"": 136, ""OBJECTION"": 3, ""AWARD"": 91, ""COMPENSATION"": 91}","{""officers_count"": 5, ""sla_breaches"": 0, ""disputes_count"": 2, ""avg_days_per_stage"": 17.2, ""stage_complexity"": 0.3492}"
11861173-acf0-49fb-b513-f141facfdbc2,PROJ-1159,2025-01-01T00:00:00+00:00,191.92,6.59,495,17,477,1,0.0,296824566.07,"{""SURVEY"": 143, ""VERIFICATION"": 143, ""OBJECTION"": 0, ""AWARD"": 95, ""COMPENSATION"": 95}","{""officers_count"": 10, ""sla_breaches"": 2, ""disputes_count"": 3, ""avg_days_per_stage"": 26.5, ""stage_complexity"": 0.4022}"
e750adc0-c5b5-4b7b-811f-4b49bb659db2,PROJ-1159,2025-01-16T00:00:00+00:00,191.92,17.06,495,44,450,2,49470761.01,286930413.87,"{""SURVEY"": 135, ""VERIFICATION"": 135, ""OBJECTION"": 1, ""AWARD"": 90, ""COMPENSATION"": 90}","{""officers_count"": 12, ""sla_breaches"": 1, ""disputes_count"": 2, ""avg_days_per_stage"": 19.6, ""stage_complexity"": 0.4278}"
29d2ffc2-6109-4dfc-b561-2b9ec9e64036,PROJ-1159,2025-01-31T00:00:00+00:00,191.92,29.47,495,76,417,0,148412283.04,267142109.47,"{""SURVEY"": 125, ""VERIFICATION"": 125, ""OBJECTION"": 0, ""AWARD"": 83, ""COMPENSATION"": 83}","{""officers_count"": 12, ""sla_breaches"": 2, ""disputes_count"": 3, ""avg_days_per_stage"": 31.2, ""stage_complexity"": 0.2834}"
9d30319f-910f-4a0e-a180-221472586d87,PROJ-1159,2025-02-15T00:00:00+00:00,191.92,36.06,495,93,402,1,296824566.07,237459652.86,"{""SURVEY"": 120, ""VERIFICATION"": 120, ""OBJECTION"": 0, ""AWARD"": 80, ""COMPENSATION"": 80}","{""officers_count"": 9, ""sla_breaches"": 2, ""disputes_count"": 3, ""avg_days_per_stage"": 17.2, ""stage_complexity"": 0.2426}"
ec4280f4-33f2-4646-99e9-0777e128239c,PROJ-1159,2025-03-02T00:00:00+00:00,191.92,49.63,495,128,366,2,494707610.12,197883044.05,"{""SURVEY"": 109, ""VERIFICATION"": 109, ""OBJECTION"": 1, ""AWARD"": 73, ""COMPENSATION"": 73}","{""officers_count"": 9, ""sla_breaches"": 0, ""disputes_count"": 0, ""avg_days_per_stage"": 34.9, ""stage_complexity"": 0.2795}"
b5b79dc9-a8d0-4394-9a68-2af775d613a2,PROJ-1160,2025-01-01T00:00:00+00:00,1107.85,9.63,575,5,559,11,908318134.58,3184862899.16,"{""SURVEY"": 167, ""VERIFICATION"": 167, ""OBJECTION"": 6, ""AWARD"": 111, ""COMPENSATION"": 111}","{""officers_count"": 4, ""sla_breaches"": 5, ""disputes_count"": 5, ""avg_days_per_stage"": 108.5, ""stage_complexity"": 0.7749}"
fcd1a1ad-cde7-4061-ad81-378283e4e1ca,PROJ-1160,2025-01-16T00:00:00+00:00,1107.85,21.19,575,11,547,17,364612466.68,4347705609.75,"{""SURVEY"": 164, ""VERIFICATION"": 164, ""OBJECTION"": 10, ""AWARD"": 109, ""COMPENSATION"": 109}","{""officers_count"": 4, ""sla_breaches"": 7, ""disputes_count"": 5, ""avg_days_per_stage"": 106.7, ""stage_complexity"": 0.8096}"
bf1a90f6-9c6e-4159-9375-227fa8f2c289,PROJ-1160,2025-01-31T00:00:00+00:00,1107.85,28.9,575,15,540,20,256383084.25,3346250385.52,"{""SURVEY"": 162, ""VERIFICATION"": 162, ""OBJECTION"": 12, ""AWARD"": 108, ""COMPENSATION"": 108}","{""officers_count"": 6, ""sla_breaches"": 9, ""disputes_count"": 5, ""avg_days_per_stage"": 106.9, ""stage_complexity"": 0.8486}"
4c788582-870c-4e6e-91e7-6a9a44871bb4,PROJ-1160,2025-02-15T00:00:00+00:00,1107.85,42.39,575,22,529,24,269678927.48,3554543021.01,"{""SURVEY"": 158, ""VERIFICATION"": 158, ""OBJECTION"": 14, ""AWARD"": 105, ""COMPENSATION"": 105}","{""officers_count"": 5, ""sla_breaches"": 6, ""disputes_count"": 5, ""avg_days_per_stage"": 60.2, ""stage_complexity"": 0.8134}"
9b7281f8-9614-461a-b210-03cee9b0e3f9,PROJ-1160,2025-03-02T00:00:00+00:00,1107.85,48.17,575,25,521,29,789639603.31,3346116392.61,"{""SURVEY"": 156, ""VERIFICATION"": 156, ""OBJECTION"": 17, ""AWARD"": 104, ""COMPENSATION"": 104}","{""officers_count"": 4, ""sla_breaches"": 10, ""disputes_count"": 3, ""avg_days_per_stage"": 104.6, ""stage_complexity"": 0.8824}"
da9e6a97-3ddf-4ad2-8eb6-ff15bb2230a8,PROJ-1161,2025-01-01T00:00:00+00:00,1152.82,6.43,717,4,710,7,545952206.05,1277078071.51,"{""SURVEY"": 213, ""VERIFICATION"": 213, ""OBJECTION"": 4, ""AWARD"": 142, ""COMPENSATION"": 142}","{""officers_count"": 2, ""sla_breaches"": 7, ""disputes_count"": 5, ""avg_days_per_stage"": 95.3, ""stage_complexity"": 0.6958}"
dce7ee61-8535-4e1b-a193-c47033212214,PROJ-1161,2025-01-16T00:00:00+00:00,1152.82,6.43,717,4,706,10,380491908.65,1259146415.89,"{""SURVEY"": 211, ""VERIFICATION"": 211, ""OBJECTION"": 6, ""AWARD"": 141, ""COMPENSATION"": 141}","{""officers_count"": 2, ""sla_breaches"": 8, ""disputes_count"": 4, ""avg_days_per_stage"": 87.7, ""stage_complexity"": 0.7807}"
cf3b1b07-8008-484a-87a6-1092d2af2738,PROJ-1161,2025-01-31T00:00:00+00:00,1152.82,8.04,717,5,702,14,280973340.99,1371611716.65,"{""SURVEY"": 210, ""VERIFICATION"": 210, ""OBJECTION"": 8, ""AWARD"": 140, ""COMPENSATION"": 140}","{""officers_count"": 1, ""sla_breaches"": 9, ""disputes_count"": 5, ""avg_days_per_stage"": 97.6, ""stage_complexity"": 0.6988}"
acbaaecb-0314-460a-a607-c60dda33755a,PROJ-1161,2025-02-15T00:00:00+00:00,1152.82,9.65,717,6,697,15,477237525.91,1369578538.85,"{""SURVEY"": 209, ""VERIFICATION"": 209, ""OBJECTION"": 9, ""AWARD"": 139, ""COMPENSATION"": 139}","{""officers_count"": 2, ""sla_breaches"": 9, ""disputes_count"": 3, ""avg_days_per_stage"": 146.2, ""stage_complexity"": 0.6145}"
5c7a7aac-ccc3-499b-a7e0-d858ccc8ff68,PROJ-1161,2025-03-02T00:00:00+00:00,1152.82,9.65,717,6,696,19,562062767.09,1251135146.45,"{""SURVEY"": 208, ""VERIFICATION"": 208, ""OBJECTION"": 11, ""AWARD"": 139, ""COMPENSATION"": 139}","{""officers_count"": 1, ""sla_breaches"": 6, ""disputes_count"": 3, ""avg_days_per_stage"": 80.2, ""stage_complexity"": 0.5676}"
a446c546-c68e-45b5-a515-5d1ae0403610,PROJ-1161,2025-03-17T00:00:00+00:00,1152.82,16.08,717,10,688,20,626954642.26,1607059309.67,"{""SURVEY"": 206, ""VERIFICATION"": 206, ""OBJECTION"": 12, ""AWARD"": 137, ""COMPENSATION"": 137}","{""officers_count"": 2, ""sla_breaches"": 12, ""disputes_count"": 2, ""avg_days_per_stage"": 142.9, ""stage_complexity"": 0.6419}"
baf00759-ac9b-4030-b3f8-fc5b76c525fe,PROJ-1161,2025-04-01T00:00:00+00:00,1152.82,16.08,717,10,687,24,577256655.98,1521247434.08,"{""SURVEY"": 206, ""VERIFICATION"": 206, ""OBJECTION"": 14, ""AWARD"": 137, ""COMPENSATION"": 137}","{""officers_count"": 2, ""sla_breaches"": 9, ""disputes_count"": 4, ""avg_days_per_stage"": 93.8, ""stage_complexity"": 0.5979}"
fd2fb971-a2d7-48fc-883e-3d43f735be14,PROJ-1162,2025-01-01T00:00:00+00:00,270.35,1.06,256,1,243,12,125828857.09,515836949.46,"{""SURVEY"": 72, ""VERIFICATION"": 72, ""OBJECTION"": 7, ""AWARD"": 48, ""COMPENSATION"": 48}","{""officers_count"": 2, ""sla_breaches"": 8, ""disputes_count"": 21, ""avg_days_per_stage"": 126.1, ""stage_complexity"": 0.8631}"
ec2ad39f-4c4e-464e-9eea-87f7b797a6bf,PROJ-1162,2025-01-16T00:00:00+00:00,270.35,3.17,256,3,231,22,263835312.32,468875704.82,"{""SURVEY"": 69, ""VERIFICATION"": 69, ""OBJECTION"": 13, ""AWARD"": 46, ""COMPENSATION"": 46}","{""officers_count"": 4, ""sla_breaches"": 9, ""disputes_count"": 32, ""avg_days_per_stage"": 117.8, ""stage_complexity"": 0.7959}"
bfba6614-49ce-4ae4-a5d2-69f7b9cef29b,PROJ-1162,2025-01-31T00:00:00+00:00,270.35,5.28,256,5,219,32,293220554.03,637548145.51,"{""SURVEY"": 65, ""VERIFICATION"": 65, ""OBJECTION"": 19, ""AWARD"": 43, ""COMPENSATION"": 43}","{""officers_count"": 4, ""sla_breaches"": 4, ""disputes_count"": 35, ""avg_days_per_stage"": 99.8, ""stage_complexity"": 0.8912}"
67bb121b-dd59-4902-8ce4-ebb32db64c4e,PROJ-1162,2025-02-15T00:00:00+00:00,270.35,8.45,256,8,211,37,157325468.81,529154292.52,"{""SURVEY"": 63, ""VERIFICATION"": 63, ""OBJECTION"": 22, ""AWARD"": 42, ""COMPENSATION"": 42}","{""officers_count"": 2, ""sla_breaches"": 7, ""disputes_count"": 42, ""avg_days_per_stage"": 72.5, ""stage_complexity"": 0.8177}"
7bf61259-3a0a-4aca-8a82-b85ad0d960a9,PROJ-1162,2025-03-02T00:00:00+00:00,270.35,13.73,256,13,194,49,269473970.9,609554561.59,"{""SURVEY"": 58, ""VERIFICATION"": 58, ""OBJECTION"": 29, ""AWARD"": 38, ""COMPENSATION"": 38}","{""officers_count"": 4, ""sla_breaches"": 10, ""disputes_count"": 52, ""avg_days_per_stage"": 75.7, ""stage_complexity"": 0.8731}"
96bcfaed-535c-42a3-b6cc-610d04bc294b,PROJ-1162,2025-03-17T00:00:00+00:00,270.35,14.78,256,14,184,58,214736337.11,704180019.05,"{""SURVEY"": 55, ""VERIFICATION"": 55, ""OBJECTION"": 34, ""AWARD"": 36, ""COMPENSATION"": 36}","{""officers_count"": 4, ""sla_breaches"": 5, ""disputes_count"": 61, ""avg_days_per_stage"": 69.3, ""stage_complexity"": 0.9293}"
2d899f67-beee-405c-98f5-13efb8be48a7,PROJ-1162,2025-04-01T00:00:00+00:00,270.35,20.07,256,19,167,70,162961261.78,646559557.59,"{""SURVEY"": 50, ""VERIFICATION"": 50, ""OBJECTION"": 42, ""AWARD"": 33, ""COMPENSATION"": 33}","{""officers_count"": 5, ""sla_breaches"": 11, ""disputes_count"": 80, ""avg_days_per_stage"": 113.1, ""stage_complexity"": 0.9239}"
c2500de1-d473-46b9-919c-653345d23cb8,PROJ-1162,2025-04-16T00:00:00+00:00,270.35,26.4,256,25,150,81,324211818.82,788174071.82,"{""SURVEY"": 45, ""VERIFICATION"": 45, ""OBJECTION"": 48, ""AWARD"": 30, ""COMPENSATION"": 30}","{""officers_count"": 3, ""sla_breaches"": 7, ""disputes_count"": 86, ""avg_days_per_stage"": 129.1, ""stage_complexity"": 0.7804}"
ed3de9fc-71ad-428a-b783-738da00ae6a9,PROJ-1163,2025-01-01T00:00:00+00:00,93.95,0.55,341,2,334,5,88843833.86,215142934.25,"{""SURVEY"": 100, ""VERIFICATION"": 100, ""OBJECTION"": 3, ""AWARD"": 66, ""COMPENSATION"": 66}","{""officers_count"": 3, ""sla_breaches"": 7, ""disputes_count"": 7, ""avg_days_per_stage"": 113.2, ""stage_complexity"": 0.846}"
266b3994-5642-442b-80d0-768dfe9d4caf,PROJ-1163,2025-01-16T00:00:00+00:00,93.95,0.83,341,3,321,17,95203663.44,162792883.63,"{""SURVEY"": 96, ""VERIFICATION"": 96, ""OBJECTION"": 10, ""AWARD"": 64, ""COMPENSATION"": 64}","{""officers_count"": 5, ""sla_breaches"": 8, ""disputes_count"": 24, ""avg_days_per_stage"": 131.2, ""stage_complexity"": 0.8919}"
65f72184-db93-441a-9fa2-6fedb490c331,PROJ-1163,2025-01-31T00:00:00+00:00,93.95,1.1,341,4,316,21,97846078.12,277563114.4,"{""SURVEY"": 94, ""VERIFICATION"": 94, ""OBJECTION"": 12, ""AWARD"": 63, ""COMPENSATION"": 63}","{""officers_count"": 3, ""sla_breaches"": 5, ""disputes_count"": 29, ""avg_days_per_stage"": 121.7, ""stage_complexity"": 0.8182}"
8f3b92ce-4350-45ac-9c42-ff60444791b4,PROJ-1163,2025-02-15T00:00:00+00:00,93.95,1.65,341,6,302,33,37535819.21,232993075.6,"{""SURVEY"": 90, ""VERIFICATION"": 90, ""OBJECTION"": 19, ""AWARD"": 60, ""COMPENSATION"": 60}","{""officers_count"": 4, ""sla_breaches"": 5, ""disputes_count"": 37, ""avg_days_per_stage"": 116.8, ""stage_complexity"": 0.9065}"
aa6a7014-d4ef-4de2-b6b4-336e69efb7e6,PROJ-1163,2025-03-02T00:00:00+00:00,93.95,1.93,341,7,293,41,69763113.04,243863351.14,"{""SURVEY"": 87, ""VERIFICATION"": 87, ""OBJECTION"": 24, ""AWARD"": 58, ""COMPENSATION"": 58}","{""officers_count"": 5, ""sla_breaches"": 11, ""disputes_count"": 44, ""avg_days_per_stage"": 76.6, ""stage_complexity"": 0.9242}"
a8d15e37-c879-455d-8eb2-9c566d057fea,PROJ-1163,2025-03-17T00:00:00+00:00,93.95,3.03,341,11,284,46,85734672.26,247893564.93,"{""SURVEY"": 85, ""VERIFICATION"": 85, ""OBJECTION"": 27, ""AWARD"": 56, ""COMPENSATION"": 56}","{""officers_count"": 2, ""sla_breaches"": 6, ""disputes_count"": 51, ""avg_days_per_stage"": 86.2, ""stage_complexity"": 0.9347}"
ffda9af3-7c4a-4efe-a5c9-a56a7adfe396,PROJ-1163,2025-04-01T00:00:00+00:00,93.95,3.58,341,13,272,56,68727759.48,216380508.29,"{""SURVEY"": 81, ""VERIFICATION"": 81, ""OBJECTION"": 33, ""AWARD"": 54, ""COMPENSATION"": 54}","{""officers_count"": 4, ""sla_breaches"": 11, ""disputes_count"": 59, ""avg_days_per_stage"": 115.3, ""stage_complexity"": 0.9011}"
f1e7100b-8b8a-4225-9524-5480c1f92583,PROJ-1163,2025-04-16T00:00:00+00:00,93.95,4.13,341,15,263,63,83083569.56,249078987.65,"{""SURVEY"": 78, ""VERIFICATION"": 78, ""OBJECTION"": 37, ""AWARD"": 52, ""COMPENSATION"": 52}","{""officers_count"": 5, ""sla_breaches"": 5, ""disputes_count"": 65, ""avg_days_per_stage"": 97.1, ""stage_complexity"": 0.8627}"
36378347-dd4f-44fb-8b47-4cf1c781c041,PROJ-1163,2025-05-01T00:00:00+00:00,93.95,4.41,341,16,257,68,48464515.5,235910756.43,"{""SURVEY"": 77, ""VERIFICATION"": 77, ""OBJECTION"": 40, ""AWARD"": 51, ""COMPENSATION"": 51}","{""officers_count"": 5, ""sla_breaches"": 6, ""disputes_count"": 71, ""avg_days_per_stage"": 66.2, ""stage_complexity"": 0.9308}"
8e510d25-e35a-4ce2-a959-97e70d6d4b40,PROJ-1163,2025-05-16T00:00:00+00:00,93.95,4.68,341,17,252,72,100133185.55,163925746.18,"{""SURVEY"": 75, ""VERIFICATION"": 75, ""OBJECTION"": 43, ""AWARD"": 50, ""COMPENSATION"": 50}","{""officers_count"": 5, ""sla_breaches"": 10, ""disputes_count"": 80, ""avg_days_per_stage"": 75.2, ""stage_complexity"": 0.8914}"
764e7570-6991-4e42-aba1-02e6e2f6ded2,PROJ-1163,2025-05-31T00:00:00+00:00,93.95,5.23,341,19,238,84,61456594.31,203253701.88,"{""SURVEY"": 71, ""VERIFICATION"": 71, ""OBJECTION"": 50, ""AWARD"": 47, ""COMPENSATION"": 47}","{""officers_count"": 3, ""sla_breaches"": 7, ""disputes_count"": 89, ""avg_days_per_stage"": 98.0, ""stage_complexity"": 0.9344}"
799f09cb-22e0-464d-8e87-c66d293c86f9,PROJ-1163,2025-06-15T00:00:00+00:00,93.95,6.06,341,22,224,95,98764652.17,240604723.0,"{""SURVEY"": 67, ""VERIFICATION"": 67, ""OBJECTION"": 57, ""AWARD"": 44, ""COMPENSATION"": 44}","{""officers_count"": 2, ""sla_breaches"": 11, ""disputes_count"": 103, ""avg_days_per_stage"": 138.4, ""stage_complexity"": 0.7809}"
98aec2da-efa8-47b9-aafb-df7b5ed639b5,PROJ-1163,2025-06-30T00:00:00+00:00,93.95,7.16,341,26,209,106,79482620.9,200446985.46,"{""SURVEY"": 62, ""VERIFICATION"": 62, ""OBJECTION"": 63, ""AWARD"": 41, ""COMPENSATION"": 41}","{""officers_count"": 2, ""sla_breaches"": 5, ""disputes_count"": 110, ""avg_days_per_stage"": 88.8, ""stage_complexity"": 0.7906}"
f8c108aa-3c28-450f-a9b9-daa28b62d702,PROJ-1163,2025-07-15T00:00:00+00:00,93.95,7.44,341,27,198,116,40606839.02,178162614.86,"{""SURVEY"": 59, ""VERIFICATION"": 59, ""OBJECTION"": 69, ""AWARD"": 39, ""COMPENSATION"": 39}","{""officers_count"": 3, ""sla_breaches"": 6, ""disputes_count"": 120, ""avg_days_per_stage"": 138.5, ""stage_complexity"": 0.8183}"
a4bd9203-cf6b-44a3-bb0e-4db5b113a862,PROJ-1163,2025-07-30T00:00:00+00:00,93.95,9.09,341,33,183,125,105885126.59,183598675.66,"{""SURVEY"": 54, ""VERIFICATION"": 54, ""OBJECTION"": 75, ""AWARD"": 36, ""COMPENSATION"": 36}","{""officers_count"": 5, ""sla_breaches"": 5, ""disputes_count"": 130, ""avg_days_per_stage"": 111.6, ""stage_complexity"": 0.9455}"
97e1932e-8a86-4444-badc-c3ba1494ec87,PROJ-1163,2025-08-14T00:00:00+00:00,93.95,9.64,341,35,169,137,105596793.13,237986579.51,"{""SURVEY"": 50, ""VERIFICATION"": 50, ""OBJECTION"": 82, ""AWARD"": 33, ""COMPENSATION"": 33}","{""officers_count"": 5, ""sla_breaches"": 5, ""disputes_count"": 146, ""avg_days_per_stage"": 127.0, ""stage_complexity"": 0.9214}"
b0fef48e-5181-4189-bdef-a5ab614055cb,PROJ-1163,2025-08-29T00:00:00+00:00,93.95,10.19,341,37,163,141,70573015.41,263654582.92,"{""SURVEY"": 48, ""VERIFICATION"": 48, ""OBJECTION"": 84, ""AWARD"": 32, ""COMPENSATION"": 32}","{""officers_count"": 5, ""sla_breaches"": 10, ""disputes_count"": 151, ""avg_days_per_stage"": 115.5, ""stage_complexity"": 0.7597}"
79ed5d62-7f56-4123-bcd9-e0a993f2f981,PROJ-1164,2025-01-01T00:00:00+00:00,557.17,42.17,436,33,403,1,0.0,695880549.63,"{""SURVEY"": 120, ""VERIFICATION"": 120, ""OBJECTION"": 0, ""AWARD"": 80, ""COMPENSATION"": 80}","{""officers_count"": 6, ""sla_breaches"": 1, ""disputes_count"": 1, ""avg_days_per_stage"": 21.6, ""stage_complexity"": 0.3845}"
41ebb5be-e04e-4990-be77-8ae72b909d40,PROJ-1164,2025-01-16T00:00:00+00:00,557.17,62.62,436,49,386,2,115980091.6,672684531.31,"{""SURVEY"": 115, ""VERIFICATION"": 115, ""OBJECTION"": 1, ""AWARD"": 77, ""COMPENSATION"": 77}","{""officers_count"": 9, ""sla_breaches"": 1, ""disputes_count"": 0, ""avg_days_per_stage"": 15.5, ""stage_complexity"": 0.4376}"
f57a1057-cad8-400e-a8c5-c71d831a8468,PROJ-1164,2025-01-31T00:00:00+00:00,557.17,94.57,436,74,360,3,347940274.81,626292494.66,"{""SURVEY"": 108, ""VERIFICATION"": 108, ""OBJECTION"": 1, ""AWARD"": 72, ""COMPENSATION"": 72}","{""officers_count"": 8, ""sla_breaches"": 2, ""disputes_count"": 3, ""avg_days_per_stage"": 23.7, ""stage_complexity"": 0.3302}"
c1fb2d0f-4fd7-440f-aa71-cf3eed36ee42,PROJ-1164,2025-02-15T00:00:00+00:00,557.17,127.79,436,100,333,3,695880549.63,556704439.7,"{""SURVEY"": 99, ""VERIFICATION"": 99, ""OBJECTION"": 1, ""AWARD"": 66, ""COMPENSATION"": 66}","{""officers_count"": 6, ""sla_breaches"": 0, ""disputes_count"": 3, ""avg_days_per_stage"": 20.3, ""stage_complexity"": 0.3851}"
6bd9467f-c5ab-4979-858c-f35a0093f9e3,PROJ-1164,2025-03-02T00:00:00+00:00,557.17,153.35,436,120,313,2,1159800916.04,463920366.42,"{""SURVEY"": 93, ""VERIFICATION"": 93, ""OBJECTION"": 1, ""AWARD"": 62, ""COMPENSATION"": 62}","{""officers_count"": 9, ""sla_breaches"": 2, ""disputes_count"": 2, ""avg_days_per_stage"": 26.4, ""stage_complexity"": 0.431}"
de65da04-1f53-4f00-8b67-6b96326036bb,PROJ-1164,2025-03-17T00:00:00+00:00,557.17,169.96,436,133,301,2,1739701374.07,347940274.81,"{""SURVEY"": 90, ""VERIFICATION"": 90, ""OBJECTION"": 1, ""AWARD"": 60, ""COMPENSATION"": 60}","{""officers_count"": 11, ""sla_breaches"": 2, ""disputes_count"": 2, ""avg_days_per_stage"": 21.4, ""stage_complexity"": 0.2471}"
f3a33fc3-8220-4c4d-9eb8-410cd81c166c,PROJ-1164,2025-04-01T00:00:00+00:00,557.17,213.41,436,167,267,2,2319601832.09,231960183.21,"{""SURVEY"": 80, ""VERIFICATION"": 80, ""OBJECTION"": 1, ""AWARD"": 53, ""COMPENSATION"": 53}","{""officers_count"": 7, ""sla_breaches"": 2, ""disputes_count"": 2, ""avg_days_per_stage"": 33.0, ""stage_complexity"": 0.2663}"
60077c95-9d73-4554-9c74-aee2ab50eeda,PROJ-1164,2025-04-16T00:00:00+00:00,557.17,230.02,436,180,254,3,2319601832.09,231960183.21,"{""SURVEY"": 76, ""VERIFICATION"": 76, ""OBJECTION"": 1, ""AWARD"": 50, ""COMPENSATION"": 50}","{""officers_count"": 5, ""sla_breaches"": 2, ""disputes_count"": 2, ""avg_days_per_stage"": 25.5, ""stage_complexity"": 0.3958}"
59443f76-a64e-4c22-9d2b-02c1e3ccf6eb,PROJ-1164,2025-05-01T00:00:00+00:00,557.17,260.69,436,204,229,2,2319601832.09,231960183.21,"{""SURVEY"": 68, ""VERIFICATION"": 68, ""OBJECTION"": 1, ""AWARD"": 45, ""COMPENSATION"": 45}","{""officers_count"": 12, ""sla_breaches"": 2, ""disputes_count"": 3, ""avg_days_per_stage"": 16.8, ""stage_complexity"": 0.3413}"
6bec0c53-a167-4f78-9aec-66b44b57140d,PROJ-1164,2025-05-16T00:00:00+00:00,557.17,300.31,436,235,199,2,2319601832.09,231960183.21,"{""SURVEY"": 59, ""VERIFICATION"": 59, ""OBJECTION"": 1, ""AWARD"": 39, ""COMPENSATION"": 39}","{""officers_count"": 12, ""sla_breaches"": 0, ""disputes_count"": 2, ""avg_days_per_stage"": 32.3, ""stage_complexity"": 0.4246}"
47222102-4e79-4297-9a2a-b9c975774d40,PROJ-1164,2025-05-31T00:00:00+00:00,557.17,342.48,436,268,166,3,2319601832.09,231960183.21,"{""SURVEY"": 49, ""VERIFICATION"": 49, ""OBJECTION"": 1, ""AWARD"": 33, ""COMPENSATION"": 33}","{""officers_count"": 11, ""sla_breaches"": 0, ""disputes_count"": 1, ""avg_days_per_stage"": 28.6, ""stage_complexity"": 0.2003}"
13e66853-4bcd-4fd4-875a-46ab9a33b0d1,PROJ-1164,2025-06-15T00:00:00+00:00,557.17,387.21,436,303,130,4,2319601832.09,231960183.21,"{""SURVEY"": 39, ""VERIFICATION"": 39, ""OBJECTION"": 2, ""AWARD"": 26, ""COMPENSATION"": 26}","{""officers_count"": 9, ""sla_breaches"": 1, ""disputes_count"": 0, ""avg_days_per_stage"": 23.7, ""stage_complexity"": 0.2407}"
27a086db-9e50-48db-84e4-0088621dece7,PROJ-1164,2025-06-30T00:00:00+00:00,557.17,426.82,436,334,98,4,2319601832.09,231960183.21,"{""SURVEY"": 29, ""VERIFICATION"": 29, ""OBJECTION"": 2, ""AWARD"": 19, ""COMPENSATION"": 19}","{""officers_count"": 12, ""sla_breaches"": 0, ""disputes_count"": 1, ""avg_days_per_stage"": 29.7, ""stage_complexity"": 0.2118}"
021e8116-70d1-40ba-ada2-8ccf7221fd17,PROJ-1164,2025-07-15T00:00:00+00:00,557.17,456.21,436,357,75,5,2319601832.09,231960183.21,"{""SURVEY"": 22, ""VERIFICATION"": 22, ""OBJECTION"": 3, ""AWARD"": 15, ""COMPENSATION"": 15}","{""officers_count"": 9, ""sla_breaches"": 2, ""disputes_count"": 0, ""avg_days_per_stage"": 24.3, ""stage_complexity"": 0.4321}"
457c40cc-6ad1-4278-9188-66b5fe3f3ec8,PROJ-1165,2025-01-01T00:00:00+00:00,725.77,3.12,698,3,686,9,497113470.13,2717191489.44,"{""SURVEY"": 205, ""VERIFICATION"": 205, ""OBJECTION"": 5, ""AWARD"": 137, ""COMPENSATION"": 137}","{""officers_count"": 2, ""sla_breaches"": 6, ""disputes_count"": 14, ""avg_days_per_stage"": 106.8, ""stage_complexity"": 0.8261}"
afb89476-82d2-4d30-85b8-f890dca427fb,PROJ-1165,2025-01-16T00:00:00+00:00,725.77,4.16,698,4,676,18,783161833.71,2777587150.48,"{""SURVEY"": 202, ""VERIFICATION"": 202, ""OBJECTION"": 10, ""AWARD"": 135, ""COMPENSATION"": 135}","{""officers_count"": 2, ""sla_breaches"": 11, ""disputes_count"": 26, ""avg_days_per_stage"": 122.5, ""stage_complexity"": 0.8575}"
49058fcd-38f4-4d2c-9109-f4cf092b61ea,PROJ-1165,2025-01-31T00:00:00+00:00,725.77,7.28,698,7,667,24,1041748850.6,2379933483.21,"{""SURVEY"": 200, ""VERIFICATION"": 200, ""OBJECTION"": 14, ""AWARD"": 133, ""COMPENSATION"": 133}","{""officers_count"": 4, ""sla_breaches"": 8, ""disputes_count"": 34, ""avg_days_per_stage"": 91.8, ""stage_complexity"": 0.8064}"
b6465b9b-96a2-4035-9d47-52df93f1ff23,PROJ-1165,2025-02-15T00:00:00+00:00,725.77,13.52,698,13,653,32,1151737461.01,2953006098.55,"{""SURVEY"": 195, ""VERIFICATION"": 195, ""OBJECTION"": 19, ""AWARD"": 130, ""COMPENSATION"": 130}","{""officers_count"": 2, ""sla_breaches"": 6, ""disputes_count"": 39, ""avg_days_per_stage"": 105.5, ""stage_complexity"": 0.7569}"
bf5b0e31-895e-473d-a4bd-7bea083e3335,PROJ-1165,2025-03-02T00:00:00+00:00,725.77,17.68,698,17,641,40,1164010699.29,1779037285.92,"{""SURVEY"": 192, ""VERIFICATION"": 192, ""OBJECTION"": 24, ""AWARD"": 128, ""COMPENSATION"": 128}","{""officers_count"": 4, ""sla_breaches"": 6, ""disputes_count"": 47, ""avg_days_per_stage"": 129.3, ""stage_complexity"": 0.8818}"
59b65866-11e4-45d9-b9cb-534bc2e2bec9,PROJ-1165,2025-03-17T00:00:00+00:00,725.77,22.88,698,22,626,50,484925945.29,1736822622.8,"{""SURVEY"": 187, ""VERIFICATION"": 187, ""OBJECTION"": 30, ""AWARD"": 125, ""COMPENSATION"": 125}","{""officers_count"": 3, ""sla_breaches"": 9, ""disputes_count"": 58, ""avg_days_per_stage"": 104.8, ""stage_complexity"": 0.7756}"
5ee20e19-59b3-4e7e-b21d-0427cf371ffa,PROJ-1165,2025-04-01T00:00:00+00:00,725.77,27.03,698,26,617,55,497232996.69,3050144190.77,"{""SURVEY"": 185, ""VERIFICATION"": 185, ""OBJECTION"": 33, ""AWARD"": 123, ""COMPENSATION"": 123}","{""officers_count"": 2, ""sla_breaches"": 11, ""disputes_count"": 61, ""avg_days_per_stage"": 88.8, ""stage_complexity"": 0.8827}"
4f804306-9bea-4b87-b51d-1aae9d6dc8bc,PROJ-1165,2025-04-16T00:00:00+00:00,725.77,29.11,698,28,603,67,458911946.5,2116701092.12,"{""SURVEY"": 180, ""VERIFICATION"": 180, ""OBJECTION"": 40, ""AWARD"": 120, ""COMPENSATION"": 120}","{""officers_count"": 3, ""sla_breaches"": 5, ""disputes_count"": 72, ""avg_days_per_stage"": 118.6, ""stage_complexity"": 0.9492}"
48df5598-0ba5-465d-9ffd-7c3017a276cc,PROJ-1165,2025-05-01T00:00:00+00:00,725.77,32.23,698,31,588,79,917149257.31,2306160614.29,"{""SURVEY"": 176, ""VERIFICATION"": 176, ""OBJECTION"": 47, ""AWARD"": 117, ""COMPENSATION"": 117}","{""officers_count"": 3, ""sla_breaches"": 6, ""disputes_count"": 85, ""avg_days_per_stage"": 138.8, ""stage_complexity"": 0.7599}"
5b233d59-5b14-4bee-baf6-1c4229d425d3,PROJ-1165,2025-05-16T00:00:00+00:00,725.77,34.31,698,33,574,91,510320473.28,1770267205.49,"{""SURVEY"": 172, ""VERIFICATION"": 172, ""OBJECTION"": 54, ""AWARD"": 114, ""COMPENSATION"": 114}","{""officers_count"": 4, ""sla_breaches"": 9, ""disputes_count"": 99, ""avg_days_per_stage"": 96.4, ""stage_complexity"": 0.9258}"
cfc9a39e-ca15-4d28-9681-8f16883d9ce2,PROJ-1165,2025-05-31T00:00:00+00:00,725.77,38.47,698,37,562,99,758910313.85,1691506461.15,"{""SURVEY"": 168, ""VERIFICATION"": 168, ""OBJECTION"": 59, ""AWARD"": 112, ""COMPENSATION"": 112}","{""officers_count"": 5, ""sla_breaches"": 6, ""disputes_count"": 103, ""avg_days_per_stage"": 77.4, ""stage_complexity"": 0.8527}"
6e2a2ad2-760a-40f6-9557-fbbc73d0b3e5,PROJ-1165,2025-06-15T00:00:00+00:00,725.77,42.63,698,41,554,103,596664423.29,2634739651.62,"{""SURVEY"": 166, ""VERIFICATION"": 166, ""OBJECTION"": 61, ""AWARD"": 110, ""COMPENSATION"": 110}","{""officers_count"": 5, ""sla_breaches"": 10, ""disputes_count"": 109, ""avg_days_per_stage"": 126.3, ""stage_complexity"": 0.8391}"
c5b99cbf-48e0-42bc-a643-effbd1ce3cae,PROJ-1165,2025-06-30T00:00:00+00:00,725.77,45.75,698,44,544,110,857069149.29,2509318341.7,"{""SURVEY"": 163, ""VERIFICATION"": 163, ""OBJECTION"": 66, ""AWARD"": 108, ""COMPENSATION"": 108}","{""officers_count"": 4, ""sla_breaches"": 10, ""disputes_count"": 119, ""avg_days_per_stage"": 97.2, ""stage_complexity"": 0.8253}"
db50b32c-26a8-4036-9a48-fa36f8698437,PROJ-1165,2025-07-15T00:00:00+00:00,725.77,50.95,698,49,531,118,1009808475.55,2104077684.34,"{""SURVEY"": 159, ""VERIFICATION"": 159, ""OBJECTION"": 70, ""AWARD"": 106, ""COMPENSATION"": 106}","{""officers_count"": 4, ""sla_breaches"": 10, ""disputes_count"": 121, ""avg_days_per_stage"": 134.4, ""stage_complexity"": 0.9143}"
3d29acb2-1e07-43d9-b238-63142c62d4c4,PROJ-1166,2025-01-01T00:00:00+00:00,698.95,12.94,540,10,526,4,0.0,1052714491.57,"{""SURVEY"": 157, ""VERIFICATION"": 157, ""OBJECTION"": 2, ""AWARD"": 105, ""COMPENSATION"": 105}","{""officers_count"": 10, ""sla_breaches"": 2, ""disputes_count"": 1, ""avg_days_per_stage"": 30.0, ""stage_complexity"": 0.393}"
e51d173b-d74c-4666-8631-e43d65c6c6c4,PROJ-1166,2025-01-16T00:00:00+00:00,698.95,37.54,540,29,507,3,175452415.26,1017624008.52,"{""SURVEY"": 152, ""VERIFICATION"": 152, ""OBJECTION"": 1, ""AWARD"": 101, ""COMPENSATION"": 101}","{""officers_count"": 10, ""sla_breaches"": 0, ""disputes_count"": 3, ""avg_days_per_stage"": 32.3, ""stage_complexity"": 0.2758}"
ea5bec89-418f-4d58-b641-eaa573d28e22,PROJ-1166,2025-01-31T00:00:00+00:00,698.95,64.72,540,50,487,3,526357245.79,947443042.42,"{""SURVEY"": 146, ""VERIFICATION"": 146, ""OBJECTION"": 1, ""AWARD"": 97, ""COMPENSATION"": 97}","{""officers_count"": 6, ""sla_breaches"": 0, ""disputes_count"": 0, ""avg_days_per_stage"": 18.6, ""stage_complexity"": 0.4121}"
3a571522-100c-4795-9334-3e9369807224,PROJ-1166,2025-02-15T00:00:00+00:00,698.95,107.43,540,83,454,4,1052714491.57,842171593.26,"{""SURVEY"": 136, ""VERIFICATION"": 136, ""OBJECTION"": 2, ""AWARD"": 90, ""COMPENSATION"": 90}","{""officers_count"": 6, ""sla_breaches"": 0, ""disputes_count"": 0, ""avg_days_per_stage"": 15.4, ""stage_complexity"": 0.4132}"
b74a08ba-f795-41d8-a05d-e2f4863039f1,PROJ-1166,2025-03-02T00:00:00+00:00,698.95,139.79,540,108,428,2,1754524152.62,701809661.05,"{""SURVEY"": 128, ""VERIFICATION"": 128, ""OBJECTION"": 1, ""AWARD"": 85, ""COMPENSATION"": 85}","{""officers_count"": 5, ""sla_breaches"": 2, ""disputes_count"": 1, ""avg_days_per_stage"": 25.3, ""stage_complexity"": 0.2876}"
ff0386a1-36f9-4476-8731-f3b5aa6b42c3,PROJ-1166,2025-03-17T00:00:00+00:00,698.95,185.09,540,143,395,3,2631786228.93,526357245.79,"{""SURVEY"": 118, ""VERIFICATION"": 118, ""OBJECTION"": 1, ""AWARD"": 79, ""COMPENSATION"": 79}","{""officers_count"": 5, ""sla_breaches"": 0, ""disputes_count"": 2, ""avg_days_per_stage"": 29.6, ""stage_complexity"": 0.271}"
d296a243-696c-4211-817a-61a5f12a6a9e,PROJ-1166,2025-04-01T00:00:00+00:00,698.95,223.92,540,173,364,2,3509048305.25,350904830.52,"{""SURVEY"": 109, ""VERIFICATION"": 109, ""OBJECTION"": 1, ""AWARD"": 72, ""COMPENSATION"": 72}","{""officers_count"": 5, ""sla_breaches"": 0, ""disputes_count"": 2, ""avg_days_per_stage"": 16.4, ""stage_complexity"": 0.3478}"
b9c593f1-319e-4afc-a5d0-9ba851920c76,PROJ-1166,2025-04-16T00:00:00+00:00,698.95,247.22,540,191,347,3,3509048305.25,350904830.52,"{""SURVEY"": 104, ""VERIFICATION"": 104, ""OBJECTION"": 1, ""AWARD"": 69, ""COMPENSATION"": 69}","{""officers_count"": 9, ""sla_breaches"": 0, ""disputes_count"": 0, ""avg_days_per_stage"": 25.2, ""stage_complexity"": 0.2463}"
0cfde041-0f3b-402b-adbf-d67ac05787c2,PROJ-1166,2025-05-01T00:00:00+00:00,698.95,280.87,540,217,320,3,3509048305.25,350904830.52,"{""SURVEY"": 96, ""VERIFICATION"": 96, ""OBJECTION"": 1, ""AWARD"": 64, ""COMPENSATION"": 64}","{""officers_count"": 7, ""sla_breaches"": 2, ""disputes_count"": 1, ""avg_days_per_stage"": 17.5, ""stage_complexity"": 0.3849}"
e3270a7a-91dc-44ab-8a1e-943225b50181,PROJ-1166,2025-05-16T00:00:00+00:00,698.95,314.53,540,243,294,1,3509048305.25,350904830.52,"{""SURVEY"": 88, ""VERIFICATION"": 88, ""OBJECTION"": 0, ""AWARD"": 58, ""COMPENSATION"": 58}","{""officers_count"": 8, ""sla_breaches"": 1, ""disputes_count"": 3, ""avg_days_per_stage"": 23.7, ""stage_complexity"": 0.3075}"
f6310295-51f7-450d-acc4-272907cea49c,PROJ-1166,2025-05-31T00:00:00+00:00,698.95,333.94,540,258,281,0,3509048305.25,350904830.52,"{""SURVEY"": 84, ""VERIFICATION"": 84, ""OBJECTION"": 0, ""AWARD"": 56, ""COMPENSATION"": 56}","{""officers_count"": 8, ""sla_breaches"": 0, ""disputes_count"": 1, ""avg_days_per_stage"": 30.9, ""stage_complexity"": 0.3352}"
55318831-8e1d-486d-ba0e-a3681a7fb04b,PROJ-1166,2025-06-15T00:00:00+00:00,698.95,365.01,540,282,258,1,3509048305.25,350904830.52,"{""SURVEY"": 77, ""VERIFICATION"": 77, ""OBJECTION"": 0, ""AWARD"": 51, ""COMPENSATION"": 51}","{""officers_count"": 10, ""sla_breaches"": 0, ""disputes_count"": 2, ""avg_days_per_stage"": 24.6, ""stage_complexity"": 0.2669}"
74a939d3-ff9c-47c4-bd3b-aead1d83f430,PROJ-1166,2025-06-30T00:00:00+00:00,698.95,383.13,540,296,243,0,3509048305.25,350904830.52,"{""SURVEY"": 72, ""VERIFICATION"": 72, ""OBJECTION"": 0, ""AWARD"": 48, ""COMPENSATION"": 48}","{""officers_count"": 10, ""sla_breaches"": 2, ""disputes_count"": 3, ""avg_days_per_stage"": 31.6, ""stage_complexity"": 0.3275}"
91a07e3b-7cba-4333-bfbd-f16656b7fd8a,PROJ-1166,2025-07-15T00:00:00+00:00,698.95,427.14,540,330,210,0,3509048305.25,350904830.52,"{""SURVEY"": 63, ""VERIFICATION"": 63, ""OBJECTION"": 0, ""AWARD"": 42, ""COMPENSATION"": 42}","{""officers_count"": 9, ""sla_breaches"": 1, ""disputes_count"": 1, ""avg_days_per_stage"": 28.8, ""stage_complexity"": 0.3859}"
c42de643-7d4c-4998-bcef-6d7de90d3bd3,PROJ-1167,2025-01-01T00:00:00+00:00,486.0,1.25,778,2,766,10,326239565.81,1153032316.88,"{""SURVEY"": 229, ""VERIFICATION"": 229, ""OBJECTION"": 6, ""AWARD"": 153, ""COMPENSATION"": 153}","{""officers_count"": 5, ""sla_breaches"": 5, ""disputes_count"": 13, ""avg_days_per_stage"": 114.6, ""stage_complexity"": 0.8572}"
e6ef1530-8b86-412d-bb61-0f0a92e20fc4,PROJ-1167,2025-01-16T00:00:00+00:00,486.0,5.0,778,8,749,21,219817813.83,1455547499.59,"{""SURVEY"": 224, ""VERIFICATION"": 224, ""OBJECTION"": 12, ""AWARD"": 149, ""COMPENSATION"": 149}","{""officers_count"": 4, ""sla_breaches"": 9, ""disputes_count"": 27, ""avg_days_per_stage"": 81.5, ""stage_complexity"": 0.7953}"
fb342ebf-b537-4e59-9ab3-63d706348edc,PROJ-1167,2025-01-31T00:00:00+00:00,486.0,7.5,778,12,735,31,255804986.73,1134481877.44,"{""SURVEY"": 220, ""VERIFICATION"": 220, ""OBJECTION"": 18, ""AWARD"": 147, ""COMPENSATION"": 147}","{""officers_count"": 4, ""sla_breaches"": 6, ""disputes_count"": 39, ""avg_days_per_stage"": 95.1, ""stage_complexity"": 0.9134}"
1e9f9eb0-4f80-4f0f-b934-28ee133e424e,PROJ-1167,2025-02-15T00:00:00+00:00,486.0,9.37,778,15,726,37,233470535.55,1037001492.89,"{""SURVEY"": 217, ""VERIFICATION"": 217, ""OBJECTION"": 22, ""AWARD"": 145, ""COMPENSATION"": 145}","{""officers_count"": 4, ""sla_breaches"": 11, ""disputes_count"": 41, ""avg_days_per_stage"": 96.8, ""stage_complexity"": 0.8364}"
6ec11582-ef87-49b5-a067-46935a1e3593,PROJ-1167,2025-03-02T00:00:00+00:00,486.0,11.87,778,19,711,48,243930735.27,1019834467.05,"{""SURVEY"": 213, ""VERIFICATION"": 213, ""OBJECTION"": 28, ""AWARD"": 142, ""COMPENSATION"": 142}","{""officers_count"": 2, ""sla_breaches"": 8, ""disputes_count"": 53, ""avg_days_per_stage"": 82.4, ""stage_complexity"": 0.822}"
16b4a3c3-0a5d-485f-b1f4-a9ca3e6df6db,PROJ-1167,2025-03-17T00:00:00+00:00,486.0,13.12,778,21,701,56,405225466.96,755020645.42,"{""SURVEY"": 210, ""VERIFICATION"": 210, ""OBJECTION"": 33, ""AWARD"": 140, ""COMPENSATION"": 140}","{""officers_count"": 5, ""sla_breaches"": 11, ""disputes_count"": 60, ""avg_days_per_stage"": 114.9, ""stage_complexity"": 0.9479}"
f8f9dcca-20e0-404b-aeb1-3b7787600cf7,PROJ-1167,2025-04-01T00:00:00+00:00,486.0,14.37,778,23,692,63,438257549.28,811045469.52,"{""SURVEY"": 207, ""VERIFICATION"": 207, ""OBJECTION"": 37, ""AWARD"": 138, ""COMPENSATION"": 138}","{""officers_count"": 3, ""sla_breaches"": 4, ""disputes_count"": 65, ""avg_days_per_stage"": 137.6, ""stage_complexity"": 0.8487}"
56c9beb8-7f5b-46ce-8153-859a08e1a3a3,PROJ-1167,2025-04-16T00:00:00+00:00,486.0,16.24,778,26,681,71,342599556.09,1317850810.26,"{""SURVEY"": 204, ""VERIFICATION"": 204, ""OBJECTION"": 42, ""AWARD"": 136, ""COMPENSATION"": 136}","{""officers_count"": 2, ""sla_breaches"": 9, ""disputes_count"": 79, ""avg_days_per_stage"": 135.7, ""stage_complexity"": 0.7629}"
e614938f-2562-4717-83eb-3ac311b5ec9a,PROJ-1167,2025-05-01T00:00:00+00:00,486.0,18.12,778,29,670,79,444172680.07,807096090.98,"{""SURVEY"": 201, ""VERIFICATION"": 201, ""OBJECTION"": 47, ""AWARD"": 134, ""COMPENSATION"": 134}","{""officers_count"": 3, ""sla_breaches"": 9, ""disputes_count"": 83, ""avg_days_per_stage"": 127.8, ""stage_complexity"": 0.7793}"
9af6dd7a-94fe-440f-a311-05ab4245a2d5,PROJ-1167,2025-05-16T00:00:00+00:00,486.0,19.99,778,32,660,86,225895969.63,953579875.36,"{""SURVEY"": 198, ""VERIFICATION"": 198, ""OBJECTION"": 51, ""AWARD"": 132, ""COMPENSATION"": 132}","{""officers_count"": 3, ""sla_breaches"": 8, ""disputes_count"": 94, ""avg_days_per_stage"": 82.9, ""stage_complexity"": 0.8868}"
84256fce-ff25-4557-a534-530ce6445b58,PROJ-1167,2025-05-31T00:00:00+00:00,486.0,21.24,778,34,647,97,453375263.22,1444385889.23,"{""SURVEY"": 194, ""VERIFICATION"": 194, ""OBJECTION"": 58, ""AWARD"": 129, ""COMPENSATION"": 129}","{""officers_count"": 2, ""sla_breaches"": 8, ""disputes_count"": 105, ""avg_days_per_stage"": 74.6, ""stage_complexity"": 0.853}"
d8b0208a-77c6-4796-af31-e475d6667298,PROJ-1167,2025-06-15T00:00:00+00:00,486.0,23.11,778,37,635,106,469942388.91,1336707271.91,"{""SURVEY"": 190, ""VERIFICATION"": 190, ""OBJECTION"": 63, ""AWARD"": 127, ""COMPENSATION"": 127}","{""officers_count"": 5, ""sla_breaches"": 8, ""disputes_count"": 112, ""avg_days_per_stage"": 90.0, ""stage_complexity"": 0.8696}"
170a7cf4-2b10-47b7-8b21-a947e7abb77f,PROJ-1167,2025-06-30T00:00:00+00:00,486.0,24.36,778,39,624,115,513675582.03,1212992383.96,"{""SURVEY"": 187, ""VERIFICATION"": 187, ""OBJECTION"": 69, ""AWARD"": 124, ""COMPENSATION"": 124}","{""officers_count"": 3, ""sla_breaches"": 5, ""disputes_count"": 123, ""avg_days_per_stage"": 135.3, ""stage_complexity"": 0.8286}"
1dadfc63-2e6e-4f6c-bce8-fe677f5a3f09,PROJ-1167,2025-07-15T00:00:00+00:00,486.0,26.24,778,42,616,120,347695498.97,1353512566.74,"{""SURVEY"": 184, ""VERIFICATION"": 184, ""OBJECTION"": 72, ""AWARD"": 123, ""COMPENSATION"": 123}","{""officers_count"": 5, ""sla_breaches"": 11, ""disputes_count"": 125, ""avg_days_per_stage"": 108.8, ""stage_complexity"": 0.7546}"
0395e00e-8b04-4997-b284-3429a3fa4108,PROJ-1167,2025-07-30T00:00:00+00:00,486.0,28.11,778,45,604,129,380629046.53,1111308784.77,"{""SURVEY"": 181, ""VERIFICATION"": 181, ""OBJECTION"": 77, ""AWARD"": 120, ""COMPENSATION"": 120}","{""officers_count"": 4, ""sla_breaches"": 5, ""disputes_count"": 138, ""avg_days_per_stage"": 123.3, ""stage_complexity"": 0.9306}"
6fc303dc-08f8-48cc-9b2f-ecb6208aaa32,PROJ-1168,2025-01-01T00:00:00+00:00,242.92,1.36,179,1,169,9,254401047.05,557603639.06,"{""SURVEY"": 50, ""VERIFICATION"": 50, ""OBJECTION"": 5, ""AWARD"": 33, ""COMPENSATION"": 33}","{""officers_count"": 4, ""sla_breaches"": 7, ""disputes_count"": 19, ""avg_days_per_stage"": 103.4, ""stage_complexity"": 0.9334}"
37f70307-aaa4-42c9-bc1b-ad95e3d185d4,PROJ-1168,2025-01-16T00:00:00+00:00,242.92,8.14,179,6,153,20,217486458.5,921848649.61,"{""SURVEY"": 45, ""VERIFICATION"": 45, ""OBJECTION"": 12, ""AWARD"": 30, ""COMPENSATION"": 30}","{""officers_count"": 2, ""sla_breaches"": 8, ""disputes_count"": 24, ""avg_days_per_stage"": 67.7, ""stage_complexity"": 0.9433}"
905f6e59-035d-4311-9504-9a32744faf5f,PROJ-1168,2025-01-31T00:00:00+00:00,242.92,16.29,179,12,136,31,362569483.32,730494854.47,"{""SURVEY"": 40, ""VERIFICATION"": 40, ""OBJECTION"": 18, ""AWARD"": 27, ""COMPENSATION"": 27}","{""officers_count"": 2, ""sla_breaches"": 5, ""disputes_count"": 40, ""avg_days_per_stage"": 122.8, ""stage_complexity"": 0.7705}"
8f93f861-8b45-4d65-86c3-0cf9b56d1526,PROJ-1168,2025-02-15T00:00:00+00:00,242.92,17.64,179,13,125,41,299597582.61,712241866.52,"{""SURVEY"": 37, ""VERIFICATION"": 37, ""OBJECTION"": 24, ""AWARD"": 25, ""COMPENSATION"": 25}","{""officers_count"": 5, ""sla_breaches"": 5, ""disputes_count"": 45, ""avg_days_per_stage"": 75.8, ""stage_complexity"": 0.7752}"
6f0d6370-5529-4b07-ae15-7bb1ab988724,PROJ-1168,2025-03-02T00:00:00+00:00,242.92,25.78,179,19,113,47,187874798.9,536409781.24,"{""SURVEY"": 33, ""VERIFICATION"": 33, ""OBJECTION"": 28, ""AWARD"": 22, ""COMPENSATION"": 22}","{""officers_count"": 2, ""sla_breaches"": 5, ""disputes_count"": 55, ""avg_days_per_stage"": 91.8, ""stage_complexity"": 0.8017}"
332af678-e733-4e68-a429-f5bc19763a06,PROJ-1168,2025-03-17T00:00:00+00:00,242.92,29.86,179,22,102,55,199161943.2,846484623.67,"{""SURVEY"": 30, ""VERIFICATION"": 30, ""OBJECTION"": 33, ""AWARD"": 20, ""COMPENSATION"": 20}","{""officers_count"": 4, ""sla_breaches"": 8, ""disputes_count"": 64, ""avg_days_per_stage"": 94.8, ""stage_complexity"": 0.9108}"
ad5e9841-9567-41b8-b2ef-a0bbe2a8b30b,PROJ-1168,2025-04-01T00:00:00+00:00,242.92,38.0,179,28,85,66,316977233.57,845233641.14,"{""SURVEY"": 25, ""VERIFICATION"": 25, ""OBJECTION"": 39, ""AWARD"": 17, ""COMPENSATION"": 17}","{""officers_count"": 2, ""sla_breaches"": 4, ""disputes_count"": 73, ""avg_days_per_stage"": 91.5, ""stage_complexity"": 0.7553}"
7f5c5dbb-7f33-41e6-a9d8-a74a3f55f058,PROJ-1168,2025-04-16T00:00:00+00:00,242.92,44.78,179,33,71,75,210276934.0,577724927.57,"{""SURVEY"": 21, ""VERIFICATION"": 21, ""OBJECTION"": 45, ""AWARD"": 14, ""COMPENSATION"": 14}","{""officers_count"": 5, ""sla_breaches"": 5, ""disputes_count"": 84, ""avg_days_per_stage"": 70.4, ""stage_complexity"": 0.931}"
9a6e8d48-39b9-41d9-a240-a3a204e77d0e,PROJ-1169,2025-01-01T00:00:00+00:00,124.68,7.79,208,13,191,5,0.0,147427394.99,"{""SURVEY"": 57, ""VERIFICATION"": 57, ""OBJECTION"": 3, ""AWARD"": 38, ""COMPENSATION"": 38}","{""officers_count"": 8, ""sla_breaches"": 1, ""disputes_count"": 1, ""avg_days_per_stage"": 34.6, ""stage_complexity"": 0.3601}"
9799583e-de67-4f8f-9c3f-90d9c4b9d488,PROJ-1169,2025-01-16T00:00:00+00:00,124.68,16.18,208,27,176,3,24571232.5,142513148.49,"{""SURVEY"": 52, ""VERIFICATION"": 52, ""OBJECTION"": 1, ""AWARD"": 35, ""COMPENSATION"": 35}","{""officers_count"": 8, ""sla_breaches"": 2, ""disputes_count"": 0, ""avg_days_per_stage"": 28.4, ""stage_complexity"": 0.3161}"
7df48d2e-9766-4a15-b167-c86cd4d6604f,PROJ-1169,2025-01-31T00:00:00+00:00,124.68,23.98,208,40,165,4,73713697.5,132684655.49,"{""SURVEY"": 49, ""VERIFICATION"": 49, ""OBJECTION"": 2, ""AWARD"": 33, ""COMPENSATION"": 33}","{""officers_count"": 7, ""sla_breaches"": 1, ""disputes_count"": 0, ""avg_days_per_stage"": 18.3, ""stage_complexity"": 0.2974}"
1f1e801b-7fea-47da-b1c5-8becdebfe686,PROJ-1169,2025-02-15T00:00:00+00:00,124.68,39.56,208,66,138,2,147427394.99,117941915.99,"{""SURVEY"": 41, ""VERIFICATION"": 41, ""OBJECTION"": 1, ""AWARD"": 27, ""COMPENSATION"": 27}","{""officers_count"": 6, ""sla_breaches"": 2, ""disputes_count"": 0, ""avg_days_per_stage"": 20.5, ""stage_complexity"": 0.4027}"
6ed02e28-1b86-43f6-80f4-4f868795f34c,PROJ-1169,2025-03-02T00:00:00+00:00,124.68,58.14,208,97,109,2,245712324.99,98284929.99,"{""SURVEY"": 32, ""VERIFICATION"": 32, ""OBJECTION"": 1, ""AWARD"": 21, ""COMPENSATION"": 21}","{""officers_count"": 11, ""sla_breaches"": 1, ""disputes_count"": 3, ""avg_days_per_stage"": 28.0, ""stage_complexity"": 0.2657}"
44816556-8be5-4626-b3a7-acda33a7165c,PROJ-1169,2025-03-17T00:00:00+00:00,124.68,73.13,208,122,84,1,368568487.48,73713697.5,"{""SURVEY"": 25, ""VERIFICATION"": 25, ""OBJECTION"": 0, ""AWARD"": 16, ""COMPENSATION"": 16}","{""officers_count"": 6, ""sla_breaches"": 1, ""disputes_count"": 3, ""avg_days_per_stage"": 20.9, ""stage_complexity"": 0.2693}"
807f9301-3aab-4634-ac5a-5614f1e8f3bb,PROJ-1169,2025-04-01T00:00:00+00:00,124.68,92.91,208,155,52,0,491424649.97,49142465.0,"{""SURVEY"": 15, ""VERIFICATION"": 15, ""OBJECTION"": 0, ""AWARD"": 10, ""COMPENSATION"": 10}","{""officers_count"": 12, ""sla_breaches"": 1, ""disputes_count"": 0, ""avg_days_per_stage"": 15.8, ""stage_complexity"": 0.4154}"
d3942898-711d-4a9b-8ff7-16c5284d79be,PROJ-1169,2025-04-16T00:00:00+00:00,124.68,99.5,208,166,42,0,491424649.97,49142465.0,"{""SURVEY"": 12, ""VERIFICATION"": 12, ""OBJECTION"": 0, ""AWARD"": 8, ""COMPENSATION"": 8}","{""officers_count"": 11, ""sla_breaches"": 0, ""disputes_count"": 0, ""avg_days_per_stage"": 25.7, ""stage_complexity"": 0.41}"
4f95f9c0-e131-460a-8e45-65459aa6cfc7,PROJ-1169,2025-05-01T00:00:00+00:00,124.68,113.89,208,190,18,1,491424649.97,49142465.0,"{""SURVEY"": 5, ""VERIFICATION"": 5, ""OBJECTION"": 0, ""AWARD"": 3, ""COMPENSATION"": 3}","{""officers_count"": 6, ""sla_breaches"": 2, ""disputes_count"": 0, ""avg_days_per_stage"": 19.6, ""stage_complexity"": 0.3724}"
bc7d7060-5666-42bb-81c3-f9a16e44440e,PROJ-1169,2025-05-16T00:00:00+00:00,124.68,124.68,208,208,0,0,491424649.97,49142465.0,"{""SURVEY"": 0, ""VERIFICATION"": 0, ""OBJECTION"": 0, ""AWARD"": 0, ""COMPENSATION"": 0}","{""officers_count"": 7, ""sla_breaches"": 0, ""disputes_count"": 1, ""avg_days_per_stage"": 24.9, ""stage_complexity"": 0.3819}"
2fe07822-34ac-4080-8d4e-a5af3950642a,PROJ-1169,2025-05-31T00:00:00+00:00,124.68,124.68,208,208,0,1,491424649.97,49142465.0,"{""SURVEY"": 0, ""VERIFICATION"": 0, ""OBJECTION"": 0, ""AWARD"": 0, ""COMPENSATION"": 0}","{""officers_count"": 12, ""sla_breaches"": 0, ""disputes_count"": 2, ""avg_days_per_stage"": 29.0, ""stage_complexity"": 0.4317}"
e2f9de9a-9b3e-4c94-a681-f0d804e4daae,PROJ-1169,2025-06-15T00:00:00+00:00,124.68,124.68,208,208,0,0,491424649.97,49142465.0,"{""SURVEY"": 0, ""VERIFICATION"": 0, ""OBJECTION"": 0, ""AWARD"": 0, ""COMPENSATION"": 0}","{""officers_count"": 8, ""sla_breaches"": 0, ""disputes_count"": 3, ""avg_days_per_stage"": 21.6, ""stage_complexity"": 0.3931}"
03720a9a-c785-49f7-b898-a7e7ffc87b72,PROJ-1169,2025-06-30T00:00:00+00:00,124.68,124.68,208,208,0,1,491424649.97,49142465.0,"{""SURVEY"": 0, ""VERIFICATION"": 0, ""OBJECTION"": 0, ""AWARD"": 0, ""COMPENSATION"": 0}","{""officers_count"": 11, ""sla_breaches"": 2, ""disputes_count"": 2, ""avg_days_per_stage"": 18.4, ""stage_complexity"": 0.2856}"
414d71d6-0839-4451-8479-ce0b6f688b6f,PROJ-1169,2025-07-15T00:00:00+00:00,124.68,124.68,208,208,0,0,491424649.97,49142465.0,"{""SURVEY"": 0, ""VERIFICATION"": 0, ""OBJECTION"": 0, ""AWARD"": 0, ""COMPENSATION"": 0}","{""officers_count"": 12, ""sla_breaches"": 0, ""disputes_count"": 3, ""avg_days_per_stage"": 34.8, ""stage_complexity"": 0.3127}"
5def4e9d-c718-4596-a865-ccc2ef336947,PROJ-1169,2025-07-30T00:00:00+00:00,124.68,124.68,208,208,0,0,491424649.97,49142465.0,"{""SURVEY"": 0, ""VERIFICATION"": 0, ""OBJECTION"": 0, ""AWARD"": 0, ""COMPENSATION"": 0}","{""officers_count"": 5, ""sla_breaches"": 1, ""disputes_count"": 2, ""avg_days_per_stage"": 18.2, ""stage_complexity"": 0.2456}"
31c6a73c-e621-4303-9ae6-863724cdeada,PROJ-1169,2025-08-14T00:00:00+00:00,124.68,124.68,208,208,0,1,491424649.97,49142465.0,"{""SURVEY"": 0, ""VERIFICATION"": 0, ""OBJECTION"": 0, ""AWARD"": 0, ""COMPENSATION"": 0}","{""officers_count"": 9, ""sla_breaches"": 1, ""disputes_count"": 0, ""avg_days_per_stage"": 17.5, ""stage_complexity"": 0.4164}"
6837d589-66f7-4272-b3d9-45fb12ba78a8,PROJ-1169,2025-08-29T00:00:00+00:00,124.68,124.68,208,208,0,0,491424649.97,49142465.0,"{""SURVEY"": 0, ""VERIFICATION"": 0, ""OBJECTION"": 0, ""AWARD"": 0, ""COMPENSATION"": 0}","{""officers_count"": 6, ""sla_breaches"": 0, ""disputes_count"": 2, ""avg_days_per_stage"": 18.7, ""stage_complexity"": 0.4311}"
85f6fe1f-a3e1-425c-8a18-c8bbda1974fd,PROJ-1170,2025-01-01T00:00:00+00:00,86.07,0.22,397,1,382,14,109711262.41,349959699.73,"{""SURVEY"": 114, ""VERIFICATION"": 114, ""OBJECTION"": 8, ""AWARD"": 76, ""COMPENSATION"": 76}","{""officers_count"": 2, ""sla_breaches"": 7, ""disputes_count"": 17, ""avg_days_per_stage"": 131.8, ""stage_complexity"": 0.8575}"
ae375b01-21d0-4c9b-95d3-5d34e387fb5d,PROJ-1170,2025-01-16T00:00:00+00:00,86.07,1.52,397,7,364,26,128112794.42,214718606.92,"{""SURVEY"": 109, ""VERIFICATION"": 109, ""OBJECTION"": 15, ""AWARD"": 72, ""COMPENSATION"": 72}","{""officers_count"": 2, ""sla_breaches"": 9, ""disputes_count"": 33, ""avg_days_per_stage"": 136.8, ""stage_complexity"": 0.7819}"
ce13c07b-8008-485a-8a38-453ec6a3388e,PROJ-1170,2025-01-31T00:00:00+00:00,86.07,2.38,397,11,353,33,114374138.2,252929502.87,"{""SURVEY"": 105, ""VERIFICATION"": 105, ""OBJECTION"": 19, ""AWARD"": 70, ""COMPENSATION"": 70}","{""officers_count"": 3, ""sla_breaches"": 4, ""disputes_count"": 40, ""avg_days_per_stage"": 77.4, ""stage_complexity"": 0.8274}"
23bf41a2-0174-46fb-ab05-556ea5e52d68,PROJ-1171,2025-01-01T00:00:00+00:00,712.91,2.69,796,3,791,6,699881113.44,2731309942.4,"{""SURVEY"": 237, ""VERIFICATION"": 237, ""OBJECTION"": 3, ""AWARD"": 158, ""COMPENSATION"": 158}","{""officers_count"": 2, ""sla_breaches"": 6, ""disputes_count"": 2, ""avg_days_per_stage"": 125.8, ""stage_complexity"": 0.5766}"
cff903c6-9189-4334-9e64-91d0613dbeda,PROJ-1171,2025-01-16T00:00:00+00:00,712.91,4.48,796,5,785,8,877802832.43,2538471215.16,"{""SURVEY"": 235, ""VERIFICATION"": 235, ""OBJECTION"": 4, ""AWARD"": 157, ""COMPENSATION"": 157}","{""officers_count"": 1, ""sla_breaches"": 12, ""disputes_count"": 4, ""avg_days_per_stage"": 140.1, ""stage_complexity"": 0.6099}"
97e82d56-79c8-4e36-b37c-2b9ac98c5488,PROJ-1171,2025-01-31T00:00:00+00:00,712.91,5.37,796,6,782,12,985178280.32,2184025600.79,"{""SURVEY"": 234, ""VERIFICATION"": 234, ""OBJECTION"": 7, ""AWARD"": 156, ""COMPENSATION"": 156}","{""officers_count"": 1, ""sla_breaches"": 10, ""disputes_count"": 2, ""avg_days_per_stage"": 133.1, ""stage_complexity"": 0.6434}"
8681f5d8-89b9-43d0-baf9-ea17cf276161,PROJ-1171,2025-02-15T00:00:00+00:00,712.91,6.27,796,7,777,13,1103470348.77,2415756986.99,"{""SURVEY"": 233, ""VERIFICATION"": 233, ""OBJECTION"": 7, ""AWARD"": 155, ""COMPENSATION"": 155}","{""officers_count"": 1, ""sla_breaches"": 8, ""disputes_count"": 5, ""avg_days_per_stage"": 79.1, ""stage_complexity"": 0.7985}"
f65173ca-fb5f-4e9a-8c0e-4bf7bd248ecc,PROJ-1171,2025-03-02T00:00:00+00:00,712.91,8.96,796,10,773,16,1089031207.74,2555993006.32,"{""SURVEY"": 231, ""VERIFICATION"": 231, ""OBJECTION"": 9, ""AWARD"": 154, ""COMPENSATION"": 154}","{""officers_count"": 2, ""sla_breaches"": 7, ""disputes_count"": 6, ""avg_days_per_stage"": 122.1, ""stage_complexity"": 0.6121}"
1f8091c9-a17f-43f5-a0c1-ab6cd75b9d89,PROJ-1171,2025-03-17T00:00:00+00:00,712.91,11.64,796,13,767,17,622519243.08,2011636201.03,"{""SURVEY"": 230, ""VERIFICATION"": 230, ""OBJECTION"": 10, ""AWARD"": 153, ""COMPENSATION"": 153}","{""officers_count"": 1, ""sla_breaches"": 9, ""disputes_count"": 5, ""avg_days_per_stage"": 125.1, ""stage_complexity"": 0.6755}"
73d6ecc7-5a49-4fc1-986c-8f8e47f143ee,PROJ-1171,2025-04-01T00:00:00+00:00,712.91,14.33,796,16,763,19,687028663.16,2608306130.44,"{""SURVEY"": 228, ""VERIFICATION"": 228, ""OBJECTION"": 11, ""AWARD"": 152, ""COMPENSATION"": 152}","{""officers_count"": 1, ""sla_breaches"": 11, ""disputes_count"": 3, ""avg_days_per_stage"": 108.4, ""stage_complexity"": 0.7449}"
aba6cbac-4893-48ac-9fe2-6441e94bc44f,PROJ-1172,2025-01-01T00:00:00+00:00,397.6,4.45,268,3,264,5,116457301.25,650276617.49,"{""SURVEY"": 79, ""VERIFICATION"": 79, ""OBJECTION"": 3, ""AWARD"": 52, ""COMPENSATION"": 52}","{""officers_count"": 2, ""sla_breaches"": 11, ""disputes_count"": 5, ""avg_days_per_stage"": 90.1, ""stage_complexity"": 0.5941}"
21257526-69b4-4f78-84a5-2d99f004e197,PROJ-1172,2025-01-16T00:00:00+00:00,397.6,5.93,268,4,259,6,290626977.84,831484092.99,"{""SURVEY"": 77, ""VERIFICATION"": 77, ""OBJECTION"": 3, ""AWARD"": 51, ""COMPENSATION"": 51}","{""officers_count"": 1, ""sla_breaches"": 11, ""disputes_count"": 2, ""avg_days_per_stage"": 85.9, ""stage_complexity"": 0.6055}"
f0585695-154c-4ac8-82f9-dbb94c98f41a,PROJ-1172,2025-01-31T00:00:00+00:00,397.6,8.9,268,6,256,10,117798922.08,850196617.74,"{""SURVEY"": 76, ""VERIFICATION"": 76, ""OBJECTION"": 6, ""AWARD"": 51, ""COMPENSATION"": 51}","{""officers_count"": 2, ""sla_breaches"": 12, ""disputes_count"": 2, ""avg_days_per_stage"": 120.2, ""stage_complexity"": 0.5504}"
c6584535-5585-4f6f-b1de-12c3dd69f006,PROJ-1173,2025-01-01T00:00:00+00:00,424.38,4.42,576,6,559,11,291937375.03,1340461870.98,"{""SURVEY"": 167, ""VERIFICATION"": 167, ""OBJECTION"": 6, ""AWARD"": 111, ""COMPENSATION"": 111}","{""officers_count"": 2, ""sla_breaches"": 4, ""disputes_count"": 18, ""avg_days_per_stage"": 85.2, ""stage_complexity"": 0.8419}"
723f265c-0f8a-4e0b-8285-0b7038f7a6a5,PROJ-1173,2025-01-16T00:00:00+00:00,424.38,8.1,576,11,542,23,331458963.53,1797442548.35,"{""SURVEY"": 162, ""VERIFICATION"": 162, ""OBJECTION"": 13, ""AWARD"": 108, ""COMPENSATION"": 108}","{""officers_count"": 3, ""sla_breaches"": 6, ""disputes_count"": 27, ""avg_days_per_stage"": 96.2, ""stage_complexity"": 0.7831}"
837113e4-5b25-41dc-8b39-8377ce4038bc,PROJ-1173,2025-01-31T00:00:00+00:00,424.38,8.84,576,12,533,31,740972444.56,1315529584.69,"{""SURVEY"": 159, ""VERIFICATION"": 159, ""OBJECTION"": 18, ""AWARD"": 106, ""COMPENSATION"": 106}","{""officers_count"": 3, ""sla_breaches"": 6, ""disputes_count"": 34, ""avg_days_per_stage"": 98.6, ""stage_complexity"": 0.868}"
541af192-5cce-4e9d-b976-fbfbb1274f60,PROJ-1173,2025-02-15T00:00:00+00:00,424.38,11.79,576,16,518,42,721461677.18,1539764774.38,"{""SURVEY"": 155, ""VERIFICATION"": 155, ""OBJECTION"": 25, ""AWARD"": 103, ""COMPENSATION"": 103}","{""officers_count"": 3, ""sla_breaches"": 6, ""disputes_count"": 51, ""avg_days_per_stage"": 101.3, ""stage_complexity"": 0.7612}"
e61b8dc9-e969-4089-80d3-cf1162608658,PROJ-1174,2025-01-01T00:00:00+00:00,1035.28,4.08,762,3,756,6,1187564629.8,3476880113.42,"{""SURVEY"": 226, ""VERIFICATION"": 226, ""OBJECTION"": 3, ""AWARD"": 151, ""COMPENSATION"": 151}","{""officers_count"": 2, ""sla_breaches"": 7, ""disputes_count"": 6, ""avg_days_per_stage"": 119.2, ""stage_complexity"": 0.7226}"
6b8dad18-4add-4922-ac85-63158e7b3a22,PROJ-1174,2025-01-16T00:00:00+00:00,1035.28,5.43,762,4,752,9,847211821.56,3762778421.75,"{""SURVEY"": 225, ""VERIFICATION"": 225, ""OBJECTION"": 5, ""AWARD"": 150, ""COMPENSATION"": 150}","{""officers_count"": 2, ""sla_breaches"": 8, ""disputes_count"": 3, ""avg_days_per_stage"": 120.4, ""stage_complexity"": 0.6615}"
53b91056-fd76-4bfe-85a9-6bbdf1379442,PROJ-1174,2025-01-31T00:00:00+00:00,1035.28,6.79,762,5,748,10,1210155386.67,3238335880.67,"{""SURVEY"": 224, ""VERIFICATION"": 224, ""OBJECTION"": 6, ""AWARD"": 149, ""COMPENSATION"": 149}","{""officers_count"": 1, ""sla_breaches"": 8, ""disputes_count"": 4, ""avg_days_per_stage"": 105.2, ""stage_complexity"": 0.6237}"
020df5d7-1cf1-47fd-832a-a3b8a527a42b,PROJ-1174,2025-02-15T00:00:00+00:00,1035.28,9.51,762,7,745,12,605367160.79,3369988551.28,"{""SURVEY"": 223, ""VERIFICATION"": 223, ""OBJECTION"": 7, ""AWARD"": 149, ""COMPENSATION"": 149}","{""officers_count"": 2, ""sla_breaches"": 9, ""disputes_count"": 2, ""avg_days_per_stage"": 140.2, ""stage_complexity"": 0.7021}"
1e8dadee-3a25-4a5b-960c-daca9c7ef30d,PROJ-1174,2025-03-02T00:00:00+00:00,1035.28,10.87,762,8,742,13,1193372707.32,2865901124.91,"{""SURVEY"": 222, ""VERIFICATION"": 222, ""OBJECTION"": 7, ""AWARD"": 148, ""COMPENSATION"": 148}","{""officers_count"": 2, ""sla_breaches"": 10, ""disputes_count"": 2, ""avg_days_per_stage"": 146.7, ""stage_complexity"": 0.5846}"
b5195ab8-e722-48ba-9221-f99ab85acd1f,PROJ-1175,2025-01-01T00:00:00+00:00,98.9,9.75,274,27,243,3,0.0,83424672.85,"{""SURVEY"": 72, ""VERIFICATION"": 72, ""OBJECTION"": 1, ""AWARD"": 48, ""COMPENSATION"": 48}","{""officers_count"": 7, ""sla_breaches"": 2, ""disputes_count"": 2, ""avg_days_per_stage"": 24.3, ""stage_complexity"": 0.3495}"
abf996b5-dd5b-4d46-b455-cd27bdd076ae,PROJ-1175,2025-01-16T00:00:00+00:00,98.9,19.13,274,53,218,4,13904112.14,80643850.42,"{""SURVEY"": 65, ""VERIFICATION"": 65, ""OBJECTION"": 2, ""AWARD"": 43, ""COMPENSATION"": 43}","{""officers_count"": 5, ""sla_breaches"": 1, ""disputes_count"": 0, ""avg_days_per_stage"": 22.4, ""stage_complexity"": 0.3463}"
1aa6b882-5ff4-46b5-b85a-d81ebb242e3f,PROJ-1175,2025-01-31T00:00:00+00:00,98.9,26.35,274,73,197,2,41712336.43,75082205.57,"{""SURVEY"": 59, ""VERIFICATION"": 59, ""OBJECTION"": 1, ""AWARD"": 39, ""COMPENSATION"": 39}","{""officers_count"": 8, ""sla_breaches"": 0, ""disputes_count"": 2, ""avg_days_per_stage"": 19.6, ""stage_complexity"": 0.3283}"
3976c5ca-ac87-47f3-b0d9-f7fdce27f051,PROJ-1175,2025-02-15T00:00:00+00:00,98.9,32.49,274,90,182,1,83424672.85,66739738.28,"{""SURVEY"": 54, ""VERIFICATION"": 54, ""OBJECTION"": 0, ""AWARD"": 36, ""COMPENSATION"": 36}","{""officers_count"": 12, ""sla_breaches"": 2, ""disputes_count"": 2, ""avg_days_per_stage"": 19.6, ""stage_complexity"": 0.3795}"
62929de7-8241-4811-9191-39df73412915,PROJ-1175,2025-03-02T00:00:00+00:00,98.9,44.76,274,124,149,0,139041121.42,55616448.57,"{""SURVEY"": 44, ""VERIFICATION"": 44, ""OBJECTION"": 0, ""AWARD"": 29, ""COMPENSATION"": 29}","{""officers_count"": 12, ""sla_breaches"": 1, ""disputes_count"": 3, ""avg_days_per_stage"": 27.8, ""stage_complexity"": 0.2062}"
c2eb9cae-3351-4f6e-a5dc-18f91f0b8037,PROJ-1175,2025-03-17T00:00:00+00:00,98.9,54.5,274,151,123,0,208561682.13,41712336.43,"{""SURVEY"": 36, ""VERIFICATION"": 36, ""OBJECTION"": 0, ""AWARD"": 24, ""COMPENSATION"": 24}","{""officers_count"": 8, ""sla_breaches"": 1, ""disputes_count"": 3, ""avg_days_per_stage"": 32.2, ""stage_complexity"": 0.2868}"
3ec76129-561b-446e-9e19-92e8e5996262,PROJ-1175,2025-04-01T00:00:00+00:00,98.9,58.47,274,162,112,1,278082242.83,27808224.28,"{""SURVEY"": 33, ""VERIFICATION"": 33, ""OBJECTION"": 0, ""AWARD"": 22, ""COMPENSATION"": 22}","{""officers_count"": 6, ""sla_breaches"": 0, ""disputes_count"": 1, ""avg_days_per_stage"": 17.6, ""stage_complexity"": 0.2438}"
0da3e28b-96b8-4ddf-81bd-17b589a4c62b,PROJ-1175,2025-04-16T00:00:00+00:00,98.9,64.97,274,180,93,0,278082242.83,27808224.28,"{""SURVEY"": 27, ""VERIFICATION"": 27, ""OBJECTION"": 0, ""AWARD"": 18, ""COMPENSATION"": 18}","{""officers_count"": 11, ""sla_breaches"": 1, ""disputes_count"": 3, ""avg_days_per_stage"": 19.9, ""stage_complexity"": 0.2046}"
56627488-f1c9-48ff-a927-8850baa2f663,PROJ-1175,2025-05-01T00:00:00+00:00,98.9,77.24,274,214,60,0,278082242.83,27808224.28,"{""SURVEY"": 18, ""VERIFICATION"": 18, ""OBJECTION"": 0, ""AWARD"": 12, ""COMPENSATION"": 12}","{""officers_count"": 5, ""sla_breaches"": 1, ""disputes_count"": 2, ""avg_days_per_stage"": 29.7, ""stage_complexity"": 0.3589}"
a8ec3b17-4736-494d-907e-5b98951bfb9d,PROJ-1175,2025-05-16T00:00:00+00:00,98.9,81.94,274,227,47,1,278082242.83,27808224.28,"{""SURVEY"": 14, ""VERIFICATION"": 14, ""OBJECTION"": 0, ""AWARD"": 9, ""COMPENSATION"": 9}","{""officers_count"": 8, ""sla_breaches"": 2, ""disputes_count"": 0, ""avg_days_per_stage"": 27.7, ""stage_complexity"": 0.2396}"
070a4a7a-360f-4280-b973-876e949ae433,PROJ-1175,2025-05-31T00:00:00+00:00,98.9,86.99,274,241,32,0,278082242.83,27808224.28,"{""SURVEY"": 9, ""VERIFICATION"": 9, ""OBJECTION"": 0, ""AWARD"": 6, ""COMPENSATION"": 6}","{""officers_count"": 9, ""sla_breaches"": 0, ""disputes_count"": 0, ""avg_days_per_stage"": 31.0, ""stage_complexity"": 0.2249}"
0d6496d5-bf76-4bcf-8570-85ee1761b35f,PROJ-1176,2025-01-01T00:00:00+00:00,870.97,10.96,159,2,146,11,570345090.21,1851999935.71,"{""SURVEY"": 43, ""VERIFICATION"": 43, ""OBJECTION"": 6, ""AWARD"": 29, ""COMPENSATION"": 29}","{""officers_count"": 5, ""sla_breaches"": 4, ""disputes_count"": 21, ""avg_days_per_stage"": 102.9, ""stage_complexity"": 0.7613}"
7c5b18cc-4b86-4e03-a0b7-5c8669d43d69,PROJ-1176,2025-01-16T00:00:00+00:00,870.97,16.43,159,3,141,15,572782310.62,2352584675.13,"{""SURVEY"": 42, ""VERIFICATION"": 42, ""OBJECTION"": 9, ""AWARD"": 28, ""COMPENSATION"": 28}","{""officers_count"": 4, ""sla_breaches"": 11, ""disputes_count"": 24, ""avg_days_per_stage"": 73.0, ""stage_complexity"": 0.8623}"
b070e275-9382-43a4-9731-8c01dadaa399,PROJ-1176,2025-01-31T00:00:00+00:00,870.97,38.34,159,7,129,23,660717282.06,1486985188.26,"{""SURVEY"": 38, ""VERIFICATION"": 38, ""OBJECTION"": 13, ""AWARD"": 25, ""COMPENSATION"": 25}","{""officers_count"": 2, ""sla_breaches"": 5, ""disputes_count"": 26, ""avg_days_per_stage"": 114.4, ""stage_complexity"": 0.8928}"
9e5100e0-c6d2-43ac-9630-b6b3d41ab9ad,PROJ-1176,2025-02-15T00:00:00+00:00,870.97,60.26,159,11,120,28,720604708.5,2117180460.39,"{""SURVEY"": 36, ""VERIFICATION"": 36, ""OBJECTION"": 16, ""AWARD"": 24, ""COMPENSATION"": 24}","{""officers_count"": 3, ""sla_breaches"": 4, ""disputes_count"": 32, ""avg_days_per_stage"": 93.9, ""stage_complexity"": 0.7694}"
e75407be-e46c-4bfe-8f8a-b86b06581f93,PROJ-1176,2025-03-02T00:00:00+00:00,870.97,93.12,159,17,104,38,877799151.4,1744650447.46,"{""SURVEY"": 31, ""VERIFICATION"": 31, ""OBJECTION"": 22, ""AWARD"": 20, ""COMPENSATION"": 20}","{""officers_count"": 3, ""sla_breaches"": 7, ""disputes_count"": 40, ""avg_days_per_stage"": 65.3, ""stage_complexity"": 0.9415}"
8a9f5a0f-f921-4610-a783-ec4631059190,PROJ-1176,2025-03-17T00:00:00+00:00,870.97,109.56,159,20,90,49,789632649.63,1488004888.73,"{""SURVEY"": 27, ""VERIFICATION"": 27, ""OBJECTION"": 29, ""AWARD"": 18, ""COMPENSATION"": 18}","{""officers_count"": 5, ""sla_breaches"": 11, ""disputes_count"": 52, ""avg_days_per_stage"": 81.6, ""stage_complexity"": 0.9411}"
8c391194-dc57-447a-a5c4-5f2c01b2e3df,PROJ-1176,2025-04-01T00:00:00+00:00,870.97,142.42,159,26,76,57,863764093.6,1335250448.74,"{""SURVEY"": 22, ""VERIFICATION"": 22, ""OBJECTION"": 34, ""AWARD"": 15, ""COMPENSATION"": 15}","{""officers_count"": 5, ""sla_breaches"": 11, ""disputes_count"": 63, ""avg_days_per_stage"": 84.3, ""stage_complexity"": 0.8362}"
b50f3f50-9133-4d69-a217-dc8e56ca470b,PROJ-1176,2025-04-16T00:00:00+00:00,870.97,169.81,159,31,63,65,481924321.46,1942261296.76,"{""SURVEY"": 18, ""VERIFICATION"": 18, ""OBJECTION"": 39, ""AWARD"": 12, ""COMPENSATION"": 12}","{""officers_count"": 2, ""sla_breaches"": 7, ""disputes_count"": 73, ""avg_days_per_stage"": 110.4, ""stage_complexity"": 0.9046}"
9b64a280-2b18-4e24-a504-6be0508fb51f,PROJ-1176,2025-05-01T00:00:00+00:00,870.97,197.2,159,36,52,71,398464988.14,1775547126.39,"{""SURVEY"": 15, ""VERIFICATION"": 15, ""OBJECTION"": 42, ""AWARD"": 10, ""COMPENSATION"": 10}","{""officers_count"": 4, ""sla_breaches"": 10, ""disputes_count"": 81, ""avg_days_per_stage"": 104.6, ""stage_complexity"": 0.8194}"
4e0c7ca5-16b1-4b07-aba0-41687c81577e,PROJ-1177,2025-01-01T00:00:00+00:00,330.26,10.04,724,22,702,0,0.0,522381652.6,"{""SURVEY"": 210, ""VERIFICATION"": 210, ""OBJECTION"": 0, ""AWARD"": 140, ""COMPENSATION"": 140}","{""officers_count"": 10, ""sla_breaches"": 1, ""disputes_count"": 0, ""avg_days_per_stage"": 31.0, ""stage_complexity"": 0.3338}"
1b020d05-c0aa-4349-a0c3-bfc96735df39,PROJ-1177,2025-01-16T00:00:00+00:00,330.26,19.16,724,42,682,1,87063608.77,504968930.84,"{""SURVEY"": 204, ""VERIFICATION"": 204, ""OBJECTION"": 0, ""AWARD"": 136, ""COMPENSATION"": 136}","{""officers_count"": 8, ""sla_breaches"": 1, ""disputes_count"": 0, ""avg_days_per_stage"": 35.0, ""stage_complexity"": 0.2519}"
87fc0c86-253f-472e-9bae-a113d06a8373,PROJ-1177,2025-01-31T00:00:00+00:00,330.26,32.39,724,71,652,2,261190826.3,470143487.34,"{""SURVEY"": 195, ""VERIFICATION"": 195, ""OBJECTION"": 1, ""AWARD"": 130, ""COMPENSATION"": 130}","{""officers_count"": 11, ""sla_breaches"": 0, ""disputes_count"": 3, ""avg_days_per_stage"": 33.4, ""stage_complexity"": 0.304}"
1f273325-7e46-4fad-b053-efad890cb6ba,PROJ-1177,2025-02-15T00:00:00+00:00,330.26,37.86,724,83,639,2,522381652.6,417905322.08,"{""SURVEY"": 191, ""VERIFICATION"": 191, ""OBJECTION"": 1, ""AWARD"": 127, ""COMPENSATION"": 127}","{""officers_count"": 12, ""sla_breaches"": 0, ""disputes_count"": 2, ""avg_days_per_stage"": 27.1, ""stage_complexity"": 0.2446}"
3d5eef93-d8a2-4919-b16e-d9f86c702e9a,PROJ-1177,2025-03-02T00:00:00+00:00,330.26,53.37,724,117,605,1,870636087.66,348254435.06,"{""SURVEY"": 181, ""VERIFICATION"": 181, ""OBJECTION"": 0, ""AWARD"": 121, ""COMPENSATION"": 121}","{""officers_count"": 11, ""sla_breaches"": 1, ""disputes_count"": 3, ""avg_days_per_stage"": 22.4, ""stage_complexity"": 0.4215}"
21d7ce1f-5f69-439a-9b8e-9fa235128b54,PROJ-1177,2025-03-17T00:00:00+00:00,330.26,65.23,724,143,580,2,1305954131.49,261190826.3,"{""SURVEY"": 174, ""VERIFICATION"": 174, ""OBJECTION"": 1, ""AWARD"": 116, ""COMPENSATION"": 116}","{""officers_count"": 11, ""sla_breaches"": 1, ""disputes_count"": 2, ""avg_days_per_stage"": 30.7, ""stage_complexity"": 0.3805}"
d97b5cd0-c929-4173-be83-aa781ca5365c,PROJ-1177,2025-04-01T00:00:00+00:00,330.26,78.92,724,173,549,3,1741272175.32,174127217.53,"{""SURVEY"": 164, ""VERIFICATION"": 164, ""OBJECTION"": 1, ""AWARD"": 109, ""COMPENSATION"": 109}","{""officers_count"": 7, ""sla_breaches"": 1, ""disputes_count"": 0, ""avg_days_per_stage"": 17.9, ""stage_complexity"": 0.2346}"
1989ea81-8e55-47a3-9950-d03e831767dc,PROJ-1177,2025-04-16T00:00:00+00:00,330.26,89.86,724,197,524,1,1741272175.32,174127217.53,"{""SURVEY"": 157, ""VERIFICATION"": 157, ""OBJECTION"": 0, ""AWARD"": 104, ""COMPENSATION"": 104}","{""officers_count"": 10, ""sla_breaches"": 2, ""disputes_count"": 0, ""avg_days_per_stage"": 15.4, ""stage_complexity"": 0.4205}"
cb52f966-ac0c-4f6b-abb5-e4a7a380b987,PROJ-1177,2025-05-01T00:00:00+00:00,330.26,99.44,724,218,505,2,1741272175.32,174127217.53,"{""SURVEY"": 151, ""VERIFICATION"": 151, ""OBJECTION"": 1, ""AWARD"": 101, ""COMPENSATION"": 101}","{""officers_count"": 11, ""sla_breaches"": 2, ""disputes_count"": 0, ""avg_days_per_stage"": 30.8, ""stage_complexity"": 0.2723}"
68eb9be0-37d8-4cc1-b90f-a0856c6fd31f,PROJ-1177,2025-05-16T00:00:00+00:00,330.26,114.04,724,250,472,2,1741272175.32,174127217.53,"{""SURVEY"": 141, ""VERIFICATION"": 141, ""OBJECTION"": 1, ""AWARD"": 94, ""COMPENSATION"": 94}","{""officers_count"": 12, ""sla_breaches"": 0, ""disputes_count"": 0, ""avg_days_per_stage"": 21.1, ""stage_complexity"": 0.3971}"
7a7135a9-b829-46a4-823b-8eadf176483e,PROJ-1177,2025-05-31T00:00:00+00:00,330.26,120.43,724,264,458,3,1741272175.32,174127217.53,"{""SURVEY"": 137, ""VERIFICATION"": 137, ""OBJECTION"": 1, ""AWARD"": 91, ""COMPENSATION"": 91}","{""officers_count"": 11, ""sla_breaches"": 1, ""disputes_count"": 3, ""avg_days_per_stage"": 15.9, ""stage_complexity"": 0.4261}"
723258e0-bf3f-4659-95bd-283c0ff1341e,PROJ-1177,2025-06-15T00:00:00+00:00,330.26,126.81,724,278,443,3,1741272175.32,174127217.53,"{""SURVEY"": 132, ""VERIFICATION"": 132, ""OBJECTION"": 1, ""AWARD"": 88, ""COMPENSATION"": 88}","{""officers_count"": 9, ""sla_breaches"": 2, ""disputes_count"": 1, ""avg_days_per_stage"": 30.4, ""stage_complexity"": 0.2551}"
383f5091-ff4f-44b5-948b-174b574a850c,PROJ-1178,2025-01-01T00:00:00+00:00,657.44,6.8,774,8,764,2,149874428.46,1477284795.64,"{""SURVEY"": 229, ""VERIFICATION"": 229, ""OBJECTION"": 1, ""AWARD"": 152, ""COMPENSATION"": 152}","{""officers_count"": 6, ""sla_breaches"": 6, ""disputes_count"": 8, ""avg_days_per_stage"": 94.8, ""stage_complexity"": 0.8845}"
463325d9-00ed-4826-9b3a-46d56109827a,PROJ-1178,2025-01-16T00:00:00+00:00,657.44,11.04,774,13,755,6,170246602.16,1493999189.5,"{""SURVEY"": 226, ""VERIFICATION"": 226, ""OBJECTION"": 3, ""AWARD"": 151, ""COMPENSATION"": 151}","{""officers_count"": 3, ""sla_breaches"": 9, ""disputes_count"": 4, ""avg_days_per_stage"": 75.8, ""stage_complexity"": 0.8629}"
1194e81e-dc9f-4886-9ad3-96258628bc36,PROJ-1178,2025-01-31T00:00:00+00:00,657.44,17.84,774,21,745,8,457143412.5,1209057773.72,"{""SURVEY"": 223, ""VERIFICATION"": 223, ""OBJECTION"": 4, ""AWARD"": 149, ""COMPENSATION"": 149}","{""officers_count"": 5, ""sla_breaches"": 7, ""disputes_count"": 6, ""avg_days_per_stage"": 86.3, ""stage_complexity"": 0.7596}"
e087b240-90f0-4f94-93e6-a1625c98c3cc,PROJ-1178,2025-02-15T00:00:00+00:00,657.44,19.54,774,23,738,13,394173308.7,1612715962.99,"{""SURVEY"": 221, ""VERIFICATION"": 221, ""OBJECTION"": 7, ""AWARD"": 147, ""COMPENSATION"": 147}","{""officers_count"": 6, ""sla_breaches"": 9, ""disputes_count"": 6, ""avg_days_per_stage"": 64.2, ""stage_complexity"": 0.7382}"
3c2860f1-7dc8-4760-844f-3045dc6d9feb,PROJ-1178,2025-03-02T00:00:00+00:00,657.44,26.33,774,31,727,16,269421961.15,1394026731.32,"{""SURVEY"": 218, ""VERIFICATION"": 218, ""OBJECTION"": 9, ""AWARD"": 145, ""COMPENSATION"": 145}","{""officers_count"": 5, ""sla_breaches"": 6, ""disputes_count"": 7, ""avg_days_per_stage"": 63.1, ""stage_complexity"": 0.8668}"
21389edb-a957-4184-a8d3-4031e6cf2751,PROJ-1178,2025-03-17T00:00:00+00:00,657.44,33.13,774,39,716,19,353715824.25,1452634882.29,"{""SURVEY"": 214, ""VERIFICATION"": 214, ""OBJECTION"": 11, ""AWARD"": 143, ""COMPENSATION"": 143}","{""officers_count"": 6, ""sla_breaches"": 5, ""disputes_count"": 6, ""avg_days_per_stage"": 89.0, ""stage_complexity"": 0.8921}"
819856c8-6e23-4d36-b1e0-c4d85779494a,PROJ-1179,2025-01-01T00:00:00+00:00,127.3,8.23,495,32,459,3,0.0,161375707.32,"{""SURVEY"": 137, ""VERIFICATION"": 137, ""OBJECTION"": 1, ""AWARD"": 91, ""COMPENSATION"": 91}","{""officers_count"": 6, ""sla_breaches"": 0, ""disputes_count"": 0, ""avg_days_per_stage"": 30.1, ""stage_complexity"": 0.2682}"
59d8b56a-c1dc-409d-9300-47becf986ac9,PROJ-1179,2025-01-16T00:00:00+00:00,127.3,11.06,495,43,449,3,26895951.22,155996517.08,"{""SURVEY"": 134, ""VERIFICATION"": 134, ""OBJECTION"": 1, ""AWARD"": 89, ""COMPENSATION"": 89}","{""officers_count"": 12, ""sla_breaches"": 2, ""disputes_count"": 3, ""avg_days_per_stage"": 20.1, ""stage_complexity"": 0.3736}"
2917887a-9bff-4ab5-9ca4-f5558529acb3,PROJ-1179,2025-01-31T00:00:00+00:00,127.3,18.52,495,72,420,1,80687853.66,145238136.59,"{""SURVEY"": 126, ""VERIFICATION"": 126, ""OBJECTION"": 0, ""AWARD"": 84, ""COMPENSATION"": 84}","{""officers_count"": 5, ""sla_breaches"": 2, ""disputes_count"": 3, ""avg_days_per_stage"": 21.0, ""stage_complexity"": 0.428}"
90624392-6292-4f9f-bb2a-6b2714731ffe,PROJ-1179,2025-02-15T00:00:00+00:00,127.3,21.35,495,83,411,0,161375707.32,129100565.86,"{""SURVEY"": 123, ""VERIFICATION"": 123, ""OBJECTION"": 0, ""AWARD"": 82, ""COMPENSATION"": 82}","{""officers_count"": 5, ""sla_breaches"": 2, ""disputes_count"": 0, ""avg_days_per_stage"": 15.9, ""stage_complexity"": 0.3512}"
b15ddf4e-dceb-4127-b370-6ce3e15f39c1,PROJ-1179,2025-03-02T00:00:00+00:00,127.3,26.23,495,102,393,0,268959512.2,107583804.88,"{""SURVEY"": 117, ""VERIFICATION"": 117, ""OBJECTION"": 0, ""AWARD"": 78, ""COMPENSATION"": 78}","{""officers_count"": 12, ""sla_breaches"": 0, ""disputes_count"": 1, ""avg_days_per_stage"": 19.0, ""stage_complexity"": 0.4066}"
6466f8f8-6105-4e23-b291-768586a88f21,PROJ-1179,2025-03-17T00:00:00+00:00,127.3,33.43,495,130,365,0,403439268.3,80687853.66,"{""SURVEY"": 109, ""VERIFICATION"": 109, ""OBJECTION"": 0, ""AWARD"": 73, ""COMPENSATION"": 73}","{""officers_count"": 6, ""sla_breaches"": 0, ""disputes_count"": 0, ""avg_days_per_stage"": 27.6, ""stage_complexity"": 0.2815}"
db15aa59-b6e6-4b1d-b9aa-f30da3101e95,PROJ-1179,2025-04-01T00:00:00+00:00,127.3,39.6,495,154,341,0,537919024.4,53791902.44,"{""SURVEY"": 102, ""VERIFICATION"": 102, ""OBJECTION"": 0, ""AWARD"": 68, ""COMPENSATION"": 68}","{""officers_count"": 7, ""sla_breaches"": 2, ""disputes_count"": 0, ""avg_days_per_stage"": 27.4, ""stage_complexity"": 0.2429}"
9db569f5-9356-4f41-9c29-bc8433eb3933,PROJ-1179,2025-04-16T00:00:00+00:00,127.3,42.69,495,166,329,0,537919024.4,53791902.44,"{""SURVEY"": 98, ""VERIFICATION"": 98, ""OBJECTION"": 0, ""AWARD"": 65, ""COMPENSATION"": 65}","{""officers_count"": 8, ""sla_breaches"": 2, ""disputes_count"": 1, ""avg_days_per_stage"": 19.1, ""stage_complexity"": 0.4045}"
70876615-4c8c-4e97-8e44-b8284141200e,PROJ-1179,2025-05-01T00:00:00+00:00,127.3,50.41,495,196,299,1,537919024.4,53791902.44,"{""SURVEY"": 89, ""VERIFICATION"": 89, ""OBJECTION"": 0, ""AWARD"": 59, ""COMPENSATION"": 59}","{""officers_count"": 8, ""sla_breaches"": 1, ""disputes_count"": 2, ""avg_days_per_stage"": 30.7, ""stage_complexity"": 0.2445}"
65530ea6-7666-4194-a68c-c172f04d1961,PROJ-1179,2025-05-16T00:00:00+00:00,127.3,54.52,495,212,282,1,537919024.4,53791902.44,"{""SURVEY"": 84, ""VERIFICATION"": 84, ""OBJECTION"": 0, ""AWARD"": 56, ""COMPENSATION"": 56}","{""officers_count"": 9, ""sla_breaches"": 0, ""disputes_count"": 1, ""avg_days_per_stage"": 15.0, ""stage_complexity"": 0.4393}"
99f499c0-878f-431e-934e-d6ed8c51f518,PROJ-1180,2025-01-01T00:00:00+00:00,289.83,3.73,466,6,456,4,252011148.96,728316533.51,"{""SURVEY"": 136, ""VERIFICATION"": 136, ""OBJECTION"": 2, ""AWARD"": 91, ""COMPENSATION"": 91}","{""officers_count"": 2, ""sla_breaches"": 11, ""disputes_count"": 11, ""avg_days_per_stage"": 132.7, ""stage_complexity"": 0.7795}"
f66787b6-c21f-4285-856f-8d3028a6afea,PROJ-1180,2025-01-16T00:00:00+00:00,289.83,5.6,466,9,446,11,261231022.61,692577282.42,"{""SURVEY"": 133, ""VERIFICATION"": 133, ""OBJECTION"": 6, ""AWARD"": 89, ""COMPENSATION"": 89}","{""officers_count"": 4, ""sla_breaches"": 4, ""disputes_count"": 20, ""avg_days_per_stage"": 75.2, ""stage_complexity"": 0.8047}"
e0f9e894-b00d-4579-8592-506d970f5cb1,PROJ-1180,2025-01-31T00:00:00+00:00,289.83,6.84,466,11,437,18,426220659.97,654548314.6,"{""SURVEY"": 131, ""VERIFICATION"": 131, ""OBJECTION"": 10, ""AWARD"": 87, ""COMPENSATION"": 87}","{""officers_count"": 4, ""sla_breaches"": 11, ""disputes_count"": 27, ""avg_days_per_stage"": 83.8, ""stage_complexity"": 0.9297}"
b2f77b5b-2567-4a4e-b9b9-fd32eada9370,PROJ-1181,2025-01-01T00:00:00+00:00,872.56,22.54,542,14,525,2,0.0,847798311.25,"{""SURVEY"": 157, ""VERIFICATION"": 157, ""OBJECTION"": 1, ""AWARD"": 105, ""COMPENSATION"": 105}","{""officers_count"": 11, ""sla_breaches"": 2, ""disputes_count"": 0, ""avg_days_per_stage"": 18.7, ""stage_complexity"": 0.3957}"
38fce1f4-6b43-4776-a334-7358d532d711,PROJ-1181,2025-01-16T00:00:00+00:00,872.56,57.96,542,36,504,1,141299718.54,819538367.55,"{""SURVEY"": 151, ""VERIFICATION"": 151, ""OBJECTION"": 0, ""AWARD"": 100, ""COMPENSATION"": 100}","{""officers_count"": 6, ""sla_breaches"": 0, ""disputes_count"": 2, ""avg_days_per_stage"": 31.9, ""stage_complexity"": 0.4102}"
c113aac7-1305-4858-8738-4c834ae3528d,PROJ-1181,2025-01-31T00:00:00+00:00,872.56,91.76,542,57,484,0,423899155.63,763018480.13,"{""SURVEY"": 145, ""VERIFICATION"": 145, ""OBJECTION"": 0, ""AWARD"": 96, ""COMPENSATION"": 96}","{""officers_count"": 8, ""sla_breaches"": 2, ""disputes_count"": 3, ""avg_days_per_stage"": 17.1, ""stage_complexity"": 0.2404}"
b2b38603-0c4a-4170-85a6-c2b29d9f611e,PROJ-1182,2025-01-01T00:00:00+00:00,1082.95,17.1,380,6,369,5,1134810072.03,2634240430.13,"{""SURVEY"": 110, ""VERIFICATION"": 110, ""OBJECTION"": 3, ""AWARD"": 73, ""COMPENSATION"": 73}","{""officers_count"": 5, ""sla_breaches"": 5, ""disputes_count"": 11, ""avg_days_per_stage"": 109.1, ""stage_complexity"": 0.8897}"
2f2d1d84-bae4-4b06-8403-92374dfe29ac,PROJ-1182,2025-01-16T00:00:00+00:00,1082.95,31.35,380,11,355,14,1549263310.48,3255025651.8,"{""SURVEY"": 106, ""VERIFICATION"": 106, ""OBJECTION"": 8, ""AWARD"": 71, ""COMPENSATION"": 71}","{""officers_count"": 4, ""sla_breaches"": 4, ""disputes_count"": 18, ""avg_days_per_stage"": 127.0, ""stage_complexity"": 0.878}"
28020137-ac54-4f5a-82ab-f504d8a0b3fb,PROJ-1182,2025-01-31T00:00:00+00:00,1082.95,37.05,380,13,347,20,1748274558.45,3083660107.34,"{""SURVEY"": 104, ""VERIFICATION"": 104, ""OBJECTION"": 12, ""AWARD"": 69, ""COMPENSATION"": 69}","{""officers_count"": 5, ""sla_breaches"": 8, ""disputes_count"": 26, ""avg_days_per_stage"": 130.2, ""stage_complexity"": 0.8044}"
89bcd4df-04e6-4f7a-aca6-be3391a2417e,PROJ-1182,2025-02-15T00:00:00+00:00,1082.95,54.15,380,19,332,29,1760427234.44,3173000443.77,"{""SURVEY"": 99, ""VERIFICATION"": 99, ""OBJECTION"": 17, ""AWARD"": 66, ""COMPENSATION"": 66}","{""officers_count"": 2, ""sla_breaches"": 9, ""disputes_count"": 37, ""avg_days_per_stage"": 73.6, ""stage_complexity"": 0.8104}"
75310919-997e-4442-9385-fd488f68d8bb,PROJ-1182,2025-03-02T00:00:00+00:00,1082.95,68.4,380,24,315,41,845099856.99,2643881344.38,"{""SURVEY"": 94, ""VERIFICATION"": 94, ""OBJECTION"": 24, ""AWARD"": 63, ""COMPENSATION"": 63}","{""officers_count"": 3, ""sla_breaches"": 4, ""disputes_count"": 43, ""avg_days_per_stage"": 111.0, ""stage_complexity"": 0.7849}"
fc673b78-decd-4858-9d0b-87f14868a7e8,PROJ-1182,2025-03-17T00:00:00+00:00,1082.95,76.95,380,27,305,48,1039873721.74,3974218067.52,"{""SURVEY"": 91, ""VERIFICATION"": 91, ""OBJECTION"": 28, ""AWARD"": 61, ""COMPENSATION"": 61}","{""officers_count"": 5, ""sla_breaches"": 4, ""disputes_count"": 57, ""avg_days_per_stage"": 67.3, ""stage_complexity"": 0.8831}"
62dead80-7585-4dd5-98e4-fa60194cbf41,PROJ-1182,2025-04-01T00:00:00+00:00,1082.95,82.65,380,29,296,55,1404451704.1,3845211421.38,"{""SURVEY"": 88, ""VERIFICATION"": 88, ""OBJECTION"": 33, ""AWARD"": 59, ""COMPENSATION"": 59}","{""officers_count"": 4, ""sla_breaches"": 7, ""disputes_count"": 60, ""avg_days_per_stage"": 117.2, ""stage_complexity"": 0.8742}"
f892938c-fbdb-40c2-ac07-66ce0e60e654,PROJ-1182,2025-04-16T00:00:00+00:00,1082.95,88.35,380,31,283,66,1543192719.13,2872162820.86,"{""SURVEY"": 84, ""VERIFICATION"": 84, ""OBJECTION"": 39, ""AWARD"": 56, ""COMPENSATION"": 56}","{""officers_count"": 3, ""sla_breaches"": 8, ""disputes_count"": 75, ""avg_days_per_stage"": 123.7, ""stage_complexity"": 0.7952}"
aafde3b6-49db-4823-a883-8e304c1d764a,PROJ-1182,2025-05-01T00:00:00+00:00,1082.95,96.9,380,34,269,77,1049235255.54,3918361854.41,"{""SURVEY"": 80, ""VERIFICATION"": 80, ""OBJECTION"": 46, ""AWARD"": 53, ""COMPENSATION"": 53}","{""officers_count"": 5, ""sla_breaches"": 8, ""disputes_count"": 83, ""avg_days_per_stage"": 80.4, ""stage_complexity"": 0.8484}"
6fcc0139-7e1e-4067-942a-0d02dac759a5,PROJ-1182,2025-05-16T00:00:00+00:00,1082.95,113.99,380,40,259,81,1512508225.45,4639416819.62,"{""SURVEY"": 77, ""VERIFICATION"": 77, ""OBJECTION"": 48, ""AWARD"": 51, ""COMPENSATION"": 51}","{""officers_count"": 5, ""sla_breaches"": 5, ""disputes_count"": 88, ""avg_days_per_stage"": 75.8, ""stage_complexity"": 0.8914}"
a2f14956-df52-4766-98f1-2a7013f69cb0,PROJ-1183,2025-01-01T00:00:00+00:00,1082.14,4.19,516,2,508,6,981355712.9,3138240659.01,"{""SURVEY"": 152, ""VERIFICATION"": 152, ""OBJECTION"": 3, ""AWARD"": 101, ""COMPENSATION"": 101}","{""officers_count"": 6, ""sla_breaches"": 10, ""disputes_count"": 7, ""avg_days_per_stage"": 82.0, ""stage_complexity"": 0.771}"
98328cfa-0412-4244-9939-43c51939a76e,PROJ-1183,2025-01-16T00:00:00+00:00,1082.14,12.58,516,6,502,8,861832824.97,3817130043.72,"{""SURVEY"": 150, ""VERIFICATION"": 150, ""OBJECTION"": 4, ""AWARD"": 100, ""COMPENSATION"": 100}","{""officers_count"": 5, ""sla_breaches"": 9, ""disputes_count"": 8, ""avg_days_per_stage"": 87.5, ""stage_complexity"": 0.7284}"
8e3d98b1-547a-4e72-ad6d-cf54ae7ca7b2,PROJ-1183,2025-01-31T00:00:00+00:00,1082.14,27.26,516,13,491,12,859541241.28,3795426541.65,"{""SURVEY"": 147, ""VERIFICATION"": 147, ""OBJECTION"": 7, ""AWARD"": 98, ""COMPENSATION"": 98}","{""officers_count"": 5, ""sla_breaches"": 5, ""disputes_count"": 3, ""avg_days_per_stage"": 95.6, ""stage_complexity"": 0.7054}"
9111fb73-4754-4fbf-aefd-9191090b1430,PROJ-1183,2025-02-15T00:00:00+00:00,1082.14,37.75,516,18,481,17,681453107.46,3113116964.96,"{""SURVEY"": 144, ""VERIFICATION"": 144, ""OBJECTION"": 10, ""AWARD"": 96, ""COMPENSATION"": 96}","{""officers_count"": 5, ""sla_breaches"": 7, ""disputes_count"": 7, ""avg_days_per_stage"": 62.6, ""stage_complexity"": 0.7604}"
e138aa75-3751-4216-82dd-09c6186d8615,PROJ-1183,2025-03-02T00:00:00+00:00,1082.14,52.43,516,25,468,23,1116570595.76,3625935180.14,"{""SURVEY"": 140, ""VERIFICATION"": 140, ""OBJECTION"": 13, ""AWARD"": 93, ""COMPENSATION"": 93}","{""officers_count"": 6, ""sla_breaches"": 8, ""disputes_count"": 6, ""avg_days_per_stage"": 65.6, ""stage_complexity"": 0.8743}"
be6232c5-ec41-4f27-9215-33ec118c5c69,PROJ-1183,2025-03-17T00:00:00+00:00,1082.14,67.11,516,32,459,25,895231117.57,3394393706.73,"{""SURVEY"": 137, ""VERIFICATION"": 137, ""OBJECTION"": 15, ""AWARD"": 91, ""COMPENSATION"": 91}","{""officers_count"": 4, ""sla_breaches"": 5, ""disputes_count"": 7, ""avg_days_per_stage"": 105.6, ""stage_complexity"": 0.8708}"
5adb69d7-8641-42ae-b5c2-08745edcf23a,PROJ-1183,2025-04-01T00:00:00+00:00,1082.14,75.5,516,36,451,29,1051487298.29,3858604295.28,"{""SURVEY"": 135, ""VERIFICATION"": 135, ""OBJECTION"": 17, ""AWARD"": 90, ""COMPENSATION"": 90}","{""officers_count"": 5, ""sla_breaches"": 6, ""disputes_count"": 4, ""avg_days_per_stage"": 89.9, ""stage_complexity"": 0.8795}"
637656e4-bf56-44c9-bd16-76d08c1b8d9b,PROJ-1183,2025-04-16T00:00:00+00:00,1082.14,83.89,516,40,444,32,458880179.96,3992854869.13,"{""SURVEY"": 133, ""VERIFICATION"": 133, ""OBJECTION"": 19, ""AWARD"": 88, ""COMPENSATION"": 88}","{""officers_count"": 5, ""sla_breaches"": 6, ""disputes_count"": 7, ""avg_days_per_stage"": 71.7, ""stage_complexity"": 0.7428}"
ba492a74-b807-435a-82a2-79e1309f5fa7,PROJ-1183,2025-05-01T00:00:00+00:00,1082.14,98.57,516,47,432,37,732733958.26,3596118891.01,"{""SURVEY"": 129, ""VERIFICATION"": 129, ""OBJECTION"": 22, ""AWARD"": 86, ""COMPENSATION"": 86}","{""officers_count"": 3, ""sla_breaches"": 5, ""disputes_count"": 3, ""avg_days_per_stage"": 73.1, ""stage_complexity"": 0.8031}"
959549d5-e87b-4563-8b19-1b359be3c0fa,PROJ-1183,2025-05-16T00:00:00+00:00,1082.14,115.34,516,55,419,42,956354304.47,3161843510.34,"{""SURVEY"": 125, ""VERIFICATION"": 125, ""OBJECTION"": 25, ""AWARD"": 83, ""COMPENSATION"": 83}","{""officers_count"": 5, ""sla_breaches"": 10, ""disputes_count"": 5, ""avg_days_per_stage"": 94.7, ""stage_complexity"": 0.7594}"
06b7bc70-d886-40ad-b549-8b1202e4465a,PROJ-1183,2025-05-31T00:00:00+00:00,1082.14,125.83,516,60,411,45,637230762.25,4279044125.21,"{""SURVEY"": 123, ""VERIFICATION"": 123, ""OBJECTION"": 27, ""AWARD"": 82, ""COMPENSATION"": 82}","{""officers_count"": 3, ""sla_breaches"": 7, ""disputes_count"": 4, ""avg_days_per_stage"": 68.4, ""stage_complexity"": 0.714}"
b7739e6e-1fc5-4c96-b9be-9dccb0501ece,PROJ-1183,2025-06-15T00:00:00+00:00,1082.14,138.41,516,66,399,51,1025488677.54,3768268965.06,"{""SURVEY"": 119, ""VERIFICATION"": 119, ""OBJECTION"": 30, ""AWARD"": 79, ""COMPENSATION"": 79}","{""officers_count"": 3, ""sla_breaches"": 7, ""disputes_count"": 4, ""avg_days_per_stage"": 85.5, ""stage_complexity"": 0.7302}"
9462b716-89aa-4e3a-bbb1-acc2bf1091a4,PROJ-1183,2025-06-30T00:00:00+00:00,1082.14,146.8,516,70,391,55,995127705.85,4184506017.89,"{""SURVEY"": 117, ""VERIFICATION"": 117, ""OBJECTION"": 33, ""AWARD"": 78, ""COMPENSATION"": 78}","{""officers_count"": 6, ""sla_breaches"": 7, ""disputes_count"": 7, ""avg_days_per_stage"": 63.8, ""stage_complexity"": 0.7189}"
37eb91fa-34b6-4581-b555-e02f8e86aa17,PROJ-1183,2025-07-15T00:00:00+00:00,1082.14,153.09,516,73,384,59,582655189.9,4015086450.42,"{""SURVEY"": 115, ""VERIFICATION"": 115, ""OBJECTION"": 35, ""AWARD"": 76, ""COMPENSATION"": 76}","{""officers_count"": 4, ""sla_breaches"": 7, ""disputes_count"": 6, ""avg_days_per_stage"": 86.5, ""stage_complexity"": 0.8651}"
94f79afb-a254-445a-90f0-8a6a16b861c8,PROJ-1183,2025-07-30T00:00:00+00:00,1082.14,163.58,516,78,374,64,562363731.01,3373948408.69,"{""SURVEY"": 112, ""VERIFICATION"": 112, ""OBJECTION"": 38, ""AWARD"": 74, ""COMPENSATION"": 74}","{""officers_count"": 6, ""sla_breaches"": 6, ""disputes_count"": 4, ""avg_days_per_stage"": 79.8, ""stage_complexity"": 0.8334}"
538de7de-bb7a-4312-92da-efbd3e1389ec,PROJ-1184,2025-01-01T00:00:00+00:00,301.92,4.64,651,10,639,0,0.0,331877521.7,"{""SURVEY"": 191, ""VERIFICATION"": 191, ""OBJECTION"": 0, ""AWARD"": 127, ""COMPENSATION"": 127}","{""officers_count"": 7, ""sla_breaches"": 1, ""disputes_count"": 1, ""avg_days_per_stage"": 16.4, ""stage_complexity"": 0.3607}"
917c9c05-498c-45bc-b170-4bcc6c98a531,PROJ-1184,2025-01-16T00:00:00+00:00,301.92,10.67,651,23,628,0,55312920.28,320814937.65,"{""SURVEY"": 188, ""VERIFICATION"": 188, ""OBJECTION"": 0, ""AWARD"": 125, ""COMPENSATION"": 125}","{""officers_count"": 8, ""sla_breaches"": 0, ""disputes_count"": 2, ""avg_days_per_stage"": 23.6, ""stage_complexity"": 0.4078}"
03577b33-429d-4348-959d-dd06dcfb5c23,PROJ-1184,2025-01-31T00:00:00+00:00,301.92,18.55,651,40,611,0,165938760.85,298689769.53,"{""SURVEY"": 183, ""VERIFICATION"": 183, ""OBJECTION"": 0, ""AWARD"": 122, ""COMPENSATION"": 122}","{""officers_count"": 5, ""sla_breaches"": 1, ""disputes_count"": 1, ""avg_days_per_stage"": 31.5, ""stage_complexity"": 0.3962}"
d557e247-1ef6-4575-aaa5-a57ec14704d7,PROJ-1184,2025-02-15T00:00:00+00:00,301.92,34.32,651,74,577,0,331877521.7,265502017.36,"{""SURVEY"": 173, ""VERIFICATION"": 173, ""OBJECTION"": 0, ""AWARD"": 115, ""COMPENSATION"": 115}","{""officers_count"": 11, ""sla_breaches"": 1, ""disputes_count"": 0, ""avg_days_per_stage"": 32.5, ""stage_complexity"": 0.2226}"
c79e8395-78cf-40fb-8930-dbd0ad8e300d,PROJ-1184,2025-03-02T00:00:00+00:00,301.92,42.67,651,92,559,0,553129202.84,221251681.14,"{""SURVEY"": 167, ""VERIFICATION"": 167, ""OBJECTION"": 0, ""AWARD"": 111, ""COMPENSATION"": 111}","{""officers_count"": 5, ""sla_breaches"": 1, ""disputes_count"": 3, ""avg_days_per_stage"": 23.5, ""stage_complexity"": 0.2407}"
06ffc4a6-8501-42a7-aa85-bb88c5d1feb0,PROJ-1184,2025-03-17T00:00:00+00:00,301.92,58.9,651,127,524,0,829693804.26,165938760.85,"{""SURVEY"": 157, ""VERIFICATION"": 157, ""OBJECTION"": 0, ""AWARD"": 104, ""COMPENSATION"": 104}","{""officers_count"": 6, ""sla_breaches"": 1, ""disputes_count"": 3, ""avg_days_per_stage"": 15.2, ""stage_complexity"": 0.2192}"
72525337-4d12-4b04-a56f-d7821d05e8e2,PROJ-1184,2025-04-01T00:00:00+00:00,301.92,71.42,651,154,497,0,1106258405.68,110625840.57,"{""SURVEY"": 149, ""VERIFICATION"": 149, ""OBJECTION"": 0, ""AWARD"": 99, ""COMPENSATION"": 99}","{""officers_count"": 8, ""sla_breaches"": 1, ""disputes_count"": 3, ""avg_days_per_stage"": 20.7, ""stage_complexity"": 0.2101}"
a7afe1bd-f67c-4808-a24f-eedc2bb5d881,PROJ-1184,2025-04-16T00:00:00+00:00,301.92,76.99,651,166,485,0,1106258405.68,110625840.57,"{""SURVEY"": 145, ""VERIFICATION"": 145, ""OBJECTION"": 0, ""AWARD"": 97, ""COMPENSATION"": 97}","{""officers_count"": 10, ""sla_breaches"": 2, ""disputes_count"": 3, ""avg_days_per_stage"": 28.2, ""stage_complexity"": 0.379}"
79c4c30d-5f50-461e-9c83-49d331a9e554,PROJ-1184,2025-05-01T00:00:00+00:00,301.92,86.73,651,187,464,1,1106258405.68,110625840.57,"{""SURVEY"": 139, ""VERIFICATION"": 139, ""OBJECTION"": 0, ""AWARD"": 92, ""COMPENSATION"": 92}","{""officers_count"": 10, ""sla_breaches"": 0, ""disputes_count"": 3, ""avg_days_per_stage"": 28.4, ""stage_complexity"": 0.4464}"
f9353d0d-2ac5-4c31-af59-0c434e3c8597,PROJ-1184,2025-05-16T00:00:00+00:00,301.92,100.64,651,217,433,0,1106258405.68,110625840.57,"{""SURVEY"": 129, ""VERIFICATION"": 129, ""OBJECTION"": 0, ""AWARD"": 86, ""COMPENSATION"": 86}","{""officers_count"": 12, ""sla_breaches"": 1, ""disputes_count"": 1, ""avg_days_per_stage"": 16.2, ""stage_complexity"": 0.3037}"
6f393de0-311a-46da-8fa8-84ab87f5c065,PROJ-1184,2025-05-31T00:00:00+00:00,301.92,106.21,651,229,422,0,1106258405.68,110625840.57,"{""SURVEY"": 126, ""VERIFICATION"": 126, ""OBJECTION"": 0, ""AWARD"": 84, ""COMPENSATION"": 84}","{""officers_count"": 7, ""sla_breaches"": 2, ""disputes_count"": 1, ""avg_days_per_stage"": 19.0, ""stage_complexity"": 0.3292}"
b6a2e853-75f3-4025-92ce-6d9ba2dd9261,PROJ-1184,2025-06-15T00:00:00+00:00,301.92,113.63,651,245,406,1,1106258405.68,110625840.57,"{""SURVEY"": 121, ""VERIFICATION"": 121, ""OBJECTION"": 0, ""AWARD"": 81, ""COMPENSATION"": 81}","{""officers_count"": 8, ""sla_breaches"": 2, ""disputes_count"": 0, ""avg_days_per_stage"": 21.6, ""stage_complexity"": 0.3061}"
6ca843fb-97f6-4b1f-931a-7e8adaf43198,PROJ-1184,2025-06-30T00:00:00+00:00,301.92,121.05,651,261,389,0,1106258405.68,110625840.57,"{""SURVEY"": 116, ""VERIFICATION"": 116, ""OBJECTION"": 0, ""AWARD"": 77, ""COMPENSATION"": 77}","{""officers_count"": 9, ""sla_breaches"": 1, ""disputes_count"": 1, ""avg_days_per_stage"": 25.4, ""stage_complexity"": 0.4099}"
451651b5-bfc5-4740-a25e-28521044cc0c,PROJ-1184,2025-07-15T00:00:00+00:00,301.92,136.81,651,295,356,0,1106258405.68,110625840.57,"{""SURVEY"": 106, ""VERIFICATION"": 106, ""OBJECTION"": 0, ""AWARD"": 71, ""COMPENSATION"": 71}","{""officers_count"": 9, ""sla_breaches"": 1, ""disputes_count"": 2, ""avg_days_per_stage"": 19.2, ""stage_complexity"": 0.4132}"
6a23ec71-336d-4e1e-823a-1fd3d64fac52,PROJ-1184,2025-07-30T00:00:00+00:00,301.92,142.84,651,308,343,1,1106258405.68,110625840.57,"{""SURVEY"": 102, ""VERIFICATION"": 102, ""OBJECTION"": 0, ""AWARD"": 68, ""COMPENSATION"": 68}","{""officers_count"": 11, ""sla_breaches"": 0, ""disputes_count"": 3, ""avg_days_per_stage"": 19.2, ""stage_complexity"": 0.365}"
572ef202-54cc-490a-8c98-ad6df333228d,PROJ-1185,2025-01-01T00:00:00+00:00,888.22,0.0,467,0,462,7,552421345.48,2747812553.62,"{""SURVEY"": 138, ""VERIFICATION"": 138, ""OBJECTION"": 4, ""AWARD"": 92, ""COMPENSATION"": 92}","{""officers_count"": 2, ""sla_breaches"": 6, ""disputes_count"": 4, ""avg_days_per_stage"": 124.2, ""stage_complexity"": 0.6844}"
d88ecbc7-cbe8-47ad-9ce1-93c6f5851c23,PROJ-1185,2025-01-16T00:00:00+00:00,888.22,0.0,467,0,460,11,797644557.66,2644173470.83,"{""SURVEY"": 138, ""VERIFICATION"": 138, ""OBJECTION"": 6, ""AWARD"": 92, ""COMPENSATION"": 92}","{""officers_count"": 2, ""sla_breaches"": 11, ""disputes_count"": 3, ""avg_days_per_stage"": 96.5, ""stage_complexity"": 0.7342}"
b1093da7-bc35-4496-89e0-440f330ee92d,PROJ-1185,2025-01-31T00:00:00+00:00,888.22,0.0,467,0,456,13,1301518532.34,2328187127.16,"{""SURVEY"": 136, ""VERIFICATION"": 136, ""OBJECTION"": 7, ""AWARD"": 91, ""COMPENSATION"": 91}","{""officers_count"": 1, ""sla_breaches"": 9, ""disputes_count"": 3, ""avg_days_per_stage"": 82.2, ""stage_complexity"": 0.7048}"
1a03dd77-4dc1-4d4a-86fa-79ca2859365b,PROJ-1185,2025-02-15T00:00:00+00:00,888.22,0.0,467,0,454,17,1148764137.47,3198822975.49,"{""SURVEY"": 136, ""VERIFICATION"": 136, ""OBJECTION"": 10, ""AWARD"": 90, ""COMPENSATION"": 90}","{""officers_count"": 1, ""sla_breaches"": 10, ""disputes_count"": 4, ""avg_days_per_stage"": 141.8, ""stage_complexity"": 0.7639}"
08780e87-9cf5-4552-9220-4746f5a360e6,PROJ-1185,2025-03-02T00:00:00+00:00,888.22,7.61,467,4,446,20,1226406515.31,3109643201.37,"{""SURVEY"": 133, ""VERIFICATION"": 133, ""OBJECTION"": 12, ""AWARD"": 89, ""COMPENSATION"": 89}","{""officers_count"": 2, ""sla_breaches"": 9, ""disputes_count"": 5, ""avg_days_per_stage"": 96.2, ""stage_complexity"": 0.7733}"
a39e8e30-8085-4521-b4b7-4186d51a20ff,PROJ-1185,2025-03-17T00:00:00+00:00,888.22,11.41,467,6,441,24,1156018495.04,3178843123.35,"{""SURVEY"": 132, ""VERIFICATION"": 132, ""OBJECTION"": 14, ""AWARD"": 88, ""COMPENSATION"": 88}","{""officers_count"": 2, ""sla_breaches"": 11, ""disputes_count"": 6, ""avg_days_per_stage"": 78.0, ""stage_complexity"": 0.624}"
67886dee-9df6-4b20-a10b-41e0c3dc4a43,PROJ-1185,2025-04-01T00:00:00+00:00,888.22,17.12,467,9,434,27,1230029079.73,3160151742.26,"{""SURVEY"": 130, ""VERIFICATION"": 130, ""OBJECTION"": 16, ""AWARD"": 86, ""COMPENSATION"": 86}","{""officers_count"": 1, ""sla_breaches"": 10, ""disputes_count"": 5, ""avg_days_per_stage"": 84.2, ""stage_complexity"": 0.7399}"
05c28b97-0e24-42b0-812b-5368d92f2ae1,PROJ-1185,2025-04-16T00:00:00+00:00,888.22,22.82,467,12,428,31,870462303.64,2447874487.77,"{""SURVEY"": 128, ""VERIFICATION"": 128, ""OBJECTION"": 18, ""AWARD"": 85, ""COMPENSATION"": 85}","{""officers_count"": 1, ""sla_breaches"": 6, ""disputes_count"": 5, ""avg_days_per_stage"": 116.1, ""stage_complexity"": 0.7119}"
7f888677-cac2-4d8a-8c9b-875d41d55da2,PROJ-1185,2025-05-01T00:00:00+00:00,888.22,30.43,467,16,420,32,569560768.41,3026158091.71,"{""SURVEY"": 126, ""VERIFICATION"": 126, ""OBJECTION"": 19, ""AWARD"": 84, ""COMPENSATION"": 84}","{""officers_count"": 2, ""sla_breaches"": 8, ""disputes_count"": 3, ""avg_days_per_stage"": 105.3, ""stage_complexity"": 0.6301}"
4dad1eb9-4447-4f81-af07-37a09e10cddd,PROJ-1186,2025-01-01T00:00:00+00:00,634.4,13.56,608,13,591,4,0.0,890645553.27,"{""SURVEY"": 177, ""VERIFICATION"": 177, ""OBJECTION"": 2, ""AWARD"": 118, ""COMPENSATION"": 118}","{""officers_count"": 6, ""sla_breaches"": 2, ""disputes_count"": 3, ""avg_days_per_stage"": 17.1, ""stage_complexity"": 0.3845}"
0f37c839-59c8-47b2-b6ab-5b103cbc426c,PROJ-1186,2025-01-16T00:00:00+00:00,634.4,44.87,608,43,561,2,148440925.55,860957368.16,"{""SURVEY"": 168, ""VERIFICATION"": 168, ""OBJECTION"": 1, ""AWARD"": 112, ""COMPENSATION"": 112}","{""officers_count"": 6, ""sla_breaches"": 1, ""disputes_count"": 0, ""avg_days_per_stage"": 20.5, ""stage_complexity"": 0.2797}"
36d19329-e010-4daf-902d-b87591688ee2,PROJ-1186,2025-01-31T00:00:00+00:00,634.4,75.13,608,72,534,3,445322776.64,801580997.94,"{""SURVEY"": 160, ""VERIFICATION"": 160, ""OBJECTION"": 1, ""AWARD"": 106, ""COMPENSATION"": 106}","{""officers_count"": 10, ""sla_breaches"": 1, ""disputes_count"": 2, ""avg_days_per_stage"": 15.2, ""stage_complexity"": 0.2821}"
721124ad-9268-47d8-9cd7-ac78d7bc82ac,PROJ-1186,2025-02-15T00:00:00+00:00,634.4,102.26,608,98,507,2,890645553.27,712516442.62,"{""SURVEY"": 152, ""VERIFICATION"": 152, ""OBJECTION"": 1, ""AWARD"": 101, ""COMPENSATION"": 101}","{""officers_count"": 11, ""sla_breaches"": 1, ""disputes_count"": 0, ""avg_days_per_stage"": 17.4, ""stage_complexity"": 0.2292}"
5776367e-b43a-462b-a73c-2dbdb51e3241,PROJ-1186,2025-03-02T00:00:00+00:00,634.4,127.3,608,122,484,1,1484409255.45,593763702.18,"{""SURVEY"": 145, ""VERIFICATION"": 145, ""OBJECTION"": 0, ""AWARD"": 96, ""COMPENSATION"": 96}","{""officers_count"": 5, ""sla_breaches"": 1, ""disputes_count"": 2, ""avg_days_per_stage"": 23.2, ""stage_complexity"": 0.3988}"
25202840-c389-4f4e-9e35-141007a7b9c3,PROJ-1186,2025-03-17T00:00:00+00:00,634.4,153.38,608,147,460,2,2226613883.18,445322776.64,"{""SURVEY"": 138, ""VERIFICATION"": 138, ""OBJECTION"": 1, ""AWARD"": 92, ""COMPENSATION"": 92}","{""officers_count"": 7, ""sla_breaches"": 1, ""disputes_count"": 3, ""avg_days_per_stage"": 16.2, ""stage_complexity"": 0.2666}"
fab34b6b-1425-48ed-85d4-6149704bb8de,PROJ-1186,2025-04-01T00:00:00+00:00,634.4,182.6,608,175,431,2,2968818510.9,296881851.09,"{""SURVEY"": 129, ""VERIFICATION"": 129, ""OBJECTION"": 1, ""AWARD"": 86, ""COMPENSATION"": 86}","{""officers_count"": 12, ""sla_breaches"": 0, ""disputes_count"": 2, ""avg_days_per_stage"": 25.4, ""stage_complexity"": 0.3163}"
b0e8d6bc-fe83-4842-a54a-cb7b3f97c573,PROJ-1186,2025-04-16T00:00:00+00:00,634.4,213.9,608,205,401,2,2968818510.9,296881851.09,"{""SURVEY"": 120, ""VERIFICATION"": 120, ""OBJECTION"": 1, ""AWARD"": 80, ""COMPENSATION"": 80}","{""officers_count"": 12, ""sla_breaches"": 1, ""disputes_count"": 3, ""avg_days_per_stage"": 25.9, ""stage_complexity"": 0.3275}"
187444f5-92f2-40a9-835c-9257653b1822,PROJ-1186,2025-05-01T00:00:00+00:00,634.4,232.68,608,223,383,0,2968818510.9,296881851.09,"{""SURVEY"": 114, ""VERIFICATION"": 114, ""OBJECTION"": 0, ""AWARD"": 76, ""COMPENSATION"": 76}","{""officers_count"": 7, ""sla_breaches"": 1, ""disputes_count"": 2, ""avg_days_per_stage"": 33.3, ""stage_complexity"": 0.2195}"
822137bd-e937-4f47-b371-ec8720aa7dcc,PROJ-1186,2025-05-16T00:00:00+00:00,634.4,259.81,608,249,359,0,2968818510.9,296881851.09,"{""SURVEY"": 107, ""VERIFICATION"": 107, ""OBJECTION"": 0, ""AWARD"": 71, ""COMPENSATION"": 71}","{""officers_count"": 11, ""sla_breaches"": 0, ""disputes_count"": 0, ""avg_days_per_stage"": 30.0, ""stage_complexity"": 0.3469}"
bb01e720-a77f-4eac-9606-6dedbaf300ce,PROJ-1186,2025-05-31T00:00:00+00:00,634.4,274.42,608,263,345,0,2968818510.9,296881851.09,"{""SURVEY"": 103, ""VERIFICATION"": 103, ""OBJECTION"": 0, ""AWARD"": 69, ""COMPENSATION"": 69}","{""officers_count"": 11, ""sla_breaches"": 0, ""disputes_count"": 3, ""avg_days_per_stage"": 33.3, ""stage_complexity"": 0.4206}"
763cfc4b-e119-4a84-b5b3-f95e45055d75,PROJ-1186,2025-06-15T00:00:00+00:00,634.4,305.72,608,293,315,0,2968818510.9,296881851.09,"{""SURVEY"": 94, ""VERIFICATION"": 94, ""OBJECTION"": 0, ""AWARD"": 63, ""COMPENSATION"": 63}","{""officers_count"": 7, ""sla_breaches"": 0, ""disputes_count"": 2, ""avg_days_per_stage"": 33.8, ""stage_complexity"": 0.4354}"
4e3a0c1e-425c-4436-b0b0-0824c0b43e0b,PROJ-1186,2025-06-30T00:00:00+00:00,634.4,322.42,608,309,299,0,2968818510.9,296881851.09,"{""SURVEY"": 89, ""VERIFICATION"": 89, ""OBJECTION"": 0, ""AWARD"": 59, ""COMPENSATION"": 59}","{""officers_count"": 7, ""sla_breaches"": 1, ""disputes_count"": 0, ""avg_days_per_stage"": 27.6, ""stage_complexity"": 0.4422}"
5fe482dc-2fdd-4228-befc-68c94d66c6ab,PROJ-1186,2025-07-15T00:00:00+00:00,634.4,354.76,608,340,268,0,2968818510.9,296881851.09,"{""SURVEY"": 80, ""VERIFICATION"": 80, ""OBJECTION"": 0, ""AWARD"": 53, ""COMPENSATION"": 53}","{""officers_count"": 11, ""sla_breaches"": 0, ""disputes_count"": 1, ""avg_days_per_stage"": 27.6, ""stage_complexity"": 0.2631}"
26375ab1-5701-4957-99d9-15f01c0ea693,PROJ-1186,2025-07-30T00:00:00+00:00,634.4,369.37,608,354,254,0,2968818510.9,296881851.09,"{""SURVEY"": 76, ""VERIFICATION"": 76, ""OBJECTION"": 0, ""AWARD"": 50, ""COMPENSATION"": 50}","{""officers_count"": 7, ""sla_breaches"": 1, ""disputes_count"": 3, ""avg_days_per_stage"": 26.9, ""stage_complexity"": 0.4027}"
5aaf2470-6ea0-4053-8ebe-d3996dd364e5,PROJ-1186,2025-08-14T00:00:00+00:00,634.4,383.98,608,368,240,1,2968818510.9,296881851.09,"{""SURVEY"": 72, ""VERIFICATION"": 72, ""OBJECTION"": 0, ""AWARD"": 48, ""COMPENSATION"": 48}","{""officers_count"": 9, ""sla_breaches"": 1, ""disputes_count"": 1, ""avg_days_per_stage"": 16.4, ""stage_complexity"": 0.3331}"
a483fa95-7fbd-4d3d-932d-a78228cae75a,PROJ-1186,2025-08-29T00:00:00+00:00,634.4,407.98,608,391,216,2,2968818510.9,296881851.09,"{""SURVEY"": 64, ""VERIFICATION"": 64, ""OBJECTION"": 1, ""AWARD"": 43, ""COMPENSATION"": 43}","{""officers_count"": 5, ""sla_breaches"": 1, ""disputes_count"": 0, ""avg_days_per_stage"": 15.7, ""stage_complexity"": 0.3628}"
738b1364-4ed8-4f0a-89b3-dd10f58b0822,PROJ-1186,2025-09-13T00:00:00+00:00,634.4,443.45,608,425,181,3,2968818510.9,296881851.09,"{""SURVEY"": 54, ""VERIFICATION"": 54, ""OBJECTION"": 1, ""AWARD"": 36, ""COMPENSATION"": 36}","{""officers_count"": 8, ""sla_breaches"": 0, ""disputes_count"": 0, ""avg_days_per_stage"": 15.6, ""stage_complexity"": 0.3093}"
45167ec8-63f3-4b02-9eda-6394e6914f7f,PROJ-1187,2025-01-01T00:00:00+00:00,833.98,4.7,355,2,340,13,522444330.11,1275410850.33,"{""SURVEY"": 102, ""VERIFICATION"": 102, ""OBJECTION"": 7, ""AWARD"": 68, ""COMPENSATION"": 68}","{""officers_count"": 4, ""sla_breaches"": 8, ""disputes_count"": 15, ""avg_days_per_stage"": 94.0, ""stage_complexity"": 0.8643}"
30434ee4-7eb9-4b29-adf3-ff6bc23e3bbe,PROJ-1187,2025-01-16T00:00:00+00:00,833.98,9.4,355,4,330,21,208132171.02,786990857.26,"{""SURVEY"": 99, ""VERIFICATION"": 99, ""OBJECTION"": 12, ""AWARD"": 66, ""COMPENSATION"": 66}","{""officers_count"": 5, ""sla_breaches"": 5, ""disputes_count"": 26, ""avg_days_per_stage"": 74.4, ""stage_complexity"": 0.7952}"
e20d6d96-743e-4738-8ed5-1789d3abdfdd,PROJ-1187,2025-01-31T00:00:00+00:00,833.98,23.49,355,10,316,29,316628400.04,828551520.3,"{""SURVEY"": 94, ""VERIFICATION"": 94, ""OBJECTION"": 17, ""AWARD"": 63, ""COMPENSATION"": 63}","{""officers_count"": 5, ""sla_breaches"": 4, ""disputes_count"": 32, ""avg_days_per_stage"": 100.7, ""stage_complexity"": 0.8804}"
3cc92220-0eb2-4792-944a-3d3c6a4e9fb9,PROJ-1187,2025-02-15T00:00:00+00:00,833.98,28.19,355,12,304,39,543109376.9,1278930344.09,"{""SURVEY"": 91, ""VERIFICATION"": 91, ""OBJECTION"": 23, ""AWARD"": 60, ""COMPENSATION"": 60}","{""officers_count"": 4, ""sla_breaches"": 4, ""disputes_count"": 46, ""avg_days_per_stage"": 82.7, ""stage_complexity"": 0.7583}"
24574210-6883-4c5f-8fe1-90adcf8ee818,PROJ-1187,2025-03-02T00:00:00+00:00,833.98,32.89,355,14,296,45,226558446.18,1247438261.84,"{""SURVEY"": 88, ""VERIFICATION"": 88, ""OBJECTION"": 27, ""AWARD"": 59, ""COMPENSATION"": 59}","{""officers_count"": 4, ""sla_breaches"": 6, ""disputes_count"": 54, ""avg_days_per_stage"": 112.5, ""stage_complexity"": 0.8018}"
84d53623-fcbd-428b-859d-a6ebb7fd6bfc,PROJ-1187,2025-03-17T00:00:00+00:00,833.98,44.64,355,19,286,50,378863482.51,1234659050.42,"{""SURVEY"": 85, ""VERIFICATION"": 85, ""OBJECTION"": 30, ""AWARD"": 57, ""COMPENSATION"": 57}","{""officers_count"": 3, ""sla_breaches"": 11, ""disputes_count"": 56, ""avg_days_per_stage"": 69.8, ""stage_complexity"": 0.8343}"
925743a9-85a8-408a-9fb6-78a503230f86,PROJ-1187,2025-04-01T00:00:00+00:00,833.98,54.03,355,23,275,57,248358381.07,784454868.99,"{""SURVEY"": 82, ""VERIFICATION"": 82, ""OBJECTION"": 34, ""AWARD"": 55, ""COMPENSATION"": 55}","{""officers_count"": 5, ""sla_breaches"": 5, ""disputes_count"": 63, ""avg_days_per_stage"": 98.2, ""stage_complexity"": 0.885}"
d05b6b1d-4111-4c4b-a4a5-8d033c50cf30,PROJ-1187,2025-04-16T00:00:00+00:00,833.98,68.13,355,29,262,64,347855547.59,1023915202.25,"{""SURVEY"": 78, ""VERIFICATION"": 78, ""OBJECTION"": 38, ""AWARD"": 52, ""COMPENSATION"": 52}","{""officers_count"": 2, ""sla_breaches"": 5, ""disputes_count"": 73, ""avg_days_per_stage"": 74.7, ""stage_complexity"": 0.8861}"
68af4ba1-bece-41c0-b09e-98a075e97e09,PROJ-1187,2025-05-01T00:00:00+00:00,833.98,75.18,355,32,248,75,301114599.52,1306269278.41,"{""SURVEY"": 74, ""VERIFICATION"": 74, ""OBJECTION"": 45, ""AWARD"": 49, ""COMPENSATION"": 49}","{""officers_count"": 3, ""sla_breaches"": 5, ""disputes_count"": 81, ""avg_days_per_stage"": 98.4, ""stage_complexity"": 0.7699}"
64f7828d-d19c-4533-8570-680dff49d693,PROJ-1187,2025-05-16T00:00:00+00:00,833.98,82.22,355,35,238,82,355924288.03,1146169427.39,"{""SURVEY"": 71, ""VERIFICATION"": 71, ""OBJECTION"": 49, ""AWARD"": 47, ""COMPENSATION"": 47}","{""officers_count"": 5, ""sla_breaches"": 5, ""disputes_count"": 86, ""avg_days_per_stage"": 95.2, ""stage_complexity"": 0.9304}"
76156fc3-dd3f-476c-b877-eb08a729b6ba,PROJ-1187,2025-05-31T00:00:00+00:00,833.98,84.57,355,36,231,88,198590970.57,1181350340.12,"{""SURVEY"": 69, ""VERIFICATION"": 69, ""OBJECTION"": 52, ""AWARD"": 46, ""COMPENSATION"": 46}","{""officers_count"": 2, ""sla_breaches"": 6, ""disputes_count"": 97, ""avg_days_per_stage"": 74.3, ""stage_complexity"": 0.9233}"
25fad2b0-659b-4588-b85d-f9f6bc5882be,PROJ-1187,2025-06-15T00:00:00+00:00,833.98,86.92,355,37,223,95,546366477.48,1083340605.74,"{""SURVEY"": 66, ""VERIFICATION"": 66, ""OBJECTION"": 57, ""AWARD"": 44, ""COMPENSATION"": 44}","{""officers_count"": 3, ""sla_breaches"": 6, ""disputes_count"": 99, ""avg_days_per_stage"": 128.6, ""stage_complexity"": 0.9419}"
2f255b9d-b23e-4931-8765-a7d5de92b741,PROJ-1188,2025-01-01T00:00:00+00:00,1074.65,195.39,132,24,103,5,0.0,1214519353.3,"{""SURVEY"": 30, ""VERIFICATION"": 30, ""OBJECTION"": 3, ""AWARD"": 20, ""COMPENSATION"": 20}","{""officers_count"": 7, ""sla_breaches"": 0, ""disputes_count"": 3, ""avg_days_per_stage"": 33.8, ""stage_complexity"": 0.2408}"
a948dcf4-1f4d-4535-89b7-7a40ced9b248,PROJ-1188,2025-01-16T00:00:00+00:00,1074.65,276.8,132,34,93,4,202419892.22,1174035374.86,"{""SURVEY"": 27, ""VERIFICATION"": 27, ""OBJECTION"": 2, ""AWARD"": 18, ""COMPENSATION"": 18}","{""officers_count"": 9, ""sla_breaches"": 1, ""disputes_count"": 2, ""avg_days_per_stage"": 29.9, ""stage_complexity"": 0.2087}"
3e8a6505-fd66-4849-b954-377bbaa2ff94,PROJ-1188,2025-01-31T00:00:00+00:00,1074.65,423.35,132,52,76,2,607259676.65,1093067417.97,"{""SURVEY"": 22, ""VERIFICATION"": 22, ""OBJECTION"": 1, ""AWARD"": 15, ""COMPENSATION"": 15}","{""officers_count"": 7, ""sla_breaches"": 1, ""disputes_count"": 0, ""avg_days_per_stage"": 27.8, ""stage_complexity"": 0.2998}"
d4dc36b0-36c0-44af-9a4c-d129cf522308,PROJ-1188,2025-02-15T00:00:00+00:00,1074.65,700.15,132,86,44,3,1214519353.3,971615482.64,"{""SURVEY"": 13, ""VERIFICATION"": 13, ""OBJECTION"": 1, ""AWARD"": 8, ""COMPENSATION"": 8}","{""officers_count"": 9, ""sla_breaches"": 0, ""disputes_count"": 3, ""avg_days_per_stage"": 16.5, ""stage_complexity"": 0.2406}"
9329fc8d-b70b-405f-b1b8-12f1dbb90e35,PROJ-1188,2025-03-02T00:00:00+00:00,1074.65,911.82,132,112,17,2,2024198922.16,809679568.87,"{""SURVEY"": 5, ""VERIFICATION"": 5, ""OBJECTION"": 1, ""AWARD"": 3, ""COMPENSATION"": 3}","{""officers_count"": 7, ""sla_breaches"": 2, ""disputes_count"": 2, ""avg_days_per_stage"": 23.5, ""stage_complexity"": 0.3558}"
c4a3910e-8cb7-4de6-a8f9-705de72c5bc4,PROJ-1188,2025-03-17T00:00:00+00:00,1074.65,1009.52,132,124,6,2,3036298383.25,607259676.65,"{""SURVEY"": 1, ""VERIFICATION"": 1, ""OBJECTION"": 1, ""AWARD"": 1, ""COMPENSATION"": 1}","{""officers_count"": 11, ""sla_breaches"": 0, ""disputes_count"": 1, ""avg_days_per_stage"": 29.3, ""stage_complexity"": 0.2367}"
80661583-5e8a-4dc3-aaf9-2ba103e22a6a,PROJ-1188,2025-04-01T00:00:00+00:00,1074.65,1074.65,132,132,0,0,4048397844.33,404839784.43,"{""SURVEY"": 0, ""VERIFICATION"": 0, ""OBJECTION"": 0, ""AWARD"": 0, ""COMPENSATION"": 0}","{""officers_count"": 8, ""sla_breaches"": 2, ""disputes_count"": 0, ""avg_days_per_stage"": 28.6, ""stage_complexity"": 0.2653}"
43665ac9-83c0-4a28-bc42-e459c16e9f64,PROJ-1188,2025-04-16T00:00:00+00:00,1074.65,1074.65,132,132,0,0,4048397844.33,404839784.43,"{""SURVEY"": 0, ""VERIFICATION"": 0, ""OBJECTION"": 0, ""AWARD"": 0, ""COMPENSATION"": 0}","{""officers_count"": 9, ""sla_breaches"": 0, ""disputes_count"": 0, ""avg_days_per_stage"": 33.2, ""stage_complexity"": 0.2365}"
f9824610-9b36-459f-a7f8-2f6185f1717d,PROJ-1188,2025-05-01T00:00:00+00:00,1074.65,1074.65,132,132,0,1,4048397844.33,404839784.43,"{""SURVEY"": 0, ""VERIFICATION"": 0, ""OBJECTION"": 0, ""AWARD"": 0, ""COMPENSATION"": 0}","{""officers_count"": 8, ""sla_breaches"": 1, ""disputes_count"": 0, ""avg_days_per_stage"": 15.3, ""stage_complexity"": 0.2681}"
d18e4d63-07d0-4c86-ab81-477351e94493,PROJ-1188,2025-05-16T00:00:00+00:00,1074.65,1074.65,132,132,0,2,4048397844.33,404839784.43,"{""SURVEY"": 0, ""VERIFICATION"": 0, ""OBJECTION"": 1, ""AWARD"": 0, ""COMPENSATION"": 0}","{""officers_count"": 8, ""sla_breaches"": 0, ""disputes_count"": 0, ""avg_days_per_stage"": 25.6, ""stage_complexity"": 0.3211}"
6b6f2877-5047-44a3-a332-6d6e987c6418,PROJ-1188,2025-05-31T00:00:00+00:00,1074.65,1074.65,132,132,0,3,4048397844.33,404839784.43,"{""SURVEY"": 0, ""VERIFICATION"": 0, ""OBJECTION"": 1, ""AWARD"": 0, ""COMPENSATION"": 0}","{""officers_count"": 11, ""sla_breaches"": 1, ""disputes_count"": 2, ""avg_days_per_stage"": 33.6, ""stage_complexity"": 0.2519}"
8dbc79bd-fcbe-4991-9f47-3b5051f79c95,PROJ-1188,2025-06-15T00:00:00+00:00,1074.65,1074.65,132,132,0,2,4048397844.33,404839784.43,"{""SURVEY"": 0, ""VERIFICATION"": 0, ""OBJECTION"": 1, ""AWARD"": 0, ""COMPENSATION"": 0}","{""officers_count"": 8, ""sla_breaches"": 1, ""disputes_count"": 3, ""avg_days_per_stage"": 24.2, ""stage_complexity"": 0.4227}"
a20cc4ff-9d5e-4807-b4ee-02ec45471421,PROJ-1188,2025-06-30T00:00:00+00:00,1074.65,1074.65,132,132,0,1,4048397844.33,404839784.43,"{""SURVEY"": 0, ""VERIFICATION"": 0, ""OBJECTION"": 0, ""AWARD"": 0, ""COMPENSATION"": 0}","{""officers_count"": 11, ""sla_breaches"": 1, ""disputes_count"": 1, ""avg_days_per_stage"": 32.9, ""stage_complexity"": 0.2045}"
630442dd-01cf-4410-a39e-035bec34d0a6,PROJ-1188,2025-07-15T00:00:00+00:00,1074.65,1074.65,132,132,0,0,4048397844.33,404839784.43,"{""SURVEY"": 0, ""VERIFICATION"": 0, ""OBJECTION"": 0, ""AWARD"": 0, ""COMPENSATION"": 0}","{""officers_count"": 11, ""sla_breaches"": 1, ""disputes_count"": 1, ""avg_days_per_stage"": 29.4, ""stage_complexity"": 0.2009}"
29bd155b-45d6-4b4e-afcd-21c0a5ef11d1,PROJ-1188,2025-07-30T00:00:00+00:00,1074.65,1074.65,132,132,0,0,4048397844.33,404839784.43,"{""SURVEY"": 0, ""VERIFICATION"": 0, ""OBJECTION"": 0, ""AWARD"": 0, ""COMPENSATION"": 0}","{""officers_count"": 9, ""sla_breaches"": 2, ""disputes_count"": 2, ""avg_days_per_stage"": 23.1, ""stage_complexity"": 0.357}"
892026e5-004a-427c-b55c-102f798fe44f,PROJ-1188,2025-08-14T00:00:00+00:00,1074.65,1074.65,132,132,0,0,4048397844.33,404839784.43,"{""SURVEY"": 0, ""VERIFICATION"": 0, ""OBJECTION"": 0, ""AWARD"": 0, ""COMPENSATION"": 0}","{""officers_count"": 10, ""sla_breaches"": 1, ""disputes_count"": 1, ""avg_days_per_stage"": 31.0, ""stage_complexity"": 0.2983}"
f2de11da-f4b8-4265-af75-3a867d211d9e,PROJ-1189,2025-01-01T00:00:00+00:00,115.76,5.18,581,26,554,2,0.0,129402188.75,"{""SURVEY"": 166, ""VERIFICATION"": 166, ""OBJECTION"": 1, ""AWARD"": 110, ""COMPENSATION"": 110}","{""officers_count"": 8, ""sla_breaches"": 1, ""disputes_count"": 0, ""avg_days_per_stage"": 24.0, ""stage_complexity"": 0.3409}"
d51b8be9-070e-4d48-9cac-c23146be9745,PROJ-1189,2025-01-16T00:00:00+00:00,115.76,8.77,581,44,535,0,21567031.46,125088782.46,"{""SURVEY"": 160, ""VERIFICATION"": 160, ""OBJECTION"": 0, ""AWARD"": 107, ""COMPENSATION"": 107}","{""officers_count"": 8, ""sla_breaches"": 2, ""disputes_count"": 3, ""avg_days_per_stage"": 31.9, ""stage_complexity"": 0.2791}"
e2d2ffa6-20dd-4881-b9d1-0bfc1fee3122,PROJ-1189,2025-01-31T00:00:00+00:00,115.76,15.74,581,79,502,0,64701094.37,116461969.87,"{""SURVEY"": 150, ""VERIFICATION"": 150, ""OBJECTION"": 0, ""AWARD"": 100, ""COMPENSATION"": 100}","{""officers_count"": 8, ""sla_breaches"": 2, ""disputes_count"": 3, ""avg_days_per_stage"": 32.8, ""stage_complexity"": 0.3506}"
7f1acb56-e248-4180-9e09-79fcd737edc7,PROJ-1189,2025-02-15T00:00:00+00:00,115.76,22.71,581,114,467,0,129402188.75,103521751.0,"{""SURVEY"": 140, ""VERIFICATION"": 140, ""OBJECTION"": 0, ""AWARD"": 93, ""COMPENSATION"": 93}","{""officers_count"": 9, ""sla_breaches"": 2, ""disputes_count"": 2, ""avg_days_per_stage"": 25.2, ""stage_complexity"": 0.2403}"
d26d791b-4f05-4db1-8a5b-b1139a8e0ea2,PROJ-1189,2025-03-02T00:00:00+00:00,115.76,26.3,581,132,449,0,215670314.58,86268125.83,"{""SURVEY"": 134, ""VERIFICATION"": 134, ""OBJECTION"": 0, ""AWARD"": 89, ""COMPENSATION"": 89}","{""officers_count"": 6, ""sla_breaches"": 1, ""disputes_count"": 3, ""avg_days_per_stage"": 24.7, ""stage_complexity"": 0.3075}"
a89edf69-c327-4e3c-ab4e-3d19445a70a6,PROJ-1189,2025-03-17T00:00:00+00:00,115.76,29.09,581,146,435,0,323505471.87,64701094.37,"{""SURVEY"": 130, ""VERIFICATION"": 130, ""OBJECTION"": 0, ""AWARD"": 87, ""COMPENSATION"": 87}","{""officers_count"": 10, ""sla_breaches"": 0, ""disputes_count"": 0, ""avg_days_per_stage"": 33.7, ""stage_complexity"": 0.4002}"
111066e0-1a96-40db-a4a3-68ae8b7cabaa,PROJ-1189,2025-04-01T00:00:00+00:00,115.76,33.87,581,170,411,1,431340629.17,43134062.92,"{""SURVEY"": 123, ""VERIFICATION"": 123, ""OBJECTION"": 0, ""AWARD"": 82, ""COMPENSATION"": 82}","{""officers_count"": 10, ""sla_breaches"": 2, ""disputes_count"": 1, ""avg_days_per_stage"": 34.6, ""stage_complexity"": 0.4031}"
2dcb9f46-308e-4972-bf8b-14b17c972d26,PROJ-1189,2025-04-16T00:00:00+00:00,115.76,36.06,581,181,399,1,431340629.17,43134062.92,"{""SURVEY"": 119, ""VERIFICATION"": 119, ""OBJECTION"": 0, ""AWARD"": 79, ""COMPENSATION"": 79}","{""officers_count"": 10, ""sla_breaches"": 1, ""disputes_count"": 1, ""avg_days_per_stage"": 19.3, ""stage_complexity"": 0.2654}"
e0c94ce3-cd27-4af8-8a9b-d03f8b96c461,PROJ-1189,2025-05-01T00:00:00+00:00,115.76,39.65,581,199,381,2,431340629.17,43134062.92,"{""SURVEY"": 114, ""VERIFICATION"": 114, ""OBJECTION"": 1, ""AWARD"": 76, ""COMPENSATION"": 76}","{""officers_count"": 7, ""sla_breaches"": 1, ""disputes_count"": 1, ""avg_days_per_stage"": 28.8, ""stage_complexity"": 0.4453}"
10b25866-b315-48e0-be35-190063f5e427,PROJ-1189,2025-05-16T00:00:00+00:00,115.76,43.83,581,220,359,3,431340629.17,43134062.92,"{""SURVEY"": 107, ""VERIFICATION"": 107, ""OBJECTION"": 1, ""AWARD"": 71, ""COMPENSATION"": 71}","{""officers_count"": 11, ""sla_breaches"": 1, ""disputes_count"": 3, ""avg_days_per_stage"": 33.2, ""stage_complexity"": 0.2457}"
7ac8f710-15b1-4402-8787-089f2bdb124f,PROJ-1189,2025-05-31T00:00:00+00:00,115.76,49.21,581,247,331,2,431340629.17,43134062.92,"{""SURVEY"": 99, ""VERIFICATION"": 99, ""OBJECTION"": 1, ""AWARD"": 66, ""COMPENSATION"": 66}","{""officers_count"": 6, ""sla_breaches"": 0, ""disputes_count"": 2, ""avg_days_per_stage"": 34.3, ""stage_complexity"": 0.3131}"
14bbdb0b-317a-4a08-bc4f-7102cba69f4b,PROJ-1189,2025-06-15T00:00:00+00:00,115.76,52.0,581,261,318,3,431340629.17,43134062.92,"{""SURVEY"": 95, ""VERIFICATION"": 95, ""OBJECTION"": 1, ""AWARD"": 63, ""COMPENSATION"": 63}","{""officers_count"": 6, ""sla_breaches"": 0, ""disputes_count"": 1, ""avg_days_per_stage"": 28.5, ""stage_complexity"": 0.3311}"
ec8d1589-48ef-4b28-a0e1-2d0a22a0be9f,PROJ-1189,2025-06-30T00:00:00+00:00,115.76,56.78,581,285,293,4,431340629.17,43134062.92,"{""SURVEY"": 87, ""VERIFICATION"": 87, ""OBJECTION"": 2, ""AWARD"": 58, ""COMPENSATION"": 58}","{""officers_count"": 9, ""sla_breaches"": 0, ""disputes_count"": 2, ""avg_days_per_stage"": 22.0, ""stage_complexity"": 0.2029}"
68f180b7-09e0-496a-a283-da018cde9132,PROJ-1189,2025-07-15T00:00:00+00:00,115.76,62.36,581,313,264,4,431340629.17,43134062.92,"{""SURVEY"": 79, ""VERIFICATION"": 79, ""OBJECTION"": 2, ""AWARD"": 52, ""COMPENSATION"": 52}","{""officers_count"": 5, ""sla_breaches"": 1, ""disputes_count"": 1, ""avg_days_per_stage"": 29.7, ""stage_complexity"": 0.3471}"
8d26f651-6df1-4557-945a-f15d731117cc,PROJ-1189,2025-07-30T00:00:00+00:00,115.76,69.14,581,347,230,2,431340629.17,43134062.92,"{""SURVEY"": 69, ""VERIFICATION"": 69, ""OBJECTION"": 1, ""AWARD"": 46, ""COMPENSATION"": 46}","{""officers_count"": 9, ""sla_breaches"": 0, ""disputes_count"": 1, ""avg_days_per_stage"": 34.2, ""stage_complexity"": 0.3928}"
48f5146f-c47f-45b7-91a8-afe48ef9a8a5,PROJ-1189,2025-08-14T00:00:00+00:00,115.76,71.53,581,359,220,2,431340629.17,43134062.92,"{""SURVEY"": 66, ""VERIFICATION"": 66, ""OBJECTION"": 1, ""AWARD"": 44, ""COMPENSATION"": 44}","{""officers_count"": 11, ""sla_breaches"": 0, ""disputes_count"": 3, ""avg_days_per_stage"": 16.0, ""stage_complexity"": 0.2449}"
818adede-1dd5-4276-94c9-c6e6416d0d31,PROJ-1190,2025-01-01T00:00:00+00:00,394.97,1.05,752,2,739,11,324514732.84,1074417355.89,"{""SURVEY"": 221, ""VERIFICATION"": 221, ""OBJECTION"": 6, ""AWARD"": 147, ""COMPENSATION"": 147}","{""officers_count"": 2, ""sla_breaches"": 9, ""disputes_count"": 21, ""avg_days_per_stage"": 69.8, ""stage_complexity"": 0.893}"
e4df5276-6456-44e4-a1ce-c29587604a6a,PROJ-1190,2025-01-16T00:00:00+00:00,394.97,3.68,752,7,727,18,543149539.93,1106309572.34,"{""SURVEY"": 218, ""VERIFICATION"": 218, ""OBJECTION"": 10, ""AWARD"": 145, ""COMPENSATION"": 145}","{""officers_count"": 4, ""sla_breaches"": 4, ""disputes_count"": 26, ""avg_days_per_stage"": 114.3, ""stage_complexity"": 0.8077}"
2b9bc37c-9feb-4fde-a27d-33d10007bc28,PROJ-1190,2025-01-31T00:00:00+00:00,394.97,4.2,752,8,715,29,220259206.09,1064224035.35,"{""SURVEY"": 214, ""VERIFICATION"": 214, ""OBJECTION"": 17, ""AWARD"": 143, ""COMPENSATION"": 143}","{""officers_count"": 2, ""sla_breaches"": 6, ""disputes_count"": 35, ""avg_days_per_stage"": 67.5, ""stage_complexity"": 0.8551}"
dacf6a6d-6408-4109-90e4-b848779fe72f,PROJ-1190,2025-02-15T00:00:00+00:00,394.97,4.73,752,9,707,36,303615735.93,1456899473.43,"{""SURVEY"": 212, ""VERIFICATION"": 212, ""OBJECTION"": 21, ""AWARD"": 141, ""COMPENSATION"": 141}","{""officers_count"": 5, ""sla_breaches"": 9, ""disputes_count"": 39, ""avg_days_per_stage"": 124.1, ""stage_complexity"": 0.9104}"
d53c2d2b-7cba-4618-a65c-89a09feb6a99,PROJ-1190,2025-03-02T00:00:00+00:00,394.97,5.78,752,11,695,46,485251929.53,1019437411.74,"{""SURVEY"": 208, ""VERIFICATION"": 208, ""OBJECTION"": 27, ""AWARD"": 139, ""COMPENSATION"": 139}","{""officers_count"": 4, ""sla_breaches"": 7, ""disputes_count"": 48, ""avg_days_per_stage"": 97.1, ""stage_complexity"": 0.8619}"
a125b763-1e0b-4d05-ad24-e30b5ae5f3e0,PROJ-1190,2025-03-17T00:00:00+00:00,394.97,7.88,752,15,682,55,591481646.59,1302952044.0,"{""SURVEY"": 204, ""VERIFICATION"": 204, ""OBJECTION"": 33, ""AWARD"": 136, ""COMPENSATION"": 136}","{""officers_count"": 5, ""sla_breaches"": 7, ""disputes_count"": 59, ""avg_days_per_stage"": 128.2, ""stage_complexity"": 0.9044}"
54116830-b8ec-4da5-be7b-ef05065fdd4b,PROJ-1190,2025-04-01T00:00:00+00:00,394.97,8.4,752,16,672,64,405028189.94,1253680325.74,"{""SURVEY"": 201, ""VERIFICATION"": 201, ""OBJECTION"": 38, ""AWARD"": 134, ""COMPENSATION"": 134}","{""officers_count"": 4, ""sla_breaches"": 7, ""disputes_count"": 70, ""avg_days_per_stage"": 82.3, ""stage_complexity"": 0.9371}"
ef4279d8-78b0-4f36-b624-e155582f5ab9,PROJ-1190,2025-04-16T00:00:00+00:00,394.97,11.03,752,21,655,76,326992736.76,947317082.79,"{""SURVEY"": 196, ""VERIFICATION"": 196, ""OBJECTION"": 45, ""AWARD"": 131, ""COMPENSATION"": 131}","{""officers_count"": 2, ""sla_breaches"": 10, ""disputes_count"": 80, ""avg_days_per_stage"": 97.3, ""stage_complexity"": 0.7689}"
81cc295c-ac08-427d-a327-08b9739f0ac9,PROJ-1190,2025-05-01T00:00:00+00:00,394.97,12.61,752,24,641,87,498049360.86,1572332079.49,"{""SURVEY"": 192, ""VERIFICATION"": 192, ""OBJECTION"": 52, ""AWARD"": 128, ""COMPENSATION"": 128}","{""officers_count"": 5, ""sla_breaches"": 4, ""disputes_count"": 94, ""avg_days_per_stage"": 99.4, ""stage_complexity"": 0.8774}"
287ec6f0-4719-4e69-94af-d03eeb45afa3,PROJ-1190,2025-05-16T00:00:00+00:00,394.97,14.18,752,27,630,95,578485834.27,1571619928.39,"{""SURVEY"": 189, ""VERIFICATION"": 189, ""OBJECTION"": 57, ""AWARD"": 126, ""COMPENSATION"": 126}","{""officers_count"": 5, ""sla_breaches"": 4, ""disputes_count"": 101, ""avg_days_per_stage"": 122.9, ""stage_complexity"": 0.9095}"
5a95f909-baa8-4bd0-a4e4-e10781bd758f,PROJ-1191,2025-01-01T00:00:00+00:00,391.09,1.53,768,3,760,5,303190076.14,1198011932.63,"{""SURVEY"": 228, ""VERIFICATION"": 228, ""OBJECTION"": 3, ""AWARD"": 152, ""COMPENSATION"": 152}","{""officers_count"": 5, ""sla_breaches"": 6, ""disputes_count"": 4, ""avg_days_per_stage"": 103.2, ""stage_complexity"": 0.7526}"
c6b0cbcc-c87c-4b41-a72b-0febdb976997,PROJ-1191,2025-01-16T00:00:00+00:00,391.09,2.55,768,5,753,10,346272744.31,1646523301.74,"{""SURVEY"": 225, ""VERIFICATION"": 225, ""OBJECTION"": 6, ""AWARD"": 150, ""COMPENSATION"": 150}","{""officers_count"": 6, ""sla_breaches"": 8, ""disputes_count"": 4, ""avg_days_per_stage"": 93.1, ""stage_complexity"": 0.8912}"
66e89cd8-ac58-4582-a362-cdf9ba5d6034,PROJ-1191,2025-01-31T00:00:00+00:00,391.09,4.07,768,8,745,15,119397340.68,1639510675.93,"{""SURVEY"": 223, ""VERIFICATION"": 223, ""OBJECTION"": 9, ""AWARD"": 149, ""COMPENSATION"": 149}","{""officers_count"": 4, ""sla_breaches"": 6, ""disputes_count"": 4, ""avg_days_per_stage"": 104.4, ""stage_complexity"": 0.8234}"
ff8ef6a5-ec16-4d77-9e15-f810886ecead,PROJ-1192,2025-01-01T00:00:00+00:00,971.98,5.7,512,3,499,10,1363458318.16,4480533299.26,"{""SURVEY"": 149, ""VERIFICATION"": 149, ""OBJECTION"": 6, ""AWARD"": 99, ""COMPENSATION"": 99}","{""officers_count"": 3, ""sla_breaches"": 5, ""disputes_count"": 6, ""avg_days_per_stage"": 65.6, ""stage_complexity"": 0.8546}"
2d1e08a7-e1fc-4f58-8bcf-647eb239e008,PROJ-1192,2025-01-16T00:00:00+00:00,971.98,20.88,512,11,486,15,1444606338.66,4746833248.12,"{""SURVEY"": 145, ""VERIFICATION"": 145, ""OBJECTION"": 9, ""AWARD"": 97, ""COMPENSATION"": 97}","{""officers_count"": 5, ""sla_breaches"": 9, ""disputes_count"": 6, ""avg_days_per_stage"": 63.0, ""stage_complexity"": 0.8141}"
55d33b54-feee-497e-80f4-633f9b1f5480,PROJ-1192,2025-01-31T00:00:00+00:00,971.98,28.48,512,15,479,18,294306217.21,4794800520.06,"{""SURVEY"": 143, ""VERIFICATION"": 143, ""OBJECTION"": 10, ""AWARD"": 95, ""COMPENSATION"": 95}","{""officers_count"": 4, ""sla_breaches"": 6, ""disputes_count"": 6, ""avg_days_per_stage"": 68.8, ""stage_complexity"": 0.7156}"
d20660b7-9ab6-4945-9ee2-d63ab11ed0a8,PROJ-1192,2025-02-15T00:00:00+00:00,971.98,32.27,512,17,473,22,852136559.15,5249320353.41,"{""SURVEY"": 141, ""VERIFICATION"": 141, ""OBJECTION"": 13, ""AWARD"": 94, ""COMPENSATION"": 94}","{""officers_count"": 5, ""sla_breaches"": 8, ""disputes_count"": 6, ""avg_days_per_stage"": 85.8, ""stage_complexity"": 0.8008}"
6e6e1d5b-7c87-494a-87fc-b871b2b8dd60,PROJ-1192,2025-03-02T00:00:00+00:00,971.98,39.87,512,21,465,26,1050805674.51,4262703163.9,"{""SURVEY"": 139, ""VERIFICATION"": 139, ""OBJECTION"": 15, ""AWARD"": 93, ""COMPENSATION"": 93}","{""officers_count"": 4, ""sla_breaches"": 8, ""disputes_count"": 5, ""avg_days_per_stage"": 72.5, ""stage_complexity"": 0.7734}"
6710829f-99e6-450e-84b0-0fd668b801a8,PROJ-1192,2025-03-17T00:00:00+00:00,971.98,51.26,512,27,456,29,947881756.14,4745332682.12,"{""SURVEY"": 136, ""VERIFICATION"": 136, ""OBJECTION"": 17, ""AWARD"": 91, ""COMPENSATION"": 91}","{""officers_count"": 6, ""sla_breaches"": 6, ""disputes_count"": 3, ""avg_days_per_stage"": 78.7, ""stage_complexity"": 0.8929}"
7800858c-866c-4039-84de-aeb8c1ab0154,PROJ-1192,2025-04-01T00:00:00+00:00,971.98,58.85,512,31,448,33,1321971263.27,5139333480.73,"{""SURVEY"": 134, ""VERIFICATION"": 134, ""OBJECTION"": 19, ""AWARD"": 89, ""COMPENSATION"": 89}","{""officers_count"": 6, ""sla_breaches"": 9, ""disputes_count"": 5, ""avg_days_per_stage"": 103.3, ""stage_complexity"": 0.7269}"
46f399a0-b880-45e9-9b92-d2fd22e1edee,PROJ-1192,2025-04-16T00:00:00+00:00,971.98,68.34,512,36,441,35,1109775974.06,5210826759.85,"{""SURVEY"": 132, ""VERIFICATION"": 132, ""OBJECTION"": 21, ""AWARD"": 88, ""COMPENSATION"": 88}","{""officers_count"": 6, ""sla_breaches"": 6, ""disputes_count"": 5, ""avg_days_per_stage"": 68.9, ""stage_complexity"": 0.7011}"
a8c3b5dd-1494-4b6a-9f6f-ce24a663d970,PROJ-1192,2025-05-01T00:00:00+00:00,971.98,75.94,512,40,433,39,814071305.62,4837245879.16,"{""SURVEY"": 129, ""VERIFICATION"": 129, ""OBJECTION"": 23, ""AWARD"": 86, ""COMPENSATION"": 86}","{""officers_count"": 4, ""sla_breaches"": 8, ""disputes_count"": 3, ""avg_days_per_stage"": 82.7, ""stage_complexity"": 0.8858}"
d6b3d9c8-9d97-4b66-81af-6ef6beb771f4,PROJ-1192,2025-05-16T00:00:00+00:00,971.98,81.63,512,43,427,42,457382702.01,5189102948.01,"{""SURVEY"": 128, ""VERIFICATION"": 128, ""OBJECTION"": 25, ""AWARD"": 85, ""COMPENSATION"": 85}","{""officers_count"": 3, ""sla_breaches"": 10, ""disputes_count"": 6, ""avg_days_per_stage"": 92.2, ""stage_complexity"": 0.7054}"
17ed21fb-5a73-4e25-b8d1-95ea377adf7a,PROJ-1192,2025-05-31T00:00:00+00:00,971.98,85.43,512,45,419,48,1146595483.24,4498131807.34,"{""SURVEY"": 125, ""VERIFICATION"": 125, ""OBJECTION"": 28, ""AWARD"": 83, ""COMPENSATION"": 83}","{""officers_count"": 3, ""sla_breaches"": 7, ""disputes_count"": 5, ""avg_days_per_stage"": 78.5, ""stage_complexity"": 0.8692}"
2f727473-e9cb-4caa-9985-f273f6370378,PROJ-1192,2025-06-15T00:00:00+00:00,971.98,91.12,512,48,413,51,425820512.41,4436764322.19,"{""SURVEY"": 123, ""VERIFICATION"": 123, ""OBJECTION"": 30, ""AWARD"": 82, ""COMPENSATION"": 82}","{""officers_count"": 4, ""sla_breaches"": 9, ""disputes_count"": 4, ""avg_days_per_stage"": 91.1, ""stage_complexity"": 0.7341}"
4add5acf-2037-4b2a-a5d7-f928f81a429a,PROJ-1193,2025-01-01T00:00:00+00:00,68.13,0.36,761,4,748,9,27817180.63,128183882.89,"{""SURVEY"": 224, ""VERIFICATION"": 224, ""OBJECTION"": 5, ""AWARD"": 149, ""COMPENSATION"": 149}","{""officers_count"": 6, ""sla_breaches"": 6, ""disputes_count"": 4, ""avg_days_per_stage"": 57.0, ""stage_complexity"": 0.7446}"
e019c560-1e01-4a35-ab33-80be112a8d96,PROJ-1193,2025-01-16T00:00:00+00:00,68.13,0.63,761,7,740,14,9177177.72,119830842.84,"{""SURVEY"": 222, ""VERIFICATION"": 222, ""OBJECTION"": 8, ""AWARD"": 148, ""COMPENSATION"": 148}","{""officers_count"": 5, ""sla_breaches"": 6, ""disputes_count"": 6, ""avg_days_per_stage"": 74.4, ""stage_complexity"": 0.8283}"
bf910f88-e641-4113-979a-dc645ef0f401,PROJ-1193,2025-01-31T00:00:00+00:00,68.13,0.9,761,10,734,17,33344803.39,105316293.75,"{""SURVEY"": 220, ""VERIFICATION"": 220, ""OBJECTION"": 10, ""AWARD"": 146, ""COMPENSATION"": 146}","{""officers_count"": 3, ""sla_breaches"": 8, ""disputes_count"": 4, ""avg_days_per_stage"": 89.5, ""stage_complexity"": 0.8291}"
1f799b33-3c7c-4bea-8eb2-150153cb673e,PROJ-1193,2025-02-15T00:00:00+00:00,68.13,1.52,761,17,723,21,33928116.11,110860718.93,"{""SURVEY"": 216, ""VERIFICATION"": 216, ""OBJECTION"": 12, ""AWARD"": 144, ""COMPENSATION"": 144}","{""officers_count"": 4, ""sla_breaches"": 10, ""disputes_count"": 6, ""avg_days_per_stage"": 108.5, ""stage_complexity"": 0.888}"
dcbf99a3-94bd-4c0d-bb4f-db64140a42f7,PROJ-1193,2025-03-02T00:00:00+00:00,68.13,2.24,761,25,710,26,14035955.26,140974854.2,"{""SURVEY"": 213, ""VERIFICATION"": 213, ""OBJECTION"": 15, ""AWARD"": 142, ""COMPENSATION"": 142}","{""officers_count"": 4, ""sla_breaches"": 6, ""disputes_count"": 7, ""avg_days_per_stage"": 107.5, ""stage_complexity"": 0.8882}"
844892b0-5d7e-439c-938b-58d368b968fb,PROJ-1193,2025-03-17T00:00:00+00:00,68.13,2.42,761,27,706,28,33266624.02,115741646.79,"{""SURVEY"": 211, ""VERIFICATION"": 211, ""OBJECTION"": 16, ""AWARD"": 141, ""COMPENSATION"": 141}","{""officers_count"": 6, ""sla_breaches"": 7, ""disputes_count"": 6, ""avg_days_per_stage"": 90.0, ""stage_complexity"": 0.8098}"
f35f55f4-32d0-450c-803d-57c7f574216f,PROJ-1193,2025-04-01T00:00:00+00:00,68.13,3.13,761,35,694,32,23527584.46,125711525.39,"{""SURVEY"": 208, ""VERIFICATION"": 208, ""OBJECTION"": 19, ""AWARD"": 138, ""COMPENSATION"": 138}","{""officers_count"": 3, ""sla_breaches"": 7, ""disputes_count"": 5, ""avg_days_per_stage"": 109.9, ""stage_complexity"": 0.8221}"
1df97d87-a8d8-4194-83c0-8aa80ade920f,PROJ-1193,2025-04-16T00:00:00+00:00,68.13,3.76,761,42,683,36,20895158.01,141892375.36,"{""SURVEY"": 204, ""VERIFICATION"": 204, ""OBJECTION"": 21, ""AWARD"": 136, ""COMPENSATION"": 136}","{""officers_count"": 3, ""sla_breaches"": 7, ""disputes_count"": 6, ""avg_days_per_stage"": 80.3, ""stage_complexity"": 0.797}"
56ce590a-6fe7-4159-8318-08d22353f3a6,PROJ-1193,2025-05-01T00:00:00+00:00,68.13,4.12,761,46,673,42,37436875.2,135169502.93,"{""SURVEY"": 201, ""VERIFICATION"": 201, ""OBJECTION"": 25, ""AWARD"": 134, ""COMPENSATION"": 134}","{""officers_count"": 6, ""sla_breaches"": 9, ""disputes_count"": 5, ""avg_days_per_stage"": 106.8, ""stage_complexity"": 0.7716}"
c33b6eaf-20fa-4663-8a90-d07ed9398d69,PROJ-1193,2025-05-16T00:00:00+00:00,68.13,4.39,761,49,668,44,19577272.95,135226216.67,"{""SURVEY"": 200, ""VERIFICATION"": 200, ""OBJECTION"": 26, ""AWARD"": 133, ""COMPENSATION"": 133}","{""officers_count"": 5, ""sla_breaches"": 5, ""disputes_count"": 8, ""avg_days_per_stage"": 83.8, ""stage_complexity"": 0.7204}"
966cde0f-50d9-4aa5-bf15-621889d2cd45,PROJ-1193,2025-05-31T00:00:00+00:00,68.13,4.92,761,55,658,48,37705537.2,139416615.85,"{""SURVEY"": 197, ""VERIFICATION"": 197, ""OBJECTION"": 28, ""AWARD"": 131, ""COMPENSATION"": 131}","{""officers_count"": 3, ""sla_breaches"": 9, ""disputes_count"": 8, ""avg_days_per_stage"": 59.5, ""stage_complexity"": 0.895}"
d585ec23-ae44-4a9e-b28f-d7a89d86a452,PROJ-1193,2025-06-15T00:00:00+00:00,68.13,5.46,761,61,650,50,20670794.91,110848912.67,"{""SURVEY"": 195, ""VERIFICATION"": 195, ""OBJECTION"": 30, ""AWARD"": 130, ""COMPENSATION"": 130}","{""officers_count"": 3, ""sla_breaches"": 9, ""disputes_count"": 3, ""avg_days_per_stage"": 62.4, ""stage_complexity"": 0.8781}"
78d9689b-406c-4558-be4b-9931f8c7eb8e,PROJ-1193,2025-06-30T00:00:00+00:00,68.13,5.73,761,64,644,53,34424278.26,103798813.87,"{""SURVEY"": 193, ""VERIFICATION"": 193, ""OBJECTION"": 31, ""AWARD"": 128, ""COMPENSATION"": 128}","{""officers_count"": 5, ""sla_breaches"": 8, ""disputes_count"": 4, ""avg_days_per_stage"": 104.6, ""stage_complexity"": 0.7014}"
bd823da7-77ef-49bd-99cc-06db87c961b3,PROJ-1193,2025-07-15T00:00:00+00:00,68.13,6.36,761,71,632,58,10429942.23,118107401.08,"{""SURVEY"": 189, ""VERIFICATION"": 189, ""OBJECTION"": 34, ""AWARD"": 126, ""COMPENSATION"": 126}","{""officers_count"": 5, ""sla_breaches"": 8, ""disputes_count"": 4, ""avg_days_per_stage"": 86.2, ""stage_complexity"": 0.761}"
d5e5c0be-e3e2-433b-a853-8a1391b082aa,PROJ-1194,2025-01-01T00:00:00+00:00,1050.54,234.24,148,33,112,2,0.0,1092783593.03,"{""SURVEY"": 33, ""VERIFICATION"": 33, ""OBJECTION"": 1, ""AWARD"": 22, ""COMPENSATION"": 22}","{""officers_count"": 5, ""sla_breaches"": 2, ""disputes_count"": 2, ""avg_days_per_stage"": 32.2, ""stage_complexity"": 0.3852}"
fb8484a7-9f1a-447e-bdd3-9b4ccca32ca5,PROJ-1194,2025-01-16T00:00:00+00:00,1050.54,432.99,148,61,85,3,182130598.84,1056357473.26,"{""SURVEY"": 25, ""VERIFICATION"": 25, ""OBJECTION"": 1, ""AWARD"": 17, ""COMPENSATION"": 17}","{""officers_count"": 12, ""sla_breaches"": 1, ""disputes_count"": 1, ""avg_days_per_stage"": 30.2, ""stage_complexity"": 0.2099}"
f7fbd272-f6df-49ae-bc7b-b9509527ca2b,PROJ-1194,2025-01-31T00:00:00+00:00,1050.54,553.66,148,78,67,2,546391796.52,983505233.73,"{""SURVEY"": 20, ""VERIFICATION"": 20, ""OBJECTION"": 1, ""AWARD"": 13, ""COMPENSATION"": 13}","{""officers_count"": 9, ""sla_breaches"": 1, ""disputes_count"": 1, ""avg_days_per_stage"": 19.4, ""stage_complexity"": 0.3842}"
dcd2175f-ba4b-4850-aaae-d3ab3b33c63b,PROJ-1194,2025-02-15T00:00:00+00:00,1050.54,787.9,148,111,35,1,1092783593.03,874226874.42,"{""SURVEY"": 10, ""VERIFICATION"": 10, ""OBJECTION"": 0, ""AWARD"": 7, ""COMPENSATION"": 7}","{""officers_count"": 11, ""sla_breaches"": 2, ""disputes_count"": 3, ""avg_days_per_stage"": 31.5, ""stage_complexity"": 0.4405}"
1543461e-f6b2-4a73-89de-2f3000b6e1b1,PROJ-1194,2025-03-02T00:00:00+00:00,1050.54,993.75,148,140,7,2,1821305988.39,728522395.35,"{""SURVEY"": 2, ""VERIFICATION"": 2, ""OBJECTION"": 1, ""AWARD"": 1, ""COMPENSATION"": 1}","{""officers_count"": 10, ""sla_breaches"": 2, ""disputes_count"": 3, ""avg_days_per_stage"": 24.8, ""stage_complexity"": 0.2009}"
49663ff7-b0de-4306-9a95-e8aa8da7423c,PROJ-1194,2025-03-17T00:00:00+00:00,1050.54,1050.54,148,148,0,0,2731958982.58,546391796.52,"{""SURVEY"": 0, ""VERIFICATION"": 0, ""OBJECTION"": 0, ""AWARD"": 0, ""COMPENSATION"": 0}","{""officers_count"": 12, ""sla_breaches"": 1, ""disputes_count"": 1, ""avg_days_per_stage"": 27.8, ""stage_complexity"": 0.3298}"
8d702abe-2c68-48df-a5d2-e7327a71691f,PROJ-1194,2025-04-01T00:00:00+00:00,1050.54,1050.54,148,148,0,0,3642611976.77,364261197.68,"{""SURVEY"": 0, ""VERIFICATION"": 0, ""OBJECTION"": 0, ""AWARD"": 0, ""COMPENSATION"": 0}","{""officers_count"": 5, ""sla_breaches"": 0, ""disputes_count"": 2, ""avg_days_per_stage"": 16.4, ""stage_complexity"": 0.3983}"
ce16f6eb-a65c-4fae-92d7-3768bb32469c,PROJ-1194,2025-04-16T00:00:00+00:00,1050.54,1050.54,148,148,0,0,3642611976.77,364261197.68,"{""SURVEY"": 0, ""VERIFICATION"": 0, ""OBJECTION"": 0, ""AWARD"": 0, ""COMPENSATION"": 0}","{""officers_count"": 5, ""sla_breaches"": 2, ""disputes_count"": 3, ""avg_days_per_stage"": 34.5, ""stage_complexity"": 0.2601}"
8cdcc004-7d19-4be2-ac58-738cc992c87e,PROJ-1195,2025-01-01T00:00:00+00:00,234.63,7.86,358,12,346,1,0.0,369082713.37,"{""SURVEY"": 103, ""VERIFICATION"": 103, ""OBJECTION"": 0, ""AWARD"": 69, ""COMPENSATION"": 69}","{""officers_count"": 6, ""sla_breaches"": 0, ""disputes_count"": 1, ""avg_days_per_stage"": 21.7, ""stage_complexity"": 0.314}"
dd6e500a-05ea-47d2-996b-9a398c253f76,PROJ-1195,2025-01-16T00:00:00+00:00,234.63,19.66,358,30,327,1,61513785.56,356779956.26,"{""SURVEY"": 98, ""VERIFICATION"": 98, ""OBJECTION"": 0, ""AWARD"": 65, ""COMPENSATION"": 65}","{""officers_count"": 8, ""sla_breaches"": 2, ""disputes_count"": 1, ""avg_days_per_stage"": 35.0, ""stage_complexity"": 0.4163}"
f7d18574-06a4-48e2-b303-21cb6491d7e4,PROJ-1195,2025-01-31T00:00:00+00:00,234.63,26.22,358,40,317,1,184541356.69,332174442.03,"{""SURVEY"": 95, ""VERIFICATION"": 95, ""OBJECTION"": 0, ""AWARD"": 63, ""COMPENSATION"": 63}","{""officers_count"": 11, ""sla_breaches"": 0, ""disputes_count"": 0, ""avg_days_per_stage"": 24.9, ""stage_complexity"": 0.4214}"
740c1dfd-b90a-4343-938a-ef0fc5468692,PROJ-1195,2025-02-15T00:00:00+00:00,234.63,41.29,358,63,294,0,369082713.37,295266170.7,"{""SURVEY"": 88, ""VERIFICATION"": 88, ""OBJECTION"": 0, ""AWARD"": 58, ""COMPENSATION"": 58}","{""officers_count"": 5, ""sla_breaches"": 2, ""disputes_count"": 2, ""avg_days_per_stage"": 30.8, ""stage_complexity"": 0.292}"
eed90c9e-b483-40c3-89a5-8f76a10109e8,PROJ-1195,2025-03-02T00:00:00+00:00,234.63,62.92,358,96,262,0,615137855.62,246055142.25,"{""SURVEY"": 78, ""VERIFICATION"": 78, ""OBJECTION"": 0, ""AWARD"": 52, ""COMPENSATION"": 52}","{""officers_count"": 8, ""sla_breaches"": 1, ""disputes_count"": 0, ""avg_days_per_stage"": 32.4, ""stage_complexity"": 0.3794}"
0c740488-9651-454c-add3-c78d093ea200,PROJ-1195,2025-03-17T00:00:00+00:00,234.63,71.44,358,109,249,0,922706783.43,184541356.69,"{""SURVEY"": 74, ""VERIFICATION"": 74, ""OBJECTION"": 0, ""AWARD"": 49, ""COMPENSATION"": 49}","{""officers_count"": 10, ""sla_breaches"": 1, ""disputes_count"": 0, ""avg_days_per_stage"": 21.4, ""stage_complexity"": 0.3518}"
5c54ee7d-a770-4797-aefb-5e7b6689fe30,PROJ-1195,2025-04-01T00:00:00+00:00,234.63,80.61,358,123,235,0,1230275711.24,123027571.12,"{""SURVEY"": 70, ""VERIFICATION"": 70, ""OBJECTION"": 0, ""AWARD"": 47, ""COMPENSATION"": 47}","{""officers_count"": 5, ""sla_breaches"": 0, ""disputes_count"": 0, ""avg_days_per_stage"": 22.8, ""stage_complexity"": 0.2969}"
0e8d1657-34a6-4728-8cee-00fa58a51ca8,PROJ-1195,2025-04-16T00:00:00+00:00,234.63,95.69,358,146,212,1,1230275711.24,123027571.12,"{""SURVEY"": 63, ""VERIFICATION"": 63, ""OBJECTION"": 0, ""AWARD"": 42, ""COMPENSATION"": 42}","{""officers_count"": 7, ""sla_breaches"": 0, ""disputes_count"": 3, ""avg_days_per_stage"": 21.2, ""stage_complexity"": 0.3155}"
7dc386ff-f5ae-4051-8b36-4e337bc828fb,PROJ-1195,2025-05-01T00:00:00+00:00,234.63,109.45,358,167,190,1,1230275711.24,123027571.12,"{""SURVEY"": 57, ""VERIFICATION"": 57, ""OBJECTION"": 0, ""AWARD"": 38, ""COMPENSATION"": 38}","{""officers_count"": 12, ""sla_breaches"": 0, ""disputes_count"": 3, ""avg_days_per_stage"": 23.3, ""stage_complexity"": 0.3316}"
e5603bd3-a627-420e-b7c8-8bac04d0c9cb,PROJ-1195,2025-05-16T00:00:00+00:00,234.63,125.84,358,192,165,0,1230275711.24,123027571.12,"{""SURVEY"": 49, ""VERIFICATION"": 49, ""OBJECTION"": 0, ""AWARD"": 33, ""COMPENSATION"": 33}","{""officers_count"": 12, ""sla_breaches"": 2, ""disputes_count"": 1, ""avg_days_per_stage"": 29.5, ""stage_complexity"": 0.2779}"
63ab6685-e7ef-4ab8-ae87-91c9f273bbb0,PROJ-1195,2025-05-31T00:00:00+00:00,234.63,132.39,358,202,156,0,1230275711.24,123027571.12,"{""SURVEY"": 46, ""VERIFICATION"": 46, ""OBJECTION"": 0, ""AWARD"": 31, ""COMPENSATION"": 31}","{""officers_count"": 7, ""sla_breaches"": 2, ""disputes_count"": 3, ""avg_days_per_stage"": 18.6, ""stage_complexity"": 0.3483}"
cb02b306-6c16-43f0-8a38-01633f4927fa,PROJ-1195,2025-06-15T00:00:00+00:00,234.63,141.56,358,216,142,1,1230275711.24,123027571.12,"{""SURVEY"": 42, ""VERIFICATION"": 42, ""OBJECTION"": 0, ""AWARD"": 28, ""COMPENSATION"": 28}","{""officers_count"": 5, ""sla_breaches"": 1, ""disputes_count"": 1, ""avg_days_per_stage"": 25.9, ""stage_complexity"": 0.3868}"
f4fa4804-0692-4ffc-83c9-57d595afd10e,PROJ-1195,2025-06-30T00:00:00+00:00,234.63,154.02,358,235,122,0,1230275711.24,123027571.12,"{""SURVEY"": 36, ""VERIFICATION"": 36, ""OBJECTION"": 0, ""AWARD"": 24, ""COMPENSATION"": 24}","{""officers_count"": 10, ""sla_breaches"": 0, ""disputes_count"": 0, ""avg_days_per_stage"": 30.0, ""stage_complexity"": 0.2073}"
dec0742f-a0a4-4473-be6d-c9fa58f12c85,PROJ-1195,2025-07-15T00:00:00+00:00,234.63,172.37,358,263,95,0,1230275711.24,123027571.12,"{""SURVEY"": 28, ""VERIFICATION"": 28, ""OBJECTION"": 0, ""AWARD"": 19, ""COMPENSATION"": 19}","{""officers_count"": 10, ""sla_breaches"": 0, ""disputes_count"": 2, ""avg_days_per_stage"": 22.3, ""stage_complexity"": 0.3961}"
e24d3729-5c97-4d77-b8b4-566124a74d5b,PROJ-1195,2025-07-30T00:00:00+00:00,234.63,187.44,358,286,72,1,1230275711.24,123027571.12,"{""SURVEY"": 21, ""VERIFICATION"": 21, ""OBJECTION"": 0, ""AWARD"": 14, ""COMPENSATION"": 14}","{""officers_count"": 10, ""sla_breaches"": 1, ""disputes_count"": 1, ""avg_days_per_stage"": 33.1, ""stage_complexity"": 0.403}"
a8290454-27ba-4fa0-a360-b809a8a6c45b,PROJ-1195,2025-08-14T00:00:00+00:00,234.63,207.76,358,317,40,0,1230275711.24,123027571.12,"{""SURVEY"": 12, ""VERIFICATION"": 12, ""OBJECTION"": 0, ""AWARD"": 8, ""COMPENSATION"": 8}","{""officers_count"": 12, ""sla_breaches"": 1, ""disputes_count"": 3, ""avg_days_per_stage"": 33.2, ""stage_complexity"": 0.2262}"
33c7eed5-a5f6-4029-b152-6c43bf9c4d67,PROJ-1196,2025-01-01T00:00:00+00:00,1063.94,19.11,334,6,321,7,899161879.95,2970466549.29,"{""SURVEY"": 96, ""VERIFICATION"": 96, ""OBJECTION"": 4, ""AWARD"": 64, ""COMPENSATION"": 64}","{""officers_count"": 6, ""sla_breaches"": 9, ""disputes_count"": 7, ""avg_days_per_stage"": 102.8, ""stage_complexity"": 0.8719}"
32f21fd4-2ed6-40be-9d4e-6238aacf1ad8,PROJ-1196,2025-01-16T00:00:00+00:00,1063.94,44.6,334,14,309,11,1027111597.86,3090752497.71,"{""SURVEY"": 92, ""VERIFICATION"": 92, ""OBJECTION"": 6, ""AWARD"": 61, ""COMPENSATION"": 61}","{""officers_count"": 5, ""sla_breaches"": 8, ""disputes_count"": 3, ""avg_days_per_stage"": 101.3, ""stage_complexity"": 0.8207}"
d09ce448-06ae-415d-a689-b4745913e782,PROJ-1196,2025-01-31T00:00:00+00:00,1063.94,54.15,334,17,302,15,667398589.21,3542440743.8,"{""SURVEY"": 90, ""VERIFICATION"": 90, ""OBJECTION"": 9, ""AWARD"": 60, ""COMPENSATION"": 60}","{""officers_count"": 4, ""sla_breaches"": 10, ""disputes_count"": 7, ""avg_days_per_stage"": 74.6, ""stage_complexity"": 0.8971}"
7ab4ad65-b08b-4671-b646-194bdecff7e8,PROJ-1196,2025-02-15T00:00:00+00:00,1063.94,60.52,334,19,297,18,808073419.37,3171247107.98,"{""SURVEY"": 89, ""VERIFICATION"": 89, ""OBJECTION"": 10, ""AWARD"": 59, ""COMPENSATION"": 59}","{""officers_count"": 4, ""sla_breaches"": 9, ""disputes_count"": 7, ""avg_days_per_stage"": 107.7, ""stage_complexity"": 0.8788}"
669fa2bd-e353-4123-aea2-2d518c037c1f,PROJ-1196,2025-03-02T00:00:00+00:00,1063.94,70.08,334,22,292,20,433926504.91,4092512074.62,"{""SURVEY"": 87, ""VERIFICATION"": 87, ""OBJECTION"": 12, ""AWARD"": 58, ""COMPENSATION"": 58}","{""officers_count"": 3, ""sla_breaches"": 10, ""disputes_count"": 8, ""avg_days_per_stage"": 72.0, ""stage_complexity"": 0.8497}"
2af95d8a-58a9-4190-84e6-127a146d94ec,PROJ-1196,2025-03-17T00:00:00+00:00,1063.94,82.82,334,26,285,23,640403094.32,3620663312.5,"{""SURVEY"": 85, ""VERIFICATION"": 85, ""OBJECTION"": 13, ""AWARD"": 57, ""COMPENSATION"": 57}","{""officers_count"": 5, ""sla_breaches"": 5, ""disputes_count"": 7, ""avg_days_per_stage"": 99.4, ""stage_complexity"": 0.7892}"
26de4fe4-b717-4c24-93f6-832e667ac563,PROJ-1196,2025-04-01T00:00:00+00:00,1063.94,92.38,334,29,277,28,1102460812.34,3556196679.05,"{""SURVEY"": 83, ""VERIFICATION"": 83, ""OBJECTION"": 16, ""AWARD"": 55, ""COMPENSATION"": 55}","{""officers_count"": 6, ""sla_breaches"": 10, ""disputes_count"": 6, ""avg_days_per_stage"": 79.2, ""stage_complexity"": 0.8055}"
4cccb8a1-d795-44ba-8c6e-a38bf7e528ac,PROJ-1196,2025-04-16T00:00:00+00:00,1063.94,114.68,334,36,264,34,1056828237.47,3650219217.61,"{""SURVEY"": 79, ""VERIFICATION"": 79, ""OBJECTION"": 20, ""AWARD"": 52, ""COMPENSATION"": 52}","{""officers_count"": 5, ""sla_breaches"": 5, ""disputes_count"": 7, ""avg_days_per_stage"": 77.7, ""stage_complexity"": 0.8158}"
53fd0706-3f5b-45d9-9f72-67ee435eb698,PROJ-1196,2025-05-01T00:00:00+00:00,1063.94,140.16,334,44,253,37,1008888983.15,4106280614.35,"{""SURVEY"": 75, ""VERIFICATION"": 75, ""OBJECTION"": 22, ""AWARD"": 50, ""COMPENSATION"": 50}","{""officers_count"": 5, ""sla_breaches"": 6, ""disputes_count"": 4, ""avg_days_per_stage"": 102.7, ""stage_complexity"": 0.8179}"
24951632-ac86-4840-8e90-be4ee6363678,PROJ-1196,2025-05-16T00:00:00+00:00,1063.94,152.9,334,48,243,43,281703840.51,3644525666.83,"{""SURVEY"": 72, ""VERIFICATION"": 72, ""OBJECTION"": 25, ""AWARD"": 48, ""COMPENSATION"": 48}","{""officers_count"": 5, ""sla_breaches"": 9, ""disputes_count"": 8, ""avg_days_per_stage"": 95.3, ""stage_complexity"": 0.788}"
b66eb5f7-cc34-4c2c-89f6-1e8f140fd848,PROJ-1197,2025-01-01T00:00:00+00:00,518.42,6.38,650,8,634,8,516115023.51,2190358141.26,"{""SURVEY"": 190, ""VERIFICATION"": 190, ""OBJECTION"": 4, ""AWARD"": 126, ""COMPENSATION"": 126}","{""officers_count"": 6, ""sla_breaches"": 7, ""disputes_count"": 4, ""avg_days_per_stage"": 92.6, ""stage_complexity"": 0.7197}"
62d4bce2-bbf3-4a5b-afb2-33716e484bf9,PROJ-1197,2025-01-16T00:00:00+00:00,518.42,10.37,650,13,623,14,489978805.68,2575914486.52,"{""SURVEY"": 186, ""VERIFICATION"": 186, ""OBJECTION"": 8, ""AWARD"": 124, ""COMPENSATION"": 124}","{""officers_count"": 4, ""sla_breaches"": 5, ""disputes_count"": 3, ""avg_days_per_stage"": 91.0, ""stage_complexity"": 0.755}"
6b523b1f-8bc3-44a2-94af-8b86f75e8336,PROJ-1197,2025-01-31T00:00:00+00:00,518.42,14.36,650,18,614,18,430138912.06,2391121342.15,"{""SURVEY"": 184, ""VERIFICATION"": 184, ""OBJECTION"": 10, ""AWARD"": 122, ""COMPENSATION"": 122}","{""officers_count"": 3, ""sla_breaches"": 9, ""disputes_count"": 3, ""avg_days_per_stage"": 94.2, ""stage_complexity"": 0.7019}"
2ad7a9fa-b0f9-421c-ab00-e8bb5bf35d1a,PROJ-1197,2025-02-15T00:00:00+00:00,518.42,19.14,650,24,602,24,628820316.35,1941434117.96,"{""SURVEY"": 180, ""VERIFICATION"": 180, ""OBJECTION"": 14, ""AWARD"": 120, ""COMPENSATION"": 120}","{""officers_count"": 4, ""sla_breaches"": 6, ""disputes_count"": 6, ""avg_days_per_stage"": 77.3, ""stage_complexity"": 0.8109}"
23565cf3-66f4-441f-8a12-7ac3af781b32,PROJ-1197,2025-03-02T00:00:00+00:00,518.42,25.52,650,32,589,29,265504700.47,2104119422.8,"{""SURVEY"": 176, ""VERIFICATION"": 176, ""OBJECTION"": 17, ""AWARD"": 117, ""COMPENSATION"": 117}","{""officers_count"": 6, ""sla_breaches"": 9, ""disputes_count"": 4, ""avg_days_per_stage"": 61.4, ""stage_complexity"": 0.822}"
e6288508-d3e9-4a8a-b127-8f1926a29fd7,PROJ-1197,2025-03-17T00:00:00+00:00,518.42,31.9,650,40,576,34,387817304.29,2642812730.79,"{""SURVEY"": 172, ""VERIFICATION"": 172, ""OBJECTION"": 20, ""AWARD"": 115, ""COMPENSATION"": 115}","{""officers_count"": 6, ""sla_breaches"": 9, ""disputes_count"": 6, ""avg_days_per_stage"": 55.0, ""stage_complexity"": 0.7245}"
3d746301-0c5c-4ad1-a9a1-320fbd9e6253,PROJ-1197,2025-04-01T00:00:00+00:00,518.42,34.3,650,43,569,38,353251842.69,2248133696.73,"{""SURVEY"": 170, ""VERIFICATION"": 170, ""OBJECTION"": 22, ""AWARD"": 113, ""COMPENSATION"": 113}","{""officers_count"": 3, ""sla_breaches"": 5, ""disputes_count"": 8, ""avg_days_per_stage"": 59.6, ""stage_complexity"": 0.7833}"
5b6e19dd-f747-4a1f-ad5f-b3ce169bb18c,PROJ-1197,2025-04-16T00:00:00+00:00,518.42,40.68,650,51,558,41,485900420.56,2322767413.02,"{""SURVEY"": 167, ""VERIFICATION"": 167, ""OBJECTION"": 24, ""AWARD"": 111, ""COMPENSATION"": 111}","{""officers_count"": 4, ""sla_breaches"": 6, ""disputes_count"": 5, ""avg_days_per_stage"": 92.5, ""stage_complexity"": 0.8078}"
27052137-3364-4d38-969b-6eaf799b6b3d,PROJ-1197,2025-05-01T00:00:00+00:00,518.42,47.06,650,59,544,47,324219463.39,2426705783.48,"{""SURVEY"": 163, ""VERIFICATION"": 163, ""OBJECTION"": 28, ""AWARD"": 108, ""COMPENSATION"": 108}","{""officers_count"": 3, ""sla_breaches"": 10, ""disputes_count"": 8, ""avg_days_per_stage"": 82.7, ""stage_complexity"": 0.8898}"
55d0f7bb-1b89-4e1e-89a4-a081de6f888d,PROJ-1197,2025-05-16T00:00:00+00:00,518.42,51.84,650,65,534,51,705493087.62,1924057468.0,"{""SURVEY"": 160, ""VERIFICATION"": 160, ""OBJECTION"": 30, ""AWARD"": 106, ""COMPENSATION"": 106}","{""officers_count"": 4, ""sla_breaches"": 8, ""disputes_count"": 8, ""avg_days_per_stage"": 91.0, ""stage_complexity"": 0.7473}"
bfb3b076-3891-43a5-ab26-ed5c65f8718d,PROJ-1197,2025-05-31T00:00:00+00:00,518.42,54.23,650,68,525,57,717380160.13,2210322389.45,"{""SURVEY"": 157, ""VERIFICATION"": 157, ""OBJECTION"": 34, ""AWARD"": 105, ""COMPENSATION"": 105}","{""officers_count"": 3, ""sla_breaches"": 9, ""disputes_count"": 7, ""avg_days_per_stage"": 87.6, ""stage_complexity"": 0.7521}"
c693850b-8406-42b5-a20d-7d00f79f30b4,PROJ-1198,2025-01-01T00:00:00+00:00,123.19,1.9,454,7,437,10,66717888.18,532627596.32,"{""SURVEY"": 131, ""VERIFICATION"": 131, ""OBJECTION"": 6, ""AWARD"": 87, ""COMPENSATION"": 87}","{""officers_count"": 3, ""sla_breaches"": 6, ""disputes_count"": 4, ""avg_days_per_stage"": 106.5, ""stage_complexity"": 0.7973}"
9de7807f-538d-4802-aa57-4df9fb96e02a,PROJ-1198,2025-01-16T00:00:00+00:00,123.19,2.71,454,10,429,15,94308569.31,469755087.76,"{""SURVEY"": 128, ""VERIFICATION"": 128, ""OBJECTION"": 9, ""AWARD"": 85, ""COMPENSATION"": 85}","{""officers_count"": 6, ""sla_breaches"": 5, ""disputes_count"": 7, ""avg_days_per_stage"": 103.3, ""stage_complexity"": 0.8096}"
8850d7c9-4de4-4634-9b4b-7ef7e73073d7,PROJ-1198,2025-01-31T00:00:00+00:00,123.19,3.26,454,12,424,18,147098361.33,477518198.94,"{""SURVEY"": 127, ""VERIFICATION"": 127, ""OBJECTION"": 10, ""AWARD"": 84, ""COMPENSATION"": 84}","{""officers_count"": 6, ""sla_breaches"": 10, ""disputes_count"": 7, ""avg_days_per_stage"": 93.9, ""stage_complexity"": 0.7551}"
5c22a351-7516-4308-8de6-5a3387fade0a,PROJ-1198,2025-02-15T00:00:00+00:00,123.19,5.16,454,19,411,24,73159782.73,459172740.45,"{""SURVEY"": 123, ""VERIFICATION"": 123, ""OBJECTION"": 14, ""AWARD"": 82, ""COMPENSATION"": 82}","{""officers_count"": 5, ""sla_breaches"": 5, ""disputes_count"": 3, ""avg_days_per_stage"": 79.1, ""stage_complexity"": 0.7909}"
ea05a7f2-6ae9-4b6b-b453-05b38b3ea0c4,PROJ-1198,2025-03-02T00:00:00+00:00,123.19,6.78,454,25,403,26,85530474.84,435011293.51,"{""SURVEY"": 120, ""VERIFICATION"": 120, ""OBJECTION"": 15, ""AWARD"": 80, ""COMPENSATION"": 80}","{""officers_count"": 6, ""sla_breaches"": 10, ""disputes_count"": 8, ""avg_days_per_stage"": 64.9, ""stage_complexity"": 0.7985}"
87c0ee02-bcf1-406b-8988-8781e24e096e,PROJ-1198,2025-03-17T00:00:00+00:00,123.19,8.14,454,30,395,29,135139925.94,433261613.49,"{""SURVEY"": 118, ""VERIFICATION"": 118, ""OBJECTION"": 17, ""AWARD"": 79, ""COMPENSATION"": 79}","{""officers_count"": 6, ""sla_breaches"": 10, ""disputes_count"": 3, ""avg_days_per_stage"": 94.4, ""stage_complexity"": 0.7253}"
04654d04-323c-4e3a-9eb9-edc928615824,PROJ-1198,2025-04-01T00:00:00+00:00,123.19,9.77,454,36,386,32,146371086.5,538901443.32,"{""SURVEY"": 115, ""VERIFICATION"": 115, ""OBJECTION"": 19, ""AWARD"": 77, ""COMPENSATION"": 77}","{""officers_count"": 4, ""sla_breaches"": 8, ""disputes_count"": 6, ""avg_days_per_stage"": 79.7, ""stage_complexity"": 0.7625}"
e6dadaf1-4b79-4c39-b1cb-011749600a0e,PROJ-1198,2025-04-16T00:00:00+00:00,123.19,10.31,454,38,381,35,102095551.82,454253467.37,"{""SURVEY"": 114, ""VERIFICATION"": 114, ""OBJECTION"": 21, ""AWARD"": 76, ""COMPENSATION"": 76}","{""officers_count"": 4, ""sla_breaches"": 8, ""disputes_count"": 8, ""avg_days_per_stage"": 62.9, ""stage_complexity"": 0.811}"
03c92b68-66a5-455c-ad0a-7635c4239bfe,PROJ-1198,2025-05-01T00:00:00+00:00,123.19,11.4,454,42,372,40,93509388.45,464340178.67,"{""SURVEY"": 111, ""VERIFICATION"": 111, ""OBJECTION"": 24, ""AWARD"": 74, ""COMPENSATION"": 74}","{""officers_count"": 4, ""sla_breaches"": 7, ""disputes_count"": 7, ""avg_days_per_stage"": 66.1, ""stage_complexity"": 0.8388}"
04fbadf5-9b58-4a28-b111-f3b4015514e2,PROJ-1198,2025-05-16T00:00:00+00:00,123.19,12.48,454,46,363,45,99944491.31,467626651.93,"{""SURVEY"": 108, ""VERIFICATION"": 108, ""OBJECTION"": 27, ""AWARD"": 72, ""COMPENSATION"": 72}","{""officers_count"": 6, ""sla_breaches"": 8, ""disputes_count"": 5, ""avg_days_per_stage"": 55.7, ""stage_complexity"": 0.7302}"
112de35b-2cf5-49de-b7fd-bf6c3e8e3200,PROJ-1198,2025-05-31T00:00:00+00:00,123.19,13.02,454,48,357,49,36549115.55,451788386.72,"{""SURVEY"": 107, ""VERIFICATION"": 107, ""OBJECTION"": 29, ""AWARD"": 71, ""COMPENSATION"": 71}","{""officers_count"": 6, ""sla_breaches"": 8, ""disputes_count"": 5, ""avg_days_per_stage"": 57.8, ""stage_complexity"": 0.8236}"
90b1f26f-0bec-44cd-b16c-55b5e91eadcc,PROJ-1199,2025-01-01T00:00:00+00:00,103.67,1.25,249,3,240,6,54673351.59,181814242.64,"{""SURVEY"": 72, ""VERIFICATION"": 72, ""OBJECTION"": 3, ""AWARD"": 48, ""COMPENSATION"": 48}","{""officers_count"": 5, ""sla_breaches"": 6, ""disputes_count"": 10, ""avg_days_per_stage"": 123.1, ""stage_complexity"": 0.8323}"
11bc4397-04b9-4d15-bca3-96037b0bb57e,PROJ-1199,2025-01-16T00:00:00+00:00,103.67,1.67,249,4,229,16,77519712.24,246691699.58,"{""SURVEY"": 68, ""VERIFICATION"": 68, ""OBJECTION"": 9, ""AWARD"": 45, ""COMPENSATION"": 45}","{""officers_count"": 2, ""sla_breaches"": 9, ""disputes_count"": 22, ""avg_days_per_stage"": 68.2, ""stage_complexity"": 0.8041}"
9870caa5-c8e9-494e-80a3-dc06f3034d79,PROJ-1199,2025-01-31T00:00:00+00:00,103.67,3.33,249,8,221,20,74214833.48,309074705.75,"{""SURVEY"": 66, ""VERIFICATION"": 66, ""OBJECTION"": 12, ""AWARD"": 44, ""COMPENSATION"": 44}","{""officers_count"": 5, ""sla_breaches"": 5, ""disputes_count"": 26, ""avg_days_per_stage"": 104.4, ""stage_complexity"": 0.8178}"
8478022e-33d0-4f32-8336-9444478a8830,PROJ-1199,2025-02-15T00:00:00+00:00,103.67,5.41,249,13,209,27,89624073.38,241499553.39,"{""SURVEY"": 62, ""VERIFICATION"": 62, ""OBJECTION"": 16, ""AWARD"": 41, ""COMPENSATION"": 41}","{""officers_count"": 5, ""sla_breaches"": 7, ""disputes_count"": 31, ""avg_days_per_stage"": 108.4, ""stage_complexity"": 0.8967}"
0cdb68a3-873d-4d31-b5f0-9171ef6f4ff2,PROJ-1199,2025-03-02T00:00:00+00:00,103.67,7.08,249,17,194,38,105512594.33,217762798.4,"{""SURVEY"": 58, ""VERIFICATION"": 58, ""OBJECTION"": 22, ""AWARD"": 38, ""COMPENSATION"": 38}","{""officers_count"": 2, ""sla_breaches"": 5, ""disputes_count"": 42, ""avg_days_per_stage"": 129.4, ""stage_complexity"": 0.8101}"
9f7168c3-85a7-4a18-a22c-57e8555ced15,PROJ-1199,2025-03-17T00:00:00+00:00,103.67,8.33,249,20,182,47,49940863.74,228514649.54,"{""SURVEY"": 54, ""VERIFICATION"": 54, ""OBJECTION"": 28, ""AWARD"": 36, ""COMPENSATION"": 36}","{""officers_count"": 5, ""sla_breaches"": 4, ""disputes_count"": 53, ""avg_days_per_stage"": 136.5, ""stage_complexity"": 0.8526}"
ac44c8f9-2171-4687-812f-6c56dc095f62,PROJ-1199,2025-04-01T00:00:00+00:00,103.67,8.74,249,21,170,58,113147113.95,275434591.39,"{""SURVEY"": 51, ""VERIFICATION"": 51, ""OBJECTION"": 34, ""AWARD"": 34, ""COMPENSATION"": 34}","{""officers_count"": 3, ""sla_breaches"": 7, ""disputes_count"": 64, ""avg_days_per_stage"": 85.8, ""stage_complexity"": 0.8783}"
fa359ec8-b06c-479f-a0a4-cb7625790242,PROJ-1199,2025-04-16T00:00:00+00:00,103.67,9.99,249,24,157,68,59539603.59,301853087.16,"{""SURVEY"": 47, ""VERIFICATION"": 47, ""OBJECTION"": 40, ""AWARD"": 31, ""COMPENSATION"": 31}","{""officers_count"": 5, ""sla_breaches"": 6, ""disputes_count"": 74, ""avg_days_per_stage"": 69.1, ""stage_complexity"": 0.8122}"
be03ca06-c70f-4141-aa75-6b0feec4c816,PROJ-1199,2025-05-01T00:00:00+00:00,103.67,11.24,249,27,149,73,105683795.96,251233817.14,"{""SURVEY"": 44, ""VERIFICATION"": 44, ""OBJECTION"": 43, ""AWARD"": 29, ""COMPENSATION"": 29}","{""officers_count"": 3, ""sla_breaches"": 4, ""disputes_count"": 75, ""avg_days_per_stage"": 117.9, ""stage_complexity"": 0.8217}"
c05fbcee-29e0-4a0a-b39b-167f0b164a1d,PROJ-1199,2025-05-16T00:00:00+00:00,103.67,13.74,249,33,136,80,97883630.09,297129896.69,"{""SURVEY"": 40, ""VERIFICATION"": 40, ""OBJECTION"": 48, ""AWARD"": 27, ""COMPENSATION"": 27}","{""officers_count"": 5, ""sla_breaches"": 8, ""disputes_count"": 87, ""avg_days_per_stage"": 81.6, ""stage_complexity"": 0.9128}"
33a62768-787f-45be-888a-0e782652a0fb,PROJ-1199,2025-05-31T00:00:00+00:00,103.67,14.16,249,34,123,92,80326106.99,305658435.36,"{""SURVEY"": 36, ""VERIFICATION"": 36, ""OBJECTION"": 55, ""AWARD"": 24, ""COMPENSATION"": 24}","{""officers_count"": 3, ""sla_breaches"": 6, ""disputes_count"": 96, ""avg_days_per_stage"": 105.0, ""stage_complexity"": 0.8333}"
55a9cb86-1daf-4d42-a63f-1cd16c7ee1ac,PROJ-1199,2025-06-15T00:00:00+00:00,103.67,15.82,249,38,115,96,81863092.58,193593840.64,"{""SURVEY"": 34, ""VERIFICATION"": 34, ""OBJECTION"": 57, ""AWARD"": 23, ""COMPENSATION"": 23}","{""officers_count"": 3, ""sla_breaches"": 9, ""disputes_count"": 101, ""avg_days_per_stage"": 95.8, ""stage_complexity"": 0.9258}"
b5137aae-a00a-4262-9a7e-54c6117defb7,PROJ-1200,2025-01-01T00:00:00+00:00,129.75,11.83,340,31,304,3,0.0,88649689.01,"{""SURVEY"": 91, ""VERIFICATION"": 91, ""OBJECTION"": 1, ""AWARD"": 60, ""COMPENSATION"": 60}","{""officers_count"": 12, ""sla_breaches"": 2, ""disputes_count"": 3, ""avg_days_per_stage"": 20.3, ""stage_complexity"": 0.402}"
4e501b9a-0a38-4544-8bfa-ca7931cc812b,PROJ-1200,2025-01-16T00:00:00+00:00,129.75,23.28,340,61,276,3,14774948.17,85694699.38,"{""SURVEY"": 82, ""VERIFICATION"": 82, ""OBJECTION"": 1, ""AWARD"": 55, ""COMPENSATION"": 55}","{""officers_count"": 7, ""sla_breaches"": 0, ""disputes_count"": 3, ""avg_days_per_stage"": 15.3, ""stage_complexity"": 0.2812}"
cf50c264-c8d2-4d16-8283-2e600bbc6509,PROJ-1200,2025-01-31T00:00:00+00:00,129.75,30.53,340,80,257,1,44324844.51,79784720.11,"{""SURVEY"": 77, ""VERIFICATION"": 77, ""OBJECTION"": 0, ""AWARD"": 51, ""COMPENSATION"": 51}","{""officers_count"": 11, ""sla_breaches"": 1, ""disputes_count"": 0, ""avg_days_per_stage"": 30.3, ""stage_complexity"": 0.2506}"
8b8ed22c-e35d-46a1-8c50-a334285cd7f1,PROJ-1200,2025-02-15T00:00:00+00:00,129.75,37.4,340,98,241,0,88649689.01,70919751.21,"{""SURVEY"": 72, ""VERIFICATION"": 72, ""OBJECTION"": 0, ""AWARD"": 48, ""COMPENSATION"": 48}","{""officers_count"": 11, ""sla_breaches"": 2, ""disputes_count"": 1, ""avg_days_per_stage"": 31.0, ""stage_complexity"": 0.4467}"
add2a8dd-4e16-487b-82c7-f7f3e0dbb256,PROJ-1200,2025-03-02T00:00:00+00:00,129.75,42.74,340,112,228,0,147749481.69,59099792.68,"{""SURVEY"": 68, ""VERIFICATION"": 68, ""OBJECTION"": 0, ""AWARD"": 45, ""COMPENSATION"": 45}","{""officers_count"": 11, ""sla_breaches"": 2, ""disputes_count"": 3, ""avg_days_per_stage"": 30.9, ""stage_complexity"": 0.3728}"
2127e455-802d-4b0e-8c17-745b8562ca63,PROJ-1201,2025-01-01T00:00:00+00:00,102.04,4.81,403,19,381,1,0.0,172905749.24,"{""SURVEY"": 114, ""VERIFICATION"": 114, ""OBJECTION"": 0, ""AWARD"": 76, ""COMPENSATION"": 76}","{""officers_count"": 6, ""sla_breaches"": 1, ""disputes_count"": 1, ""avg_days_per_stage"": 22.0, ""stage_complexity"": 0.2626}"
4c976e26-1812-4ce9-adac-f09cfd75f427,PROJ-1201,2025-01-16T00:00:00+00:00,102.04,11.14,403,44,358,2,28817624.87,167142224.26,"{""SURVEY"": 107, ""VERIFICATION"": 107, ""OBJECTION"": 1, ""AWARD"": 71, ""COMPENSATION"": 71}","{""officers_count"": 6, ""sla_breaches"": 0, ""disputes_count"": 2, ""avg_days_per_stage"": 28.2, ""stage_complexity"": 0.324}"
93f250b4-594b-4ca2-9215-38354a88380d,PROJ-1201,2025-01-31T00:00:00+00:00,102.04,14.94,403,59,342,2,86452874.62,155615174.31,"{""SURVEY"": 102, ""VERIFICATION"": 102, ""OBJECTION"": 1, ""AWARD"": 68, ""COMPENSATION"": 68}","{""officers_count"": 10, ""sla_breaches"": 1, ""disputes_count"": 3, ""avg_days_per_stage"": 30.6, ""stage_complexity"": 0.4245}"
d4ff3790-57c2-4fb4-824d-c7837506c33f,PROJ-1201,2025-02-15T00:00:00+00:00,102.04,21.02,403,83,318,2,172905749.24,138324599.39,"{""SURVEY"": 95, ""VERIFICATION"": 95, ""OBJECTION"": 1, ""AWARD"": 63, ""COMPENSATION"": 63}","{""officers_count"": 6, ""sla_breaches"": 1, ""disputes_count"": 0, ""avg_days_per_stage"": 26.1, ""stage_complexity"": 0.2803}"
244e613d-dabc-4503-8769-012320b2a00b,PROJ-1201,2025-03-02T00:00:00+00:00,102.04,27.6,403,109,292,1,288176248.73,115270499.49,"{""SURVEY"": 87, ""VERIFICATION"": 87, ""OBJECTION"": 0, ""AWARD"": 58, ""COMPENSATION"": 58}","{""officers_count"": 8, ""sla_breaches"": 2, ""disputes_count"": 0, ""avg_days_per_stage"": 32.3, ""stage_complexity"": 0.2479}"
5767e114-b918-4c84-a150-a6eeb361f786,PROJ-1201,2025-03-17T00:00:00+00:00,102.04,30.38,403,120,282,2,432264373.09,86452874.62,"{""SURVEY"": 84, ""VERIFICATION"": 84, ""OBJECTION"": 1, ""AWARD"": 56, ""COMPENSATION"": 56}","{""officers_count"": 5, ""sla_breaches"": 0, ""disputes_count"": 1, ""avg_days_per_stage"": 18.6, ""stage_complexity"": 0.3645}"
e7e3b014-d922-49a9-ad70-7dbe1e7d8ede,PROJ-1201,2025-04-01T00:00:00+00:00,102.04,36.21,403,143,258,3,576352497.46,57635249.75,"{""SURVEY"": 77, ""VERIFICATION"": 77, ""OBJECTION"": 1, ""AWARD"": 51, ""COMPENSATION"": 51}","{""officers_count"": 7, ""sla_breaches"": 1, ""disputes_count"": 3, ""avg_days_per_stage"": 24.5, ""stage_complexity"": 0.3523}"
dffd3200-b4ba-4b5e-9cae-e00e64ff7925,PROJ-1201,2025-04-16T00:00:00+00:00,102.04,41.78,403,165,235,1,576352497.46,57635249.75,"{""SURVEY"": 70, ""VERIFICATION"": 70, ""OBJECTION"": 0, ""AWARD"": 47, ""COMPENSATION"": 47}","{""officers_count"": 5, ""sla_breaches"": 1, ""disputes_count"": 3, ""avg_days_per_stage"": 22.0, ""stage_complexity"": 0.3693}"
a89461e5-c9fb-4346-8ac9-e678c84d14ba,PROJ-1201,2025-05-01T00:00:00+00:00,102.04,47.1,403,186,216,2,576352497.46,57635249.75,"{""SURVEY"": 64, ""VERIFICATION"": 64, ""OBJECTION"": 1, ""AWARD"": 43, ""COMPENSATION"": 43}","{""officers_count"": 5, ""sla_breaches"": 0, ""disputes_count"": 2, ""avg_days_per_stage"": 23.9, ""stage_complexity"": 0.3401}"
08b3617c-083e-4b20-9528-0f2cabb2d3cb,PROJ-1201,2025-05-16T00:00:00+00:00,102.04,51.91,403,205,196,1,576352497.46,57635249.75,"{""SURVEY"": 58, ""VERIFICATION"": 58, ""OBJECTION"": 0, ""AWARD"": 39, ""COMPENSATION"": 39}","{""officers_count"": 12, ""sla_breaches"": 2, ""disputes_count"": 1, ""avg_days_per_stage"": 19.9, ""stage_complexity"": 0.3318}"
6cb2b9b6-ab19-4d52-b652-1631831d0b95,PROJ-1201,2025-05-31T00:00:00+00:00,102.04,54.69,403,216,186,2,576352497.46,57635249.75,"{""SURVEY"": 55, ""VERIFICATION"": 55, ""OBJECTION"": 1, ""AWARD"": 37, ""COMPENSATION"": 37}","{""officers_count"": 10, ""sla_breaches"": 2, ""disputes_count"": 2, ""avg_days_per_stage"": 34.9, ""stage_complexity"": 0.2215}"
6e71afb8-89c6-4d0a-837e-c6fbffc418c3,PROJ-1202,2025-01-01T00:00:00+00:00,569.67,2.32,738,3,721,14,428686864.99,1874888877.96,"{""SURVEY"": 216, ""VERIFICATION"": 216, ""OBJECTION"": 8, ""AWARD"": 144, ""COMPENSATION"": 144}","{""officers_count"": 3, ""sla_breaches"": 7, ""disputes_count"": 20, ""avg_days_per_stage"": 99.9, ""stage_complexity"": 0.9003}"
684b8ab1-368b-4656-81af-7ca8217bb2ae,PROJ-1202,2025-01-16T00:00:00+00:00,569.67,5.4,738,7,709,22,456557312.19,1227451347.37,"{""SURVEY"": 212, ""VERIFICATION"": 212, ""OBJECTION"": 13, ""AWARD"": 141, ""COMPENSATION"": 141}","{""officers_count"": 2, ""sla_breaches"": 7, ""disputes_count"": 32, ""avg_days_per_stage"": 93.8, ""stage_complexity"": 0.8239}"
c0d28888-790a-4d8b-a378-b9d321d54a22,PROJ-1202,2025-01-31T00:00:00+00:00,569.67,9.26,738,12,700,26,731624533.83,1936090665.74,"{""SURVEY"": 210, ""VERIFICATION"": 210, ""OBJECTION"": 15, ""AWARD"": 140, ""COMPENSATION"": 140}","{""officers_count"": 4, ""sla_breaches"": 9, ""disputes_count"": 34, ""avg_days_per_stage"": 88.3, ""stage_complexity"": 0.8078}"
68768bef-7755-4d3c-b552-92b32c6c5fa2,PROJ-1202,2025-02-15T00:00:00+00:00,569.67,12.35,738,16,689,33,561790414.76,2001644779.91,"{""SURVEY"": 206, ""VERIFICATION"": 206, ""OBJECTION"": 19, ""AWARD"": 137, ""COMPENSATION"": 137}","{""officers_count"": 5, ""sla_breaches"": 7, ""disputes_count"": 35, ""avg_days_per_stage"": 97.5, ""stage_complexity"": 0.8205}"
debcc602-8f2e-4005-81ee-9e67949ad955,PROJ-1202,2025-03-02T00:00:00+00:00,569.67,13.89,738,18,679,41,709083512.57,1929500458.06,"{""SURVEY"": 203, ""VERIFICATION"": 203, ""OBJECTION"": 24, ""AWARD"": 135, ""COMPENSATION"": 135}","{""officers_count"": 4, ""sla_breaches"": 9, ""disputes_count"": 46, ""avg_days_per_stage"": 97.7, ""stage_complexity"": 0.9335}"
ba4f4f66-e1e1-450a-8cdf-4cf25366d620,PROJ-1202,2025-03-17T00:00:00+00:00,569.67,14.67,738,19,670,49,538464683.66,1243304081.57,"{""SURVEY"": 201, ""VERIFICATION"": 201, ""OBJECTION"": 29, ""AWARD"": 134, ""COMPENSATION"": 134}","{""officers_count"": 4, ""sla_breaches"": 8, ""disputes_count"": 59, ""avg_days_per_stage"": 136.6, ""stage_complexity"": 0.8028}"
9267a745-8217-4a63-bd55-3b898d3f819e,PROJ-1202,2025-04-01T00:00:00+00:00,569.67,15.44,738,20,662,56,481667369.48,1952278002.63,"{""SURVEY"": 198, ""VERIFICATION"": 198, ""OBJECTION"": 33, ""AWARD"": 132, ""COMPENSATION"": 132}","{""officers_count"": 5, ""sla_breaches"": 4, ""disputes_count"": 60, ""avg_days_per_stage"": 118.4, ""stage_complexity"": 0.7639}"
7e00389e-8b83-4372-83c5-b9adaf369e3b,PROJ-1202,2025-04-16T00:00:00+00:00,569.67,20.07,738,26,647,65,385370010.47,1627802667.07,"{""SURVEY"": 194, ""VERIFICATION"": 194, ""OBJECTION"": 39, ""AWARD"": 129, ""COMPENSATION"": 129}","{""officers_count"": 4, ""sla_breaches"": 11, ""disputes_count"": 67, ""avg_days_per_stage"": 125.2, ""stage_complexity"": 0.9207}"
260a79be-a4a6-4927-8960-cb7aebf38c4d,PROJ-1202,2025-05-01T00:00:00+00:00,569.67,24.7,738,32,636,70,751256287.16,1763576066.28,"{""SURVEY"": 190, ""VERIFICATION"": 190, ""OBJECTION"": 42, ""AWARD"": 127, ""COMPENSATION"": 127}","{""officers_count"": 4, ""sla_breaches"": 11, ""disputes_count"": 73, ""avg_days_per_stage"": 114.3, ""stage_complexity"": 0.9203}"
5818e818-e31f-4238-92d1-945747e73fbd,PROJ-1202,2025-05-16T00:00:00+00:00,569.67,29.33,738,38,619,81,408459537.32,1353344727.88,"{""SURVEY"": 185, ""VERIFICATION"": 185, ""OBJECTION"": 48, ""AWARD"": 123, ""COMPENSATION"": 123}","{""officers_count"": 3, ""sla_breaches"": 10, ""disputes_count"": 85, ""avg_days_per_stage"": 115.8, ""stage_complexity"": 0.8868}"
8e17b72f-db7b-46bd-9c27-2e46ceba5df8,PROJ-1202,2025-05-31T00:00:00+00:00,569.67,32.42,738,42,603,93,746217771.87,1888205496.69,"{""SURVEY"": 180, ""VERIFICATION"": 180, ""OBJECTION"": 55, ""AWARD"": 120, ""COMPENSATION"": 120}","{""officers_count"": 5, ""sla_breaches"": 6, ""disputes_count"": 99, ""avg_days_per_stage"": 76.7, ""stage_complexity"": 0.8238}"
0d253df4-665c-4c59-8abe-410c6196341c,PROJ-1202,2025-06-15T00:00:00+00:00,569.67,35.51,738,46,593,99,550122088.21,1755610092.71,"{""SURVEY"": 177, ""VERIFICATION"": 177, ""OBJECTION"": 59, ""AWARD"": 118, ""COMPENSATION"": 118}","{""officers_count"": 2, ""sla_breaches"": 5, ""disputes_count"": 109, ""avg_days_per_stage"": 104.8, ""stage_complexity"": 0.8336}"
fbd4117b-7bb3-4ab1-92bb-f19b16ec72c2,PROJ-1202,2025-06-30T00:00:00+00:00,569.67,36.28,738,47,582,109,431769097.86,1419539971.96,"{""SURVEY"": 174, ""VERIFICATION"": 174, ""OBJECTION"": 65, ""AWARD"": 116, ""COMPENSATION"": 116}","{""officers_count"": 2, ""sla_breaches"": 6, ""disputes_count"": 113, ""avg_days_per_stage"": 138.1, ""stage_complexity"": 0.7522}"
ee0082b2-2f76-47d1-8669-a58efa6480a6,PROJ-1202,2025-07-15T00:00:00+00:00,569.67,38.6,738,50,570,118,626036936.0,1932571061.86,"{""SURVEY"": 171, ""VERIFICATION"": 171, ""OBJECTION"": 70, ""AWARD"": 114, ""COMPENSATION"": 114}","{""officers_count"": 3, ""sla_breaches"": 5, ""disputes_count"": 127, ""avg_days_per_stage"": 123.7, ""stage_complexity"": 0.9164}"
80e48128-c715-4b04-9d05-c6a94fcc8c0b,PROJ-1202,2025-07-30T00:00:00+00:00,569.67,40.14,738,52,556,130,314787696.82,1414204368.79,"{""SURVEY"": 166, ""VERIFICATION"": 166, ""OBJECTION"": 78, ""AWARD"": 111, ""COMPENSATION"": 111}","{""officers_count"": 2, ""sla_breaches"": 4, ""disputes_count"": 140, ""avg_days_per_stage"": 98.0, ""stage_complexity"": 0.8855}"
1d10d884-bf20-4e5a-ab56-9f824cc8390b,PROJ-1202,2025-08-14T00:00:00+00:00,569.67,40.91,738,53,547,138,658945911.89,1645690956.47,"{""SURVEY"": 164, ""VERIFICATION"": 164, ""OBJECTION"": 82, ""AWARD"": 109, ""COMPENSATION"": 109}","{""officers_count"": 2, ""sla_breaches"": 4, ""disputes_count"": 147, ""avg_days_per_stage"": 70.0, ""stage_complexity"": 0.8067}"
08f0dd61-02be-4084-b4df-58eccfefc0b4,PROJ-1202,2025-08-29T00:00:00+00:00,569.67,42.46,738,55,541,142,631644347.64,1625715808.05,"{""SURVEY"": 162, ""VERIFICATION"": 162, ""OBJECTION"": 85, ""AWARD"": 108, ""COMPENSATION"": 108}","{""officers_count"": 4, ""sla_breaches"": 6, ""disputes_count"": 152, ""avg_days_per_stage"": 133.9, ""stage_complexity"": 0.9496}"
b3e9dcf0-cc11-43d0-bc0a-1f92b473a94c,PROJ-1202,2025-09-13T00:00:00+00:00,569.67,45.54,738,59,526,153,410310625.59,1735223814.07,"{""SURVEY"": 157, ""VERIFICATION"": 157, ""OBJECTION"": 91, ""AWARD"": 105, ""COMPENSATION"": 105}","{""officers_count"": 5, ""sla_breaches"": 11, ""disputes_count"": 158, ""avg_days_per_stage"": 124.4, ""stage_complexity"": 0.8718}"
bba3657c-6f98-4403-8d67-a59e04110b76,PROJ-1203,2025-01-01T00:00:00+00:00,1162.03,42.26,770,28,737,5,0.0,1284821281.51,"{""SURVEY"": 221, ""VERIFICATION"": 221, ""OBJECTION"": 3, ""AWARD"": 147, ""COMPENSATION"": 147}","{""officers_count"": 11, ""sla_breaches"": 0, ""disputes_count"": 3, ""avg_days_per_stage"": 28.4, ""stage_complexity"": 0.2662}"
24866d18-98b6-4eed-98a1-44a80bb14dc2,PROJ-1203,2025-01-16T00:00:00+00:00,1162.03,79.98,770,53,712,3,214136880.25,1241993905.46,"{""SURVEY"": 213, ""VERIFICATION"": 213, ""OBJECTION"": 1, ""AWARD"": 142, ""COMPENSATION"": 142}","{""officers_count"": 11, ""sla_breaches"": 1, ""disputes_count"": 1, ""avg_days_per_stage"": 21.8, ""stage_complexity"": 0.2628}"
92b279af-7a53-4739-8934-e0fbf1d4b705,PROJ-1203,2025-01-31T00:00:00+00:00,1162.03,95.08,770,63,704,2,642410640.76,1156339153.36,"{""SURVEY"": 211, ""VERIFICATION"": 211, ""OBJECTION"": 1, ""AWARD"": 140, ""COMPENSATION"": 140}","{""officers_count"": 11, ""sla_breaches"": 2, ""disputes_count"": 0, ""avg_days_per_stage"": 21.2, ""stage_complexity"": 0.3235}"
8a0efc36-e1cb-4315-a382-05eb457026b8,PROJ-1203,2025-02-15T00:00:00+00:00,1162.03,119.22,770,79,689,2,1284821281.51,1027857025.21,"{""SURVEY"": 206, ""VERIFICATION"": 206, ""OBJECTION"": 1, ""AWARD"": 137, ""COMPENSATION"": 137}","{""officers_count"": 7, ""sla_breaches"": 0, ""disputes_count"": 3, ""avg_days_per_stage"": 18.4, ""stage_complexity"": 0.3497}"
03a27615-917d-4523-b45c-02852f9383d4,PROJ-1203,2025-03-02T00:00:00+00:00,1162.03,169.02,770,112,656,0,2141368802.52,856547521.01,"{""SURVEY"": 196, ""VERIFICATION"": 196, ""OBJECTION"": 0, ""AWARD"": 131, ""COMPENSATION"": 131}","{""officers_count"": 8, ""sla_breaches"": 1, ""disputes_count"": 0, ""avg_days_per_stage"": 16.5, ""stage_complexity"": 0.3933}"
ebce21fb-55e7-4e2d-904f-3fa536b4d7e1,PROJ-1203,2025-03-17T00:00:00+00:00,1162.03,199.21,770,132,638,0,3212053203.78,642410640.76,"{""SURVEY"": 191, ""VERIFICATION"": 191, ""OBJECTION"": 0, ""AWARD"": 127, ""COMPENSATION"": 127}","{""officers_count"": 10, ""sla_breaches"": 0, ""disputes_count"": 1, ""avg_days_per_stage"": 27.6, ""stage_complexity"": 0.4497}"
3b3c8a51-5405-4844-85e7-19c7f376c07c,PROJ-1204,2025-01-01T00:00:00+00:00,326.36,13.73,618,26,588,3,0.0,246277403.43,"{""SURVEY"": 176, ""VERIFICATION"": 176, ""OBJECTION"": 1, ""AWARD"": 117, ""COMPENSATION"": 117}","{""officers_count"": 7, ""sla_breaches"": 0, ""disputes_count"": 0, ""avg_days_per_stage"": 22.7, ""stage_complexity"": 0.3032}"
a68317be-6d61-436b-a91f-bc9f105656a7,PROJ-1204,2025-01-16T00:00:00+00:00,326.36,31.16,618,59,556,2,41046233.9,238068156.65,"{""SURVEY"": 166, ""VERIFICATION"": 166, ""OBJECTION"": 1, ""AWARD"": 111, ""COMPENSATION"": 111}","{""officers_count"": 12, ""sla_breaches"": 1, ""disputes_count"": 1, ""avg_days_per_stage"": 32.2, ""stage_complexity"": 0.2598}"
8e1486d8-1b61-4e46-a0cd-4b27b66cc5d5,PROJ-1204,2025-01-31T00:00:00+00:00,326.36,43.3,618,82,534,0,123138701.71,221649663.09,"{""SURVEY"": 160, ""VERIFICATION"": 160, ""OBJECTION"": 0, ""AWARD"": 106, ""COMPENSATION"": 106}","{""officers_count"": 11, ""sla_breaches"": 2, ""disputes_count"": 1, ""avg_days_per_stage"": 31.6, ""stage_complexity"": 0.288}"
5a58bed2-7659-457d-ae64-1c11197ed88a,PROJ-1204,2025-02-15T00:00:00+00:00,326.36,53.87,618,102,516,1,246277403.43,197021922.74,"{""SURVEY"": 154, ""VERIFICATION"": 154, ""OBJECTION"": 0, ""AWARD"": 103, ""COMPENSATION"": 103}","{""officers_count"": 6, ""sla_breaches"": 2, ""disputes_count"": 2, ""avg_days_per_stage"": 17.6, ""stage_complexity"": 0.2188}"
a96c5d18-7582-4d22-abb5-299c06f383a2,PROJ-1205,2025-01-01T00:00:00+00:00,412.1,18.99,738,34,702,2,0.0,680613298.81,"{""SURVEY"": 210, ""VERIFICATION"": 210, ""OBJECTION"": 1, ""AWARD"": 140, ""COMPENSATION"": 140}","{""officers_count"": 10, ""sla_breaches"": 1, ""disputes_count"": 2, ""avg_days_per_stage"": 30.2, ""stage_complexity"": 0.2988}"
74c99f65-a217-4eb8-91ca-8dff4f4c4611,PROJ-1205,2025-01-16T00:00:00+00:00,412.1,27.92,738,50,686,3,113435549.8,657926188.85,"{""SURVEY"": 205, ""VERIFICATION"": 205, ""OBJECTION"": 1, ""AWARD"": 137, ""COMPENSATION"": 137}","{""officers_count"": 10, ""sla_breaches"": 0, ""disputes_count"": 3, ""avg_days_per_stage"": 22.8, ""stage_complexity"": 0.2739}"
b3a43563-6b96-400c-8341-324ba75d0b15,PROJ-1205,2025-01-31T00:00:00+00:00,412.1,36.85,738,66,669,4,340306649.4,612551968.93,"{""SURVEY"": 200, ""VERIFICATION"": 200, ""OBJECTION"": 2, ""AWARD"": 133, ""COMPENSATION"": 133}","{""officers_count"": 6, ""sla_breaches"": 2, ""disputes_count"": 0, ""avg_days_per_stage"": 27.7, ""stage_complexity"": 0.3484}"
9fa3c673-fb08-4c7b-b891-277115260218,PROJ-1205,2025-02-15T00:00:00+00:00,412.1,45.79,738,82,652,2,680613298.81,544490639.05,"{""SURVEY"": 195, ""VERIFICATION"": 195, ""OBJECTION"": 1, ""AWARD"": 130, ""COMPENSATION"": 130}","{""officers_count"": 7, ""sla_breaches"": 0, ""disputes_count"": 1, ""avg_days_per_stage"": 27.2, ""stage_complexity"": 0.2356}"
71b65c84-6100-40f1-aa2b-69da43c36bb4,PROJ-1205,2025-03-02T00:00:00+00:00,412.1,58.07,738,104,632,3,1134355498.02,453742199.21,"{""SURVEY"": 189, ""VERIFICATION"": 189, ""OBJECTION"": 1, ""AWARD"": 126, ""COMPENSATION"": 126}","{""officers_count"": 8, ""sla_breaches"": 1, ""disputes_count"": 2, ""avg_days_per_stage"": 21.2, ""stage_complexity"": 0.206}"
1ec4eb2c-3a5a-4e7d-8d74-95a4d30e8840,PROJ-1205,2025-03-17T00:00:00+00:00,412.1,63.66,738,114,621,3,1701533247.02,340306649.4,"{""SURVEY"": 186, ""VERIFICATION"": 186, ""OBJECTION"": 1, ""AWARD"": 124, ""COMPENSATION"": 124}","{""officers_count"": 7, ""sla_breaches"": 2, ""disputes_count"": 3, ""avg_days_per_stage"": 34.4, ""stage_complexity"": 0.2362}"
5253099c-a043-45d8-92da-22cf05c67736,PROJ-1205,2025-04-01T00:00:00+00:00,412.1,82.64,738,148,587,2,2268710996.03,226871099.6,"{""SURVEY"": 176, ""VERIFICATION"": 176, ""OBJECTION"": 1, ""AWARD"": 117, ""COMPENSATION"": 117}","{""officers_count"": 7, ""sla_breaches"": 2, ""disputes_count"": 1, ""avg_days_per_stage"": 24.9, ""stage_complexity"": 0.2447}"
3036e139-3c4d-48d6-894f-911d99ba34b7,PROJ-1205,2025-04-16T00:00:00+00:00,412.1,88.23,738,158,578,1,2268710996.03,226871099.6,"{""SURVEY"": 173, ""VERIFICATION"": 173, ""OBJECTION"": 0, ""AWARD"": 115, ""COMPENSATION"": 115}","{""officers_count"": 9, ""sla_breaches"": 1, ""disputes_count"": 3, ""avg_days_per_stage"": 19.9, ""stage_complexity"": 0.3502}"
748de068-b2cc-4a2e-a237-a1d98f10e4b8,PROJ-1205,2025-05-01T00:00:00+00:00,412.1,94.93,738,170,567,1,2268710996.03,226871099.6,"{""SURVEY"": 170, ""VERIFICATION"": 170, ""OBJECTION"": 0, ""AWARD"": 113, ""COMPENSATION"": 113}","{""officers_count"": 12, ""sla_breaches"": 2, ""disputes_count"": 2, ""avg_days_per_stage"": 24.5, ""stage_complexity"": 0.4457}"
56347655-5964-4116-ac29-21bdb8ee3d02,PROJ-1205,2025-05-16T00:00:00+00:00,412.1,104.98,738,188,549,0,2268710996.03,226871099.6,"{""SURVEY"": 164, ""VERIFICATION"": 164, ""OBJECTION"": 0, ""AWARD"": 109, ""COMPENSATION"": 109}","{""officers_count"": 8, ""sla_breaches"": 2, ""disputes_count"": 1, ""avg_days_per_stage"": 16.7, ""stage_complexity"": 0.2999}"
91f88011-c353-43bd-910e-c34bf7d8e51e,PROJ-1205,2025-05-31T00:00:00+00:00,412.1,123.97,738,222,516,1,2268710996.03,226871099.6,"{""SURVEY"": 154, ""VERIFICATION"": 154, ""OBJECTION"": 0, ""AWARD"": 103, ""COMPENSATION"": 103}","{""officers_count"": 6, ""sla_breaches"": 2, ""disputes_count"": 0, ""avg_days_per_stage"": 15.1, ""stage_complexity"": 0.2935}"
a12ef719-ba08-4818-b487-e96f8e849293,PROJ-1205,2025-06-15T00:00:00+00:00,412.1,137.37,738,246,491,2,2268710996.03,226871099.6,"{""SURVEY"": 147, ""VERIFICATION"": 147, ""OBJECTION"": 1, ""AWARD"": 98, ""COMPENSATION"": 98}","{""officers_count"": 11, ""sla_breaches"": 2, ""disputes_count"": 0, ""avg_days_per_stage"": 17.2, ""stage_complexity"": 0.3645}"
c246b9f0-d279-4a22-acce-567085174c00,PROJ-1205,2025-06-30T00:00:00+00:00,412.1,150.77,738,270,466,3,2268710996.03,226871099.6,"{""SURVEY"": 139, ""VERIFICATION"": 139, ""OBJECTION"": 1, ""AWARD"": 93, ""COMPENSATION"": 93}","{""officers_count"": 8, ""sla_breaches"": 0, ""disputes_count"": 2, ""avg_days_per_stage"": 32.3, ""stage_complexity"": 0.3918}"
b3c9f1e8-6cc8-4ae9-b20f-06aed8fed521,PROJ-1205,2025-07-15T00:00:00+00:00,412.1,163.61,738,293,442,2,2268710996.03,226871099.6,"{""SURVEY"": 132, ""VERIFICATION"": 132, ""OBJECTION"": 1, ""AWARD"": 88, ""COMPENSATION"": 88}","{""officers_count"": 9, ""sla_breaches"": 1, ""disputes_count"": 1, ""avg_days_per_stage"": 19.6, ""stage_complexity"": 0.3402}"
28d3d815-d91f-498c-9da5-8b6f46c6ed1b,PROJ-1205,2025-07-30T00:00:00+00:00,412.1,183.16,738,328,408,2,2268710996.03,226871099.6,"{""SURVEY"": 122, ""VERIFICATION"": 122, ""OBJECTION"": 1, ""AWARD"": 81, ""COMPENSATION"": 81}","{""officers_count"": 12, ""sla_breaches"": 0, ""disputes_count"": 0, ""avg_days_per_stage"": 25.3, ""stage_complexity"": 0.296}"
11821113-e7cc-4dc3-aeef-83a1f267123f,PROJ-1205,2025-08-14T00:00:00+00:00,412.1,202.7,738,363,373,1,2268710996.03,226871099.6,"{""SURVEY"": 111, ""VERIFICATION"": 111, ""OBJECTION"": 0, ""AWARD"": 74, ""COMPENSATION"": 74}","{""officers_count"": 7, ""sla_breaches"": 0, ""disputes_count"": 3, ""avg_days_per_stage"": 26.5, ""stage_complexity"": 0.2941}"
1e46b672-5641-4c6b-8cde-dae812c452ed,PROJ-1206,2025-01-01T00:00:00+00:00,280.24,0.0,616,0,614,5,116996078.18,681883260.36,"{""SURVEY"": 184, ""VERIFICATION"": 184, ""OBJECTION"": 3, ""AWARD"": 122, ""COMPENSATION"": 122}","{""officers_count"": 2, ""sla_breaches"": 12, ""disputes_count"": 6, ""avg_days_per_stage"": 135.4, ""stage_complexity"": 0.665}"
95d89a56-e108-4948-b407-31972edda04d,PROJ-1206,2025-01-16T00:00:00+00:00,280.24,0.0,616,0,611,8,161694097.24,606578967.79,"{""SURVEY"": 183, ""VERIFICATION"": 183, ""OBJECTION"": 4, ""AWARD"": 122, ""COMPENSATION"": 122}","{""officers_count"": 1, ""sla_breaches"": 8, ""disputes_count"": 3, ""avg_days_per_stage"": 87.1, ""stage_complexity"": 0.7885}"
7b7f3080-1798-45a7-be21-c985febd0501,PROJ-1206,2025-01-31T00:00:00+00:00,280.24,0.91,616,2,606,11,246043601.97,717324060.09,"{""SURVEY"": 181, ""VERIFICATION"": 181, ""OBJECTION"": 6, ""AWARD"": 121, ""COMPENSATION"": 121}","{""officers_count"": 2, ""sla_breaches"": 11, ""disputes_count"": 6, ""avg_days_per_stage"": 116.1, ""stage_complexity"": 0.5533}"
2223d87f-4c04-4089-a793-869a2079bfe5,PROJ-1207,2025-01-01T00:00:00+00:00,415.01,14.15,88,3,85,4,308571566.03,1207764292.66,"{""SURVEY"": 25, ""VERIFICATION"": 25, ""OBJECTION"": 2, ""AWARD"": 17, ""COMPENSATION"": 17}","{""officers_count"": 2, ""sla_breaches"": 7, ""disputes_count"": 5, ""avg_days_per_stage"": 103.7, ""stage_complexity"": 0.6806}"
652d4360-a488-45bb-8fdc-d3cf7c9dc319,PROJ-1207,2025-01-16T00:00:00+00:00,415.01,23.58,88,5,79,5,484636153.26,1324396324.52,"{""SURVEY"": 23, ""VERIFICATION"": 23, ""OBJECTION"": 3, ""AWARD"": 15, ""COMPENSATION"": 15}","{""officers_count"": 1, ""sla_breaches"": 11, ""disputes_count"": 6, ""avg_days_per_stage"": 135.1, ""stage_complexity"": 0.6299}"
a09b3645-6b4c-42da-8bf5-6cbd4ae8bce4,PROJ-1207,2025-01-31T00:00:00+00:00,415.01,23.58,88,5,78,9,547045630.22,1221899538.82,"{""SURVEY"": 23, ""VERIFICATION"": 23, ""OBJECTION"": 5, ""AWARD"": 15, ""COMPENSATION"": 15}","{""officers_count"": 2, ""sla_breaches"": 7, ""disputes_count"": 5, ""avg_days_per_stage"": 86.4, ""stage_complexity"": 0.5639}"
658646cd-0c3e-4723-b819-166c0a1083fd,PROJ-1207,2025-02-15T00:00:00+00:00,415.01,23.58,88,5,74,13,211794638.14,1404858206.89,"{""SURVEY"": 22, ""VERIFICATION"": 22, ""OBJECTION"": 7, ""AWARD"": 14, ""COMPENSATION"": 14}","{""officers_count"": 2, ""sla_breaches"": 6, ""disputes_count"": 2, ""avg_days_per_stage"": 99.8, ""stage_complexity"": 0.744}"
b62c3efa-bba1-4281-85b2-bb6c50f6417d,PROJ-1207,2025-03-02T00:00:00+00:00,415.01,23.58,88,5,70,16,311964560.64,1272370790.6,"{""SURVEY"": 21, ""VERIFICATION"": 21, ""OBJECTION"": 9, ""AWARD"": 14, ""COMPENSATION"": 14}","{""officers_count"": 1, ""sla_breaches"": 6, ""disputes_count"": 2, ""avg_days_per_stage"": 112.0, ""stage_complexity"": 0.6157}"
7fe9fea6-8918-4ab7-9d9c-4cc7b9142f95,PROJ-1207,2025-03-17T00:00:00+00:00,415.01,33.01,88,7,65,19,265212527.54,1357528866.47,"{""SURVEY"": 19, ""VERIFICATION"": 19, ""OBJECTION"": 11, ""AWARD"": 13, ""COMPENSATION"": 13}","{""officers_count"": 1, ""sla_breaches"": 10, ""disputes_count"": 3, ""avg_days_per_stage"": 145.4, ""stage_complexity"": 0.5843}"
fb240bcc-44e7-48ca-9d4f-a19c8330bb14,PROJ-1207,2025-04-01T00:00:00+00:00,415.01,42.44,88,9,60,23,541157843.72,1388715383.34,"{""SURVEY"": 18, ""VERIFICATION"": 18, ""OBJECTION"": 13, ""AWARD"": 12, ""COMPENSATION"": 12}","{""officers_count"": 2, ""sla_breaches"": 12, ""disputes_count"": 2, ""avg_days_per_stage"": 71.1, ""stage_complexity"": 0.7412}"
0c3eec40-14c3-4050-82dd-df27c613893b,PROJ-1207,2025-04-16T00:00:00+00:00,415.01,47.16,88,10,55,24,546492564.41,1104586508.63,"{""SURVEY"": 16, ""VERIFICATION"": 16, ""OBJECTION"": 14, ""AWARD"": 11, ""COMPENSATION"": 11}","{""officers_count"": 1, ""sla_breaches"": 12, ""disputes_count"": 4, ""avg_days_per_stage"": 76.0, ""stage_complexity"": 0.7057}"
70da8444-c764-4cca-a20a-4ea86f116bb4,PROJ-1207,2025-05-01T00:00:00+00:00,415.01,61.31,88,13,51,27,491942398.13,1311768120.07,"{""SURVEY"": 15, ""VERIFICATION"": 15, ""OBJECTION"": 16, ""AWARD"": 10, ""COMPENSATION"": 10}","{""officers_count"": 2, ""sla_breaches"": 6, ""disputes_count"": 4, ""avg_days_per_stage"": 70.8, ""stage_complexity"": 0.5874}"
f3bd0c1d-e2c8-4571-a74f-a82bde299640,PROJ-1207,2025-05-16T00:00:00+00:00,415.01,70.74,88,15,46,29,429709394.19,1261689307.85,"{""SURVEY"": 13, ""VERIFICATION"": 13, ""OBJECTION"": 17, ""AWARD"": 9, ""COMPENSATION"": 9}","{""officers_count"": 2, ""sla_breaches"": 12, ""disputes_count"": 4, ""avg_days_per_stage"": 126.2, ""stage_complexity"": 0.5889}"
840c3605-f03c-4216-9dda-1a080d40b0ca,PROJ-1207,2025-05-31T00:00:00+00:00,415.01,70.74,88,15,44,33,316379380.92,1064418430.12,"{""SURVEY"": 13, ""VERIFICATION"": 13, ""OBJECTION"": 19, ""AWARD"": 8, ""COMPENSATION"": 8}","{""officers_count"": 1, ""sla_breaches"": 6, ""disputes_count"": 2, ""avg_days_per_stage"": 142.5, ""stage_complexity"": 0.5916}"
d059f9b6-fe91-43b8-aff1-f645ce7174e8,PROJ-1207,2025-06-15T00:00:00+00:00,415.01,80.17,88,17,38,36,541643038.07,1203521671.67,"{""SURVEY"": 11, ""VERIFICATION"": 11, ""OBJECTION"": 21, ""AWARD"": 7, ""COMPENSATION"": 7}","{""officers_count"": 1, ""sla_breaches"": 10, ""disputes_count"": 5, ""avg_days_per_stage"": 128.5, ""stage_complexity"": 0.6689}"
dcdf4991-9109-4336-b409-cd5708760160,PROJ-1207,2025-06-30T00:00:00+00:00,415.01,94.32,88,20,32,38,328323598.08,1453643070.11,"{""SURVEY"": 9, ""VERIFICATION"": 9, ""OBJECTION"": 22, ""AWARD"": 6, ""COMPENSATION"": 6}","{""officers_count"": 2, ""sla_breaches"": 8, ""disputes_count"": 4, ""avg_days_per_stage"": 76.1, ""stage_complexity"": 0.7604}"
a10d0954-edac-4476-88b3-a28fbb27e2ab,PROJ-1207,2025-07-15T00:00:00+00:00,415.01,94.32,88,20,30,40,264441471.32,1422875808.7,"{""SURVEY"": 9, ""VERIFICATION"": 9, ""OBJECTION"": 24, ""AWARD"": 6, ""COMPENSATION"": 6}","{""officers_count"": 2, ""sla_breaches"": 7, ""disputes_count"": 4, ""avg_days_per_stage"": 104.0, ""stage_complexity"": 0.6871}"
1bb343ac-27ef-40e6-8bf1-c833f6b4e9ab,PROJ-1207,2025-07-30T00:00:00+00:00,415.01,108.47,88,23,25,42,573023114.84,1284350287.46,"{""SURVEY"": 7, ""VERIFICATION"": 7, ""OBJECTION"": 25, ""AWARD"": 5, ""COMPENSATION"": 5}","{""officers_count"": 1, ""sla_breaches"": 12, ""disputes_count"": 3, ""avg_days_per_stage"": 128.7, ""stage_complexity"": 0.555}"
7e8e24f6-d2a9-440d-abd3-d83c553dfdf1,PROJ-1207,2025-08-14T00:00:00+00:00,415.01,122.62,88,26,20,44,263762648.41,1271775621.74,"{""SURVEY"": 6, ""VERIFICATION"": 6, ""OBJECTION"": 26, ""AWARD"": 4, ""COMPENSATION"": 4}","{""officers_count"": 2, ""sla_breaches"": 12, ""disputes_count"": 6, ""avg_days_per_stage"": 125.8, ""stage_complexity"": 0.5917}"
7d050994-85a5-48f5-a30e-cb313219b04c,PROJ-1208,2025-01-01T00:00:00+00:00,975.51,3.22,606,2,604,1,727414818.58,2714350049.21,"{""SURVEY"": 181, ""VERIFICATION"": 181, ""OBJECTION"": 0, ""AWARD"": 120, ""COMPENSATION"": 120}","{""officers_count"": 1, ""sla_breaches"": 12, ""disputes_count"": 6, ""avg_days_per_stage"": 82.7, ""stage_complexity"": 0.7356}"
6375349e-01c7-48ef-b988-3857d166f2bb,PROJ-1208,2025-01-16T00:00:00+00:00,975.51,3.22,606,2,603,2,525331940.02,2304365488.29,"{""SURVEY"": 180, ""VERIFICATION"": 180, ""OBJECTION"": 1, ""AWARD"": 120, ""COMPENSATION"": 120}","{""officers_count"": 1, ""sla_breaches"": 10, ""disputes_count"": 3, ""avg_days_per_stage"": 127.7, ""stage_complexity"": 0.6258}"
fd8866cf-fa56-45bd-9f6e-37a4e5637a73,PROJ-1208,2025-01-31T00:00:00+00:00,975.51,8.05,606,5,599,5,611304705.09,2388373611.36,"{""SURVEY"": 179, ""VERIFICATION"": 179, ""OBJECTION"": 3, ""AWARD"": 119, ""COMPENSATION"": 119}","{""officers_count"": 1, ""sla_breaches"": 8, ""disputes_count"": 5, ""avg_days_per_stage"": 117.5, ""stage_complexity"": 0.798}"
d2a21e73-7c39-4208-868c-d0475a58b788,PROJ-1208,2025-02-15T00:00:00+00:00,975.51,11.27,606,7,594,8,1054238897.08,2480279725.15,"{""SURVEY"": 178, ""VERIFICATION"": 178, ""OBJECTION"": 4, ""AWARD"": 118, ""COMPENSATION"": 118}","{""officers_count"": 2, ""sla_breaches"": 11, ""disputes_count"": 2, ""avg_days_per_stage"": 126.1, ""stage_complexity"": 0.7532}"
2b20f7bc-58f8-439b-866d-ba0560a1d0e6,PROJ-1209,2025-01-01T00:00:00+00:00,87.45,17.26,152,30,120,1,0.0,144143976.76,"{""SURVEY"": 36, ""VERIFICATION"": 36, ""OBJECTION"": 0, ""AWARD"": 24, ""COMPENSATION"": 24}","{""officers_count"": 11, ""sla_breaches"": 1, ""disputes_count"": 2, ""avg_days_per_stage"": 32.1, ""stage_complexity"": 0.4343}"
cff1a54b-168a-4750-b086-58cdf3eeb428,PROJ-1209,2025-01-16T00:00:00+00:00,87.45,27.62,152,48,103,0,24023996.13,139339177.53,"{""SURVEY"": 30, ""VERIFICATION"": 30, ""OBJECTION"": 0, ""AWARD"": 20, ""COMPENSATION"": 20}","{""officers_count"": 9, ""sla_breaches"": 2, ""disputes_count"": 1, ""avg_days_per_stage"": 34.6, ""stage_complexity"": 0.2532}"
6b161c78-36c9-4f96-b1c0-aae4d9bd109d,PROJ-1209,2025-01-31T00:00:00+00:00,87.45,39.7,152,69,83,0,72071988.38,129729579.08,"{""SURVEY"": 24, ""VERIFICATION"": 24, ""OBJECTION"": 0, ""AWARD"": 16, ""COMPENSATION"": 16}","{""officers_count"": 6, ""sla_breaches"": 2, ""disputes_count"": 1, ""avg_days_per_stage"": 32.1, ""stage_complexity"": 0.3493}"
c0a1e947-e7d1-48e9-9198-c0c3ea196e77,PROJ-1209,2025-02-15T00:00:00+00:00,87.45,54.66,152,95,57,0,144143976.76,115315181.41,"{""SURVEY"": 17, ""VERIFICATION"": 17, ""OBJECTION"": 0, ""AWARD"": 11, ""COMPENSATION"": 11}","{""officers_count"": 5, ""sla_breaches"": 0, ""disputes_count"": 1, ""avg_days_per_stage"": 34.2, ""stage_complexity"": 0.204}"
5dadb00c-e1a2-48e2-9889-9a63972b3d72,PROJ-1209,2025-03-02T00:00:00+00:00,87.45,72.49,152,126,26,0,240239961.26,96095984.51,"{""SURVEY"": 7, ""VERIFICATION"": 7, ""OBJECTION"": 0, ""AWARD"": 5, ""COMPENSATION"": 5}","{""officers_count"": 6, ""sla_breaches"": 2, ""disputes_count"": 0, ""avg_days_per_stage"": 18.7, ""stage_complexity"": 0.2812}"
320a3d11-f073-4bed-8e46-25c862d41e17,PROJ-1209,2025-03-17T00:00:00+00:00,87.45,78.82,152,137,15,0,360359941.9,72071988.38,"{""SURVEY"": 4, ""VERIFICATION"": 4, ""OBJECTION"": 0, ""AWARD"": 3, ""COMPENSATION"": 3}","{""officers_count"": 11, ""sla_breaches"": 1, ""disputes_count"": 1, ""avg_days_per_stage"": 16.5, ""stage_complexity"": 0.3426}"
c718b250-256d-44a3-a0a3-bee0e7d69ad0,PROJ-1209,2025-04-01T00:00:00+00:00,87.45,87.45,152,152,0,0,480479922.53,48047992.25,"{""SURVEY"": 0, ""VERIFICATION"": 0, ""OBJECTION"": 0, ""AWARD"": 0, ""COMPENSATION"": 0}","{""officers_count"": 7, ""sla_breaches"": 0, ""disputes_count"": 2, ""avg_days_per_stage"": 30.2, ""stage_complexity"": 0.3456}"
faa5b445-2c68-4c25-aa42-bf53737561f2,PROJ-1209,2025-04-16T00:00:00+00:00,87.45,87.45,152,152,0,0,480479922.53,48047992.25,"{""SURVEY"": 0, ""VERIFICATION"": 0, ""OBJECTION"": 0, ""AWARD"": 0, ""COMPENSATION"": 0}","{""officers_count"": 5, ""sla_breaches"": 0, ""disputes_count"": 3, ""avg_days_per_stage"": 29.6, ""stage_complexity"": 0.2581}"
1b17fbaf-7329-4c2e-8f37-e33c9908eec4,PROJ-1209,2025-05-01T00:00:00+00:00,87.45,87.45,152,152,0,0,480479922.53,48047992.25,"{""SURVEY"": 0, ""VERIFICATION"": 0, ""OBJECTION"": 0, ""AWARD"": 0, ""COMPENSATION"": 0}","{""officers_count"": 11, ""sla_breaches"": 0, ""disputes_count"": 0, ""avg_days_per_stage"": 30.3, ""stage_complexity"": 0.431}"
7e471105-c858-4ec2-8b62-36e024d85487,PROJ-1210,2025-01-01T00:00:00+00:00,167.79,5.47,92,3,81,8,111512908.76,667632373.39,"{""SURVEY"": 24, ""VERIFICATION"": 24, ""OBJECTION"": 4, ""AWARD"": 16, ""COMPENSATION"": 16}","{""officers_count"": 3, ""sla_breaches"": 6, ""disputes_count"": 15, ""avg_days_per_stage"": 99.1, ""stage_complexity"": 0.9457}"
ca23b888-ca51-499d-9c27-4a23bb9af7ed,PROJ-1210,2025-01-16T00:00:00+00:00,167.79,9.12,92,5,69,18,176333261.09,672652626.86,"{""SURVEY"": 20, ""VERIFICATION"": 20, ""OBJECTION"": 10, ""AWARD"": 13, ""COMPENSATION"": 13}","{""officers_count"": 5, ""sla_breaches"": 11, ""disputes_count"": 20, ""avg_days_per_stage"": 102.4, ""stage_complexity"": 0.8303}"
6bccc5af-74f4-47e9-b956-668283c0eca9,PROJ-1210,2025-01-31T00:00:00+00:00,167.79,12.77,92,7,60,25,205161544.37,625373986.07,"{""SURVEY"": 18, ""VERIFICATION"": 18, ""OBJECTION"": 15, ""AWARD"": 12, ""COMPENSATION"": 12}","{""officers_count"": 5, ""sla_breaches"": 10, ""disputes_count"": 34, ""avg_days_per_stage"": 127.0, ""stage_complexity"": 0.8136}"
f7edd9b3-5659-4021-a92d-720064593b53,PROJ-1211,2025-01-01T00:00:00+00:00,605.48,41.17,250,17,233,0,0.0,562484546.04,"{""SURVEY"": 69, ""VERIFICATION"": 69, ""OBJECTION"": 0, ""AWARD"": 46, ""COMPENSATION"": 46}","{""officers_count"": 11, ""sla_breaches"": 2, ""disputes_count"": 1, ""avg_days_per_stage"": 19.9, ""stage_complexity"": 0.3049}"
41cb0bef-f002-4388-8765-484213a7522b,PROJ-1211,2025-01-16T00:00:00+00:00,605.48,92.03,250,38,212,0,93747424.34,543735061.18,"{""SURVEY"": 63, ""VERIFICATION"": 63, ""OBJECTION"": 0, ""AWARD"": 42, ""COMPENSATION"": 42}","{""officers_count"": 6, ""sla_breaches"": 2, ""disputes_count"": 2, ""avg_days_per_stage"": 23.5, ""stage_complexity"": 0.3533}"
fa9c4bd9-44d1-49f0-89c3-9aed3221ef44,PROJ-1211,2025-01-31T00:00:00+00:00,605.48,167.11,250,69,181,0,281242273.02,506236091.44,"{""SURVEY"": 54, ""VERIFICATION"": 54, ""OBJECTION"": 0, ""AWARD"": 36, ""COMPENSATION"": 36}","{""officers_count"": 6, ""sla_breaches"": 1, ""disputes_count"": 2, ""avg_days_per_stage"": 30.0, ""stage_complexity"": 0.3371}"
cc7b7f52-80f9-4f39-b353-a24fe70c799e,PROJ-1211,2025-02-15T00:00:00+00:00,605.48,191.33,250,79,171,0,562484546.04,449987636.83,"{""SURVEY"": 51, ""VERIFICATION"": 51, ""OBJECTION"": 0, ""AWARD"": 34, ""COMPENSATION"": 34}","{""officers_count"": 7, ""sla_breaches"": 2, ""disputes_count"": 2, ""avg_days_per_stage"": 25.7, ""stage_complexity"": 0.2418}"
803b0a12-30b5-4a59-b372-579b91075534,PROJ-1211,2025-03-02T00:00:00+00:00,605.48,261.57,250,108,142,0,937474243.41,374989697.36,"{""SURVEY"": 42, ""VERIFICATION"": 42, ""OBJECTION"": 0, ""AWARD"": 28, ""COMPENSATION"": 28}","{""officers_count"": 7, ""sla_breaches"": 0, ""disputes_count"": 0, ""avg_days_per_stage"": 24.1, ""stage_complexity"": 0.3065}"
0cd74106-ad04-4fd4-ae68-b47a63456ed7,PROJ-1211,2025-03-17T00:00:00+00:00,605.48,319.69,250,132,118,0,1406211365.11,281242273.02,"{""SURVEY"": 35, ""VERIFICATION"": 35, ""OBJECTION"": 0, ""AWARD"": 23, ""COMPENSATION"": 23}","{""officers_count"": 5, ""sla_breaches"": 1, ""disputes_count"": 1, ""avg_days_per_stage"": 25.5, ""stage_complexity"": 0.2213}"
73654145-8806-4d38-82f9-e4a46a2188ff,PROJ-1211,2025-04-01T00:00:00+00:00,605.48,346.33,250,143,107,1,1874948486.81,187494848.68,"{""SURVEY"": 32, ""VERIFICATION"": 32, ""OBJECTION"": 0, ""AWARD"": 21, ""COMPENSATION"": 21}","{""officers_count"": 9, ""sla_breaches"": 1, ""disputes_count"": 0, ""avg_days_per_stage"": 16.8, ""stage_complexity"": 0.3808}"
6634150c-c945-4d15-991f-f15c185dda11,PROJ-1211,2025-04-16T00:00:00+00:00,605.48,389.93,250,161,88,2,1874948486.81,187494848.68,"{""SURVEY"": 26, ""VERIFICATION"": 26, ""OBJECTION"": 1, ""AWARD"": 17, ""COMPENSATION"": 17}","{""officers_count"": 9, ""sla_breaches"": 1, ""disputes_count"": 1, ""avg_days_per_stage"": 19.4, ""stage_complexity"": 0.3793}"
65e72dc4-cc74-4acb-9e0b-6e5cb6858676,PROJ-1211,2025-05-01T00:00:00+00:00,605.48,452.9,250,187,61,2,1874948486.81,187494848.68,"{""SURVEY"": 18, ""VERIFICATION"": 18, ""OBJECTION"": 1, ""AWARD"": 12, ""COMPENSATION"": 12}","{""officers_count"": 11, ""sla_breaches"": 2, ""disputes_count"": 0, ""avg_days_per_stage"": 18.0, ""stage_complexity"": 0.2335}"
6b4ec1d8-94a3-415d-a609-e817782be0b2,PROJ-1211,2025-05-16T00:00:00+00:00,605.48,511.03,250,211,37,1,1874948486.81,187494848.68,"{""SURVEY"": 11, ""VERIFICATION"": 11, ""OBJECTION"": 0, ""AWARD"": 7, ""COMPENSATION"": 7}","{""officers_count"": 11, ""sla_breaches"": 0, ""disputes_count"": 1, ""avg_days_per_stage"": 32.6, ""stage_complexity"": 0.3105}"
b4b7b3e4-b194-4d5e-9b50-d841a0041b21,PROJ-1211,2025-05-31T00:00:00+00:00,605.48,554.62,250,229,20,0,1874948486.81,187494848.68,"{""SURVEY"": 6, ""VERIFICATION"": 6, ""OBJECTION"": 0, ""AWARD"": 4, ""COMPENSATION"": 4}","{""officers_count"": 12, ""sla_breaches"": 0, ""disputes_count"": 3, ""avg_days_per_stage"": 16.0, ""stage_complexity"": 0.4229}"
06cf29f8-6aa1-4a7f-ab23-af666f25d088,PROJ-1211,2025-06-15T00:00:00+00:00,605.48,605.48,250,250,0,1,1874948486.81,187494848.68,"{""SURVEY"": 0, ""VERIFICATION"": 0, ""OBJECTION"": 0, ""AWARD"": 0, ""COMPENSATION"": 0}","{""officers_count"": 10, ""sla_breaches"": 2, ""disputes_count"": 3, ""avg_days_per_stage"": 15.3, ""stage_complexity"": 0.3045}"
2755c921-23df-4b20-977f-b04ce130856b,PROJ-1211,2025-06-30T00:00:00+00:00,605.48,605.48,250,250,0,0,1874948486.81,187494848.68,"{""SURVEY"": 0, ""VERIFICATION"": 0, ""OBJECTION"": 0, ""AWARD"": 0, ""COMPENSATION"": 0}","{""officers_count"": 9, ""sla_breaches"": 2, ""disputes_count"": 1, ""avg_days_per_stage"": 31.8, ""stage_complexity"": 0.2702}"
166d45ce-0bc3-4b25-9ee6-783dd9dcbe83,PROJ-1212,2025-01-01T00:00:00+00:00,1178.79,67.46,332,19,312,2,0.0,1710343208.16,"{""SURVEY"": 93, ""VERIFICATION"": 93, ""OBJECTION"": 1, ""AWARD"": 62, ""COMPENSATION"": 62}","{""officers_count"": 12, ""sla_breaches"": 2, ""disputes_count"": 0, ""avg_days_per_stage"": 18.2, ""stage_complexity"": 0.305}"
7329a976-fe6e-449e-a04a-3fad8b35a4cc,PROJ-1212,2025-01-16T00:00:00+00:00,1178.79,177.53,332,50,280,3,285057201.36,1653331767.89,"{""SURVEY"": 84, ""VERIFICATION"": 84, ""OBJECTION"": 1, ""AWARD"": 56, ""COMPENSATION"": 56}","{""officers_count"": 10, ""sla_breaches"": 0, ""disputes_count"": 2, ""avg_days_per_stage"": 20.3, ""stage_complexity"": 0.4382}"
22d5ffab-8bde-4006-b9c3-b55c3d1ab36f,PROJ-1212,2025-01-31T00:00:00+00:00,1178.79,234.34,332,66,263,1,855171604.08,1539308887.35,"{""SURVEY"": 78, ""VERIFICATION"": 78, ""OBJECTION"": 0, ""AWARD"": 52, ""COMPENSATION"": 52}","{""officers_count"": 7, ""sla_breaches"": 0, ""disputes_count"": 1, ""avg_days_per_stage"": 25.4, ""stage_complexity"": 0.2347}"
b86b635b-32f2-4c6e-83e3-ae4a1d98e1cc,PROJ-1212,2025-02-15T00:00:00+00:00,1178.79,319.55,332,90,241,0,1710343208.16,1368274566.53,"{""SURVEY"": 72, ""VERIFICATION"": 72, ""OBJECTION"": 0, ""AWARD"": 48, ""COMPENSATION"": 48}","{""officers_count"": 10, ""sla_breaches"": 0, ""disputes_count"": 0, ""avg_days_per_stage"": 34.8, ""stage_complexity"": 0.4174}"
0496fc84-dce3-4cfb-bfcd-067e3f6bcb95,PROJ-1213,2025-01-01T00:00:00+00:00,945.71,0.0,207,0,205,3,651441131.98,3151171291.35,"{""SURVEY"": 61, ""VERIFICATION"": 61, ""OBJECTION"": 1, ""AWARD"": 41, ""COMPENSATION"": 41}","{""officers_count"": 1, ""sla_breaches"": 8, ""disputes_count"": 2, ""avg_days_per_stage"": 141.7, ""stage_complexity"": 0.6375}"
ba851b7a-02a0-4383-baa5-b8bfc458c38b,PROJ-1213,2025-01-16T00:00:00+00:00,945.71,4.57,207,1,203,6,905167613.32,2963702251.84,"{""SURVEY"": 60, ""VERIFICATION"": 60, ""OBJECTION"": 3, ""AWARD"": 40, ""COMPENSATION"": 40}","{""officers_count"": 2, ""sla_breaches"": 9, ""disputes_count"": 3, ""avg_days_per_stage"": 95.5, ""stage_complexity"": 0.6515}"
23bce032-f55a-402f-8841-b40d4ff5b312,PROJ-1213,2025-01-31T00:00:00+00:00,945.71,13.71,207,3,198,10,1376932683.61,3564103304.13,"{""SURVEY"": 59, ""VERIFICATION"": 59, ""OBJECTION"": 6, ""AWARD"": 39, ""COMPENSATION"": 39}","{""officers_count"": 1, ""sla_breaches"": 7, ""disputes_count"": 4, ""avg_days_per_stage"": 106.8, ""stage_complexity"": 0.6079}"
d6a97ff5-baf7-4181-bde4-86dd3d12c492,PROJ-1213,2025-02-15T00:00:00+00:00,945.71,27.41,207,6,191,13,1045935578.59,2975358194.43,"{""SURVEY"": 57, ""VERIFICATION"": 57, ""OBJECTION"": 7, ""AWARD"": 38, ""COMPENSATION"": 38}","{""officers_count"": 1, ""sla_breaches"": 7, ""disputes_count"": 6, ""avg_days_per_stage"": 100.1, ""stage_complexity"": 0.6922}"
b7217aae-8367-4765-907c-81064b09e36b,PROJ-1213,2025-03-02T00:00:00+00:00,945.71,41.12,207,9,185,14,783953401.81,3007608674.9,"{""SURVEY"": 55, ""VERIFICATION"": 55, ""OBJECTION"": 8, ""AWARD"": 37, ""COMPENSATION"": 37}","{""officers_count"": 2, ""sla_breaches"": 11, ""disputes_count"": 6, ""avg_days_per_stage"": 116.9, ""stage_complexity"": 0.7102}"
fc69206b-a977-4cd3-9158-58d269a4a2b3,PROJ-1213,2025-03-17T00:00:00+00:00,945.71,54.82,207,12,181,16,1314466864.41,3110173476.58,"{""SURVEY"": 54, ""VERIFICATION"": 54, ""OBJECTION"": 9, ""AWARD"": 36, ""COMPENSATION"": 36}","{""officers_count"": 2, ""sla_breaches"": 10, ""disputes_count"": 2, ""avg_days_per_stage"": 134.4, ""stage_complexity"": 0.6822}"
34adfa2c-b108-4d38-ba26-85aaefed1bd7,PROJ-1213,2025-04-01T00:00:00+00:00,945.71,68.53,207,15,176,20,610909867.09,2986578223.28,"{""SURVEY"": 52, ""VERIFICATION"": 52, ""OBJECTION"": 12, ""AWARD"": 35, ""COMPENSATION"": 35}","{""officers_count"": 1, ""sla_breaches"": 8, ""disputes_count"": 3, ""avg_days_per_stage"": 134.2, ""stage_complexity"": 0.6924}"
20beb447-40be-4e25-80c8-6066396e7f16,PROJ-1213,2025-04-16T00:00:00+00:00,945.71,73.1,207,16,171,23,1399999305.02,2907895897.48,"{""SURVEY"": 51, ""VERIFICATION"": 51, ""OBJECTION"": 13, ""AWARD"": 34, ""COMPENSATION"": 34}","{""officers_count"": 1, ""sla_breaches"": 8, ""disputes_count"": 5, ""avg_days_per_stage"": 119.6, ""stage_complexity"": 0.6115}"
d7751034-ff7e-4f63-8e01-b1ce37251538,PROJ-1213,2025-05-01T00:00:00+00:00,945.71,82.24,207,18,166,26,572722111.41,3179890964.52,"{""SURVEY"": 49, ""VERIFICATION"": 49, ""OBJECTION"": 15, ""AWARD"": 33, ""COMPENSATION"": 33}","{""officers_count"": 1, ""sla_breaches"": 7, ""disputes_count"": 3, ""avg_days_per_stage"": 99.6, ""stage_complexity"": 0.6251}"
40095ee3-6caf-48fb-a2ca-87258e3b28cf,PROJ-1213,2025-05-16T00:00:00+00:00,945.71,86.8,207,19,162,29,673020009.8,2411287167.91,"{""SURVEY"": 48, ""VERIFICATION"": 48, ""OBJECTION"": 17, ""AWARD"": 32, ""COMPENSATION"": 32}","{""officers_count"": 1, ""sla_breaches"": 6, ""disputes_count"": 3, ""avg_days_per_stage"": 91.8, ""stage_complexity"": 0.631}"
b6300eba-b5c6-4d7f-a55b-2c1988ee17c3,PROJ-1213,2025-05-31T00:00:00+00:00,945.71,91.37,207,20,158,33,533912783.18,3102416824.79,"{""SURVEY"": 47, ""VERIFICATION"": 47, ""OBJECTION"": 19, ""AWARD"": 31, ""COMPENSATION"": 31}","{""officers_count"": 1, ""sla_breaches"": 10, ""disputes_count"": 5, ""avg_days_per_stage"": 147.7, ""stage_complexity"": 0.5539}"
942eae07-bf91-4d37-8cce-e1481d6b8987,PROJ-1213,2025-06-15T00:00:00+00:00,945.71,100.51,207,22,152,34,1088708972.75,3592329946.9,"{""SURVEY"": 45, ""VERIFICATION"": 45, ""OBJECTION"": 20, ""AWARD"": 30, ""COMPENSATION"": 30}","{""officers_count"": 2, ""sla_breaches"": 6, ""disputes_count"": 4, ""avg_days_per_stage"": 130.2, ""stage_complexity"": 0.5508}"
a438eb09-05e4-4003-b80c-2247d5a41e05,PROJ-1213,2025-06-30T00:00:00+00:00,945.71,100.51,207,22,151,35,1114474891.03,2535836636.21,"{""SURVEY"": 45, ""VERIFICATION"": 45, ""OBJECTION"": 21, ""AWARD"": 30, ""COMPENSATION"": 30}","{""officers_count"": 2, ""sla_breaches"": 7, ""disputes_count"": 2, ""avg_days_per_stage"": 149.6, ""stage_complexity"": 0.6965}"
c322b26a-5095-4caa-b8cb-add050a05c9f,PROJ-1214,2025-01-01T00:00:00+00:00,645.19,0.0,775,0,773,5,688954960.02,1600193699.15,"{""SURVEY"": 231, ""VERIFICATION"": 231, ""OBJECTION"": 3, ""AWARD"": 154, ""COMPENSATION"": 154}","{""officers_count"": 2, ""sla_breaches"": 9, ""disputes_count"": 5, ""avg_days_per_stage"": 130.3, ""stage_complexity"": 0.6781}"
d0f0c911-1e2c-4055-858a-92e98176a1f1,PROJ-1214,2025-01-16T00:00:00+00:00,645.19,2.5,775,3,767,9,536857448.71,2151174599.36,"{""SURVEY"": 230, ""VERIFICATION"": 230, ""OBJECTION"": 5, ""AWARD"": 153, ""COMPENSATION"": 153}","{""officers_count"": 2, ""sla_breaches"": 8, ""disputes_count"": 6, ""avg_days_per_stage"": 85.7, ""stage_complexity"": 0.6976}"
14edf87a-9b29-4d65-b539-ce7b70d3ed6a,PROJ-1214,2025-01-31T00:00:00+00:00,645.19,5.0,775,6,760,10,832568100.77,2120507856.01,"{""SURVEY"": 228, ""VERIFICATION"": 228, ""OBJECTION"": 6, ""AWARD"": 152, ""COMPENSATION"": 152}","{""officers_count"": 1, ""sla_breaches"": 7, ""disputes_count"": 3, ""avg_days_per_stage"": 72.7, ""stage_complexity"": 0.7127}"
35553453-6cda-4ecb-a45f-5ddb00736247,PROJ-1214,2025-02-15T00:00:00+00:00,645.19,8.33,775,10,755,11,832722753.37,2089916354.47,"{""SURVEY"": 226, ""VERIFICATION"": 226, ""OBJECTION"": 6, ""AWARD"": 151, ""COMPENSATION"": 151}","{""officers_count"": 2, ""sla_breaches"": 8, ""disputes_count"": 5, ""avg_days_per_stage"": 142.5, ""stage_complexity"": 0.7314}"
8e5723e0-d2d6-4eb2-8823-7cec2b4c4411,PROJ-1214,2025-03-02T00:00:00+00:00,645.19,8.33,775,10,754,12,468325074.35,1716632354.05,"{""SURVEY"": 226, ""VERIFICATION"": 226, ""OBJECTION"": 7, ""AWARD"": 150, ""COMPENSATION"": 150}","{""officers_count"": 1, ""sla_breaches"": 10, ""disputes_count"": 6, ""avg_days_per_stage"": 118.9, ""stage_complexity"": 0.7355}"
932c1862-d1e3-4d64-8f92-c5e18b5cb731,PROJ-1214,2025-03-17T00:00:00+00:00,645.19,10.82,775,13,750,16,718661530.29,2157085067.98,"{""SURVEY"": 225, ""VERIFICATION"": 225, ""OBJECTION"": 9, ""AWARD"": 150, ""COMPENSATION"": 150}","{""officers_count"": 2, ""sla_breaches"": 6, ""disputes_count"": 6, ""avg_days_per_stage"": 96.3, ""stage_complexity"": 0.7296}"
0e7345fd-f37e-42d5-85ee-0048b27eee59,PROJ-1214,2025-04-01T00:00:00+00:00,645.19,13.32,775,16,743,18,600606758.68,1901373512.49,"{""SURVEY"": 222, ""VERIFICATION"": 222, ""OBJECTION"": 10, ""AWARD"": 148, ""COMPENSATION"": 148}","{""officers_count"": 1, ""sla_breaches"": 6, ""disputes_count"": 4, ""avg_days_per_stage"": 74.1, ""stage_complexity"": 0.6232}"
6db9aaeb-074c-41f4-b7cf-3898cc3a8a42,PROJ-1214,2025-04-16T00:00:00+00:00,645.19,16.65,775,20,737,22,411296043.05,2226502173.79,"{""SURVEY"": 221, ""VERIFICATION"": 221, ""OBJECTION"": 13, ""AWARD"": 147, ""COMPENSATION"": 147}","{""officers_count"": 1, ""sla_breaches"": 9, ""disputes_count"": 4, ""avg_days_per_stage"": 83.4, ""stage_complexity"": 0.7122}"
5d940262-2c26-41cb-9545-a5d256c977e4,PROJ-1214,2025-05-01T00:00:00+00:00,645.19,16.65,775,20,733,26,488337309.24,2229282325.63,"{""SURVEY"": 219, ""VERIFICATION"": 219, ""OBJECTION"": 15, ""AWARD"": 146, ""COMPENSATION"": 146}","{""officers_count"": 2, ""sla_breaches"": 7, ""disputes_count"": 6, ""avg_days_per_stage"": 144.5, ""stage_complexity"": 0.6488}"
88b44077-a6fd-4f99-a7b0-8961406e74c3,PROJ-1214,2025-05-16T00:00:00+00:00,645.19,19.15,775,23,726,30,818113753.57,1926763361.13,"{""SURVEY"": 217, ""VERIFICATION"": 217, ""OBJECTION"": 18, ""AWARD"": 145, ""COMPENSATION"": 145}","{""officers_count"": 1, ""sla_breaches"": 12, ""disputes_count"": 2, ""avg_days_per_stage"": 108.2, ""stage_complexity"": 0.7323}"
e05fa973-cdd6-42a7-8988-317809397fcb,PROJ-1214,2025-05-31T00:00:00+00:00,645.19,20.81,775,25,720,34,606803373.21,1850513697.04,"{""SURVEY"": 216, ""VERIFICATION"": 216, ""OBJECTION"": 20, ""AWARD"": 144, ""COMPENSATION"": 144}","{""officers_count"": 2, ""sla_breaches"": 11, ""disputes_count"": 4, ""avg_days_per_stage"": 110.9, ""stage_complexity"": 0.5849}"
3f30c3dd-105a-45c5-9473-441c63568b88,PROJ-1214,2025-06-15T00:00:00+00:00,645.19,21.65,775,26,715,37,790654603.79,2165084036.17,"{""SURVEY"": 214, ""VERIFICATION"": 214, ""OBJECTION"": 22, ""AWARD"": 143, ""COMPENSATION"": 143}","{""officers_count"": 1, ""sla_breaches"": 12, ""disputes_count"": 5, ""avg_days_per_stage"": 131.4, ""stage_complexity"": 0.7031}"
32b5e9fc-b57d-4d57-bd98-6b4b0990f895,PROJ-1214,2025-06-30T00:00:00+00:00,645.19,21.65,775,26,712,39,386156008.6,1957068090.1,"{""SURVEY"": 213, ""VERIFICATION"": 213, ""OBJECTION"": 23, ""AWARD"": 142, ""COMPENSATION"": 142}","{""officers_count"": 1, ""sla_breaches"": 9, ""disputes_count"": 2, ""avg_days_per_stage"": 92.6, ""stage_complexity"": 0.5949}"
702a51f1-2187-4191-b7c4-ea98577900ae,PROJ-1214,2025-07-15T00:00:00+00:00,645.19,22.48,775,27,709,40,772664746.01,1747608920.84,"{""SURVEY"": 212, ""VERIFICATION"": 212, ""OBJECTION"": 24, ""AWARD"": 141, ""COMPENSATION"": 141}","{""officers_count"": 2, ""sla_breaches"": 11, ""disputes_count"": 3, ""avg_days_per_stage"": 110.8, ""stage_complexity"": 0.5511}"
4facc2cf-7fcd-458f-97da-8a103fc94f82,PROJ-1214,2025-07-30T00:00:00+00:00,645.19,23.31,775,28,707,44,746876053.58,2252030822.38,"{""SURVEY"": 212, ""VERIFICATION"": 212, ""OBJECTION"": 26, ""AWARD"": 141, ""COMPENSATION"": 141}","{""officers_count"": 1, ""sla_breaches"": 7, ""disputes_count"": 4, ""avg_days_per_stage"": 97.8, ""stage_complexity"": 0.7831}"
37863c4a-fb58-4b66-86be-d4acb0a8fce5,PROJ-1215,2025-01-01T00:00:00+00:00,527.63,4.71,448,4,427,17,294715737.91,861343055.18,"{""SURVEY"": 128, ""VERIFICATION"": 128, ""OBJECTION"": 10, ""AWARD"": 85, ""COMPENSATION"": 85}","{""officers_count"": 5, ""sla_breaches"": 8, ""disputes_count"": 19, ""avg_days_per_stage"": 124.9, ""stage_complexity"": 0.8464}"
26130649-13c4-463c-8edf-87f8019a3fd6,PROJ-1215,2025-01-16T00:00:00+00:00,527.63,9.42,448,8,414,26,213959972.58,755831837.16,"{""SURVEY"": 124, ""VERIFICATION"": 124, ""OBJECTION"": 15, ""AWARD"": 82, ""COMPENSATION"": 82}","{""officers_count"": 4, ""sla_breaches"": 4, ""disputes_count"": 32, ""avg_days_per_stage"": 124.9, ""stage_complexity"": 0.771}"
54bd8f47-86ac-4a60-b9b8-8f1e4c0f048b,PROJ-1215,2025-01-31T00:00:00+00:00,527.63,15.31,448,13,400,35,243478095.42,874759277.52,"{""SURVEY"": 120, ""VERIFICATION"": 120, ""OBJECTION"": 21, ""AWARD"": 80, ""COMPENSATION"": 80}","{""officers_count"": 2, ""sla_breaches"": 5, ""disputes_count"": 38, ""avg_days_per_stage"": 133.5, ""stage_complexity"": 0.8348}"
90e339b4-eeff-46cd-89f8-13c8158d9935,PROJ-1215,2025-02-15T00:00:00+00:00,527.63,18.84,448,16,387,45,194401349.5,785372155.48,"{""SURVEY"": 116, ""VERIFICATION"": 116, ""OBJECTION"": 27, ""AWARD"": 77, ""COMPENSATION"": 77}","{""officers_count"": 2, ""sla_breaches"": 5, ""disputes_count"": 48, ""avg_days_per_stage"": 129.2, ""stage_complexity"": 0.8796}"
ceeecde5-ebf6-4a12-bdb1-d0438ebaa81a,PROJ-1215,2025-03-02T00:00:00+00:00,527.63,24.73,448,21,373,54,163531113.06,970842200.87,"{""SURVEY"": 111, ""VERIFICATION"": 111, ""OBJECTION"": 32, ""AWARD"": 74, ""COMPENSATION"": 74}","{""officers_count"": 4, ""sla_breaches"": 5, ""disputes_count"": 58, ""avg_days_per_stage"": 71.5, ""stage_complexity"": 0.7647}"
d4c929e5-cfa4-49ce-a732-941460a91441,PROJ-1215,2025-03-17T00:00:00+00:00,527.63,27.09,448,23,362,63,298334714.01,721751642.24,"{""SURVEY"": 108, ""VERIFICATION"": 108, ""OBJECTION"": 37, ""AWARD"": 72, ""COMPENSATION"": 72}","{""officers_count"": 5, ""sla_breaches"": 6, ""disputes_count"": 66, ""avg_days_per_stage"": 70.8, ""stage_complexity"": 0.8498}"
963f1def-13cf-446f-b514-db6ff6fca551,PROJ-1216,2025-01-01T00:00:00+00:00,1169.71,56.73,701,34,667,0,0.0,1427256397.24,"{""SURVEY"": 200, ""VERIFICATION"": 200, ""OBJECTION"": 0, ""AWARD"": 133, ""COMPENSATION"": 133}","{""officers_count"": 10, ""sla_breaches"": 2, ""disputes_count"": 0, ""avg_days_per_stage"": 20.3, ""stage_complexity"": 0.2048}"
35bf9d5f-014d-468a-8c69-3112431c0bae,PROJ-1216,2025-01-16T00:00:00+00:00,1169.71,101.79,701,61,640,0,237876066.21,1379681184.0,"{""SURVEY"": 192, ""VERIFICATION"": 192, ""OBJECTION"": 0, ""AWARD"": 128, ""COMPENSATION"": 128}","{""officers_count"": 5, ""sla_breaches"": 2, ""disputes_count"": 0, ""avg_days_per_stage"": 28.3, ""stage_complexity"": 0.4436}"
02a75d5f-c4d0-4330-a74f-ab57d12a64b4,PROJ-1216,2025-01-31T00:00:00+00:00,1169.71,126.82,701,76,625,1,713628198.62,1284530757.52,"{""SURVEY"": 187, ""VERIFICATION"": 187, ""OBJECTION"": 0, ""AWARD"": 125, ""COMPENSATION"": 125}","{""officers_count"": 12, ""sla_breaches"": 0, ""disputes_count"": 2, ""avg_days_per_stage"": 29.7, ""stage_complexity"": 0.4162}"
4c72e1da-2079-4722-8fb3-c618d7fa6b18,PROJ-1216,2025-02-15T00:00:00+00:00,1169.71,156.85,701,94,606,1,1427256397.24,1141805117.79,"{""SURVEY"": 181, ""VERIFICATION"": 181, ""OBJECTION"": 0, ""AWARD"": 121, ""COMPENSATION"": 121}","{""officers_count"": 12, ""sla_breaches"": 1, ""disputes_count"": 0, ""avg_days_per_stage"": 20.8, ""stage_complexity"": 0.3749}"
80cd1b0d-e9f5-4d39-9f83-af92955dddb8,PROJ-1216,2025-03-02T00:00:00+00:00,1169.71,206.91,701,124,576,2,2378760662.07,951504264.83,"{""SURVEY"": 172, ""VERIFICATION"": 172, ""OBJECTION"": 1, ""AWARD"": 115, ""COMPENSATION"": 115}","{""officers_count"": 6, ""sla_breaches"": 0, ""disputes_count"": 0, ""avg_days_per_stage"": 20.7, ""stage_complexity"": 0.3526}"
8ab71414-90df-4bdb-9f07-b011d75cc2c5,PROJ-1217,2025-01-01T00:00:00+00:00,447.68,24.42,165,9,150,6,609848193.52,801473766.31,"{""SURVEY"": 45, ""VERIFICATION"": 45, ""OBJECTION"": 3, ""AWARD"": 30, ""COMPENSATION"": 30}","{""officers_count"": 5, ""sla_breaches"": 4, ""disputes_count"": 2, ""avg_days_per_stage"": 64.3, ""stage_complexity"": 0.6362}"
0c23d9fd-48bd-41f9-adc2-8f556968f5bd,PROJ-1217,2025-01-16T00:00:00+00:00,447.68,65.12,165,24,135,6,975866567.55,789138961.82,"{""SURVEY"": 40, ""VERIFICATION"": 40, ""OBJECTION"": 3, ""AWARD"": 27, ""COMPENSATION"": 27}","{""officers_count"": 6, ""sla_breaches"": 2, ""disputes_count"": 4, ""avg_days_per_stage"": 37.5, ""stage_complexity"": 0.4765}"
d9e34cea-5aae-4845-a5ee-25345444e77a,PROJ-1217,2025-01-31T00:00:00+00:00,447.68,81.4,165,30,128,7,532472303.54,1251885636.92,"{""SURVEY"": 38, ""VERIFICATION"": 38, ""OBJECTION"": 4, ""AWARD"": 25, ""COMPENSATION"": 25}","{""officers_count"": 5, ""sla_breaches"": 4, ""disputes_count"": 5, ""avg_days_per_stage"": 58.0, ""stage_complexity"": 0.6201}"
ad86292a-0e44-4c8e-8c7e-a105aa84431d,PROJ-1217,2025-02-15T00:00:00+00:00,447.68,97.68,165,36,122,7,583432609.24,1213593758.98,"{""SURVEY"": 36, ""VERIFICATION"": 36, ""OBJECTION"": 4, ""AWARD"": 24, ""COMPENSATION"": 24}","{""officers_count"": 5, ""sla_breaches"": 5, ""disputes_count"": 3, ""avg_days_per_stage"": 56.0, ""stage_complexity"": 0.4662}"
52e96f05-6d72-4c65-883a-3cc366cf80fd,PROJ-1217,2025-03-02T00:00:00+00:00,447.68,124.81,165,46,109,10,493958654.2,868617210.11,"{""SURVEY"": 32, ""VERIFICATION"": 32, ""OBJECTION"": 6, ""AWARD"": 21, ""COMPENSATION"": 21}","{""officers_count"": 5, ""sla_breaches"": 5, ""disputes_count"": 7, ""avg_days_per_stage"": 58.5, ""stage_complexity"": 0.4108}"
a016528a-925d-4bb3-92b3-a1005391b3a5,PROJ-1218,2025-01-01T00:00:00+00:00,665.27,0.0,175,0,172,7,555646957.69,1980010318.77,"{""SURVEY"": 51, ""VERIFICATION"": 51, ""OBJECTION"": 4, ""AWARD"": 34, ""COMPENSATION"": 34}","{""officers_count"": 1, ""sla_breaches"": 6, ""disputes_count"": 2, ""avg_days_per_stage"": 131.5, ""stage_complexity"": 0.7248}"
8bc04c40-5637-4d73-8885-339c781c8a2a,PROJ-1218,2025-01-16T00:00:00+00:00,665.27,3.8,175,1,167,10,542658238.52,2180787277.71,"{""SURVEY"": 50, ""VERIFICATION"": 50, ""OBJECTION"": 6, ""AWARD"": 33, ""COMPENSATION"": 33}","{""officers_count"": 2, ""sla_breaches"": 7, ""disputes_count"": 4, ""avg_days_per_stage"": 84.1, ""stage_complexity"": 0.6701}"
baa3d0e4-c65f-4e9d-b557-25b23ab6a569,PROJ-1218,2025-01-31T00:00:00+00:00,665.27,3.8,175,1,164,14,927218613.55,2248071046.76,"{""SURVEY"": 49, ""VERIFICATION"": 49, ""OBJECTION"": 8, ""AWARD"": 32, ""COMPENSATION"": 32}","{""officers_count"": 1, ""sla_breaches"": 6, ""disputes_count"": 6, ""avg_days_per_stage"": 101.9, ""stage_complexity"": 0.6293}"
3eb89e74-bd75-40d8-b0dd-370c6a81599f,PROJ-1218,2025-02-15T00:00:00+00:00,665.27,15.21,175,4,157,18,804658989.8,2250632159.86,"{""SURVEY"": 47, ""VERIFICATION"": 47, ""OBJECTION"": 10, ""AWARD"": 31, ""COMPENSATION"": 31}","{""officers_count"": 1, ""sla_breaches"": 9, ""disputes_count"": 5, ""avg_days_per_stage"": 150.0, ""stage_complexity"": 0.6033}"
a5ee298d-d6b0-4419-9ff0-0cf4a7969cbf,PROJ-1219,2025-01-01T00:00:00+00:00,560.58,54.31,320,31,286,4,0.0,532734625.09,"{""SURVEY"": 85, ""VERIFICATION"": 85, ""OBJECTION"": 2, ""AWARD"": 57, ""COMPENSATION"": 57}","{""officers_count"": 5, ""sla_breaches"": 2, ""disputes_count"": 2, ""avg_days_per_stage"": 30.2, ""stage_complexity"": 0.3432}"
dd9acace-989b-4642-a269-65c848176ffb,PROJ-1219,2025-01-16T00:00:00+00:00,560.58,87.59,320,50,266,3,88789104.18,514976804.25,"{""SURVEY"": 79, ""VERIFICATION"": 79, ""OBJECTION"": 1, ""AWARD"": 53, ""COMPENSATION"": 53}","{""officers_count"": 9, ""sla_breaches"": 2, ""disputes_count"": 0, ""avg_days_per_stage"": 23.4, ""stage_complexity"": 0.3484}"
18229451-ad71-4963-a590-0ec5e56cd8a0,PROJ-1219,2025-01-31T00:00:00+00:00,560.58,117.37,320,67,250,2,266367312.54,479461162.58,"{""SURVEY"": 75, ""VERIFICATION"": 75, ""OBJECTION"": 1, ""AWARD"": 50, ""COMPENSATION"": 50}","{""officers_count"": 6, ""sla_breaches"": 2, ""disputes_count"": 0, ""avg_days_per_stage"": 24.6, ""stage_complexity"": 0.4108}"
35d1e0f8-455f-44ff-bf33-589afa502dc2,PROJ-1219,2025-02-15T00:00:00+00:00,560.58,148.9,320,85,233,3,532734625.09,426187700.07,"{""SURVEY"": 69, ""VERIFICATION"": 69, ""OBJECTION"": 1, ""AWARD"": 46, ""COMPENSATION"": 46}","{""officers_count"": 8, ""sla_breaches"": 1, ""disputes_count"": 2, ""avg_days_per_stage"": 26.1, ""stage_complexity"": 0.3366}"
0a60d305-d543-4d24-aaeb-9c65e95ccc39,PROJ-1219,2025-03-02T00:00:00+00:00,560.58,203.21,320,116,201,2,887891041.81,355156416.72,"{""SURVEY"": 60, ""VERIFICATION"": 60, ""OBJECTION"": 1, ""AWARD"": 40, ""COMPENSATION"": 40}","{""officers_count"": 6, ""sla_breaches"": 2, ""disputes_count"": 0, ""avg_days_per_stage"": 18.0, ""stage_complexity"": 0.3915}"
b7fa558e-2e92-46d2-9c9f-5ce5c4eb46ac,PROJ-1219,2025-03-17T00:00:00+00:00,560.58,254.01,320,145,173,2,1331836562.71,266367312.54,"{""SURVEY"": 51, ""VERIFICATION"": 51, ""OBJECTION"": 1, ""AWARD"": 34, ""COMPENSATION"": 34}","{""officers_count"": 11, ""sla_breaches"": 0, ""disputes_count"": 0, ""avg_days_per_stage"": 31.9, ""stage_complexity"": 0.2801}"
3f0ac1ed-4023-407b-98cc-b6c52061376a,PROJ-1220,2025-01-01T00:00:00+00:00,619.0,85.58,217,30,185,0,0.0,475968445.89,"{""SURVEY"": 55, ""VERIFICATION"": 55, ""OBJECTION"": 0, ""AWARD"": 37, ""COMPENSATION"": 37}","{""officers_count"": 5, ""sla_breaches"": 0, ""disputes_count"": 1, ""avg_days_per_stage"": 30.9, ""stage_complexity"": 0.2613}"
02bff5ca-c193-4f17-ab65-d81b038f3c2c,PROJ-1220,2025-01-16T00:00:00+00:00,619.0,159.74,217,56,161,0,79328074.32,460102831.03,"{""SURVEY"": 48, ""VERIFICATION"": 48, ""OBJECTION"": 0, ""AWARD"": 32, ""COMPENSATION"": 32}","{""officers_count"": 8, ""sla_breaches"": 0, ""disputes_count"": 1, ""avg_days_per_stage"": 22.5, ""stage_complexity"": 0.2963}"
62f1f883-44f9-4f50-9929-5fe8505c6043,PROJ-1220,2025-01-31T00:00:00+00:00,619.0,242.47,217,85,132,0,237984222.95,428371601.31,"{""SURVEY"": 39, ""VERIFICATION"": 39, ""OBJECTION"": 0, ""AWARD"": 26, ""COMPENSATION"": 26}","{""officers_count"": 11, ""sla_breaches"": 2, ""disputes_count"": 1, ""avg_days_per_stage"": 19.5, ""stage_complexity"": 0.2305}"
2d7daad4-1f03-432e-8b5c-ef072dcff80b,PROJ-1220,2025-02-15T00:00:00+00:00,619.0,339.45,217,119,98,0,475968445.89,380774756.72,"{""SURVEY"": 29, ""VERIFICATION"": 29, ""OBJECTION"": 0, ""AWARD"": 19, ""COMPENSATION"": 19}","{""officers_count"": 12, ""sla_breaches"": 2, ""disputes_count"": 0, ""avg_days_per_stage"": 25.1, ""stage_complexity"": 0.376}"
46e30d5b-19ad-41dc-90d5-cfb51a9ba781,PROJ-1220,2025-03-02T00:00:00+00:00,619.0,427.88,217,150,67,1,793280743.16,317312297.26,"{""SURVEY"": 20, ""VERIFICATION"": 20, ""OBJECTION"": 0, ""AWARD"": 13, ""COMPENSATION"": 13}","{""officers_count"": 12, ""sla_breaches"": 2, ""disputes_count"": 2, ""avg_days_per_stage"": 29.6, ""stage_complexity"": 0.4347}"
c11598c9-7707-46ae-b023-6c9a3ef4e061,PROJ-1221,2025-01-01T00:00:00+00:00,1188.21,8.79,676,5,665,6,1081626539.76,3055174807.81,"{""SURVEY"": 199, ""VERIFICATION"": 199, ""OBJECTION"": 3, ""AWARD"": 133, ""COMPENSATION"": 133}","{""officers_count"": 3, ""sla_breaches"": 5, ""disputes_count"": 7, ""avg_days_per_stage"": 61.6, ""stage_complexity"": 0.6801}"
6a4017ad-d543-4ed4-9420-33ef45ef93df,PROJ-1221,2025-01-16T00:00:00+00:00,1188.21,33.4,676,19,651,6,1596327311.97,2834319761.23,"{""SURVEY"": 195, ""VERIFICATION"": 195, ""OBJECTION"": 3, ""AWARD"": 130, ""COMPENSATION"": 130}","{""officers_count"": 4, ""sla_breaches"": 4, ""disputes_count"": 3, ""avg_days_per_stage"": 57.4, ""stage_complexity"": 0.5653}"
f497e5ea-e7a3-4e25-ac25-c48981df33e3,PROJ-1221,2025-01-31T00:00:00+00:00,1188.21,56.25,676,32,636,8,2253714715.6,2655765888.04,"{""SURVEY"": 190, ""VERIFICATION"": 190, ""OBJECTION"": 4, ""AWARD"": 127, ""COMPENSATION"": 127}","{""officers_count"": 6, ""sla_breaches"": 5, ""disputes_count"": 2, ""avg_days_per_stage"": 64.9, ""stage_complexity"": 0.6734}"
6bd92b5d-8634-4155-8fdd-75a386308f7a,PROJ-1221,2025-02-15T00:00:00+00:00,1188.21,79.1,676,45,620,11,2484353428.84,1980533882.14,"{""SURVEY"": 186, ""VERIFICATION"": 186, ""OBJECTION"": 6, ""AWARD"": 124, ""COMPENSATION"": 124}","{""officers_count"": 5, ""sla_breaches"": 2, ""disputes_count"": 4, ""avg_days_per_stage"": 42.5, ""stage_complexity"": 0.5949}"
2c65a9a1-2635-48d6-87f0-d8ad2b5e9d6a,PROJ-1221,2025-03-02T00:00:00+00:00,1188.21,100.19,676,57,605,14,1653689923.03,2634747235.46,"{""SURVEY"": 181, ""VERIFICATION"": 181, ""OBJECTION"": 8, ""AWARD"": 121, ""COMPENSATION"": 121}","{""officers_count"": 5, ""sla_breaches"": 3, ""disputes_count"": 2, ""avg_days_per_stage"": 45.5, ""stage_complexity"": 0.5027}"
eeb5f9c6-c148-4336-9847-2566c14077bb,PROJ-1221,2025-03-17T00:00:00+00:00,1188.21,116.01,676,66,595,15,1946929684.8,2817358086.54,"{""SURVEY"": 178, ""VERIFICATION"": 178, ""OBJECTION"": 9, ""AWARD"": 119, ""COMPENSATION"": 119}","{""officers_count"": 3, ""sla_breaches"": 5, ""disputes_count"": 4, ""avg_days_per_stage"": 55.5, ""stage_complexity"": 0.4949}"
03f958e4-d443-41f8-8563-502241f38725,PROJ-1221,2025-04-01T00:00:00+00:00,1188.21,133.59,676,76,586,14,2461105872.75,1724448729.08,"{""SURVEY"": 175, ""VERIFICATION"": 175, ""OBJECTION"": 8, ""AWARD"": 117, ""COMPENSATION"": 117}","{""officers_count"": 5, ""sla_breaches"": 2, ""disputes_count"": 5, ""avg_days_per_stage"": 60.3, ""stage_complexity"": 0.5161}"
736ea268-c50f-44cf-bddf-977c18243716,PROJ-1221,2025-04-16T00:00:00+00:00,1188.21,142.37,676,81,578,17,1947236355.07,2476390081.53,"{""SURVEY"": 173, ""VERIFICATION"": 173, ""OBJECTION"": 10, ""AWARD"": 115, ""COMPENSATION"": 115}","{""officers_count"": 4, ""sla_breaches"": 3, ""disputes_count"": 4, ""avg_days_per_stage"": 58.5, ""stage_complexity"": 0.6302}"
ecacc163-75e9-4dbb-a01e-690541830363,PROJ-1221,2025-05-01T00:00:00+00:00,1188.21,165.22,676,94,564,18,2396208247.94,3064858591.05,"{""SURVEY"": 169, ""VERIFICATION"": 169, ""OBJECTION"": 10, ""AWARD"": 112, ""COMPENSATION"": 112}","{""officers_count"": 4, ""sla_breaches"": 2, ""disputes_count"": 2, ""avg_days_per_stage"": 55.5, ""stage_complexity"": 0.588}"
4ca4fabb-a609-4c62-8fff-8a42c3ebf4fd,PROJ-1221,2025-05-16T00:00:00+00:00,1188.21,181.04,676,103,556,17,2084314665.12,2940039597.93,"{""SURVEY"": 166, ""VERIFICATION"": 166, ""OBJECTION"": 10, ""AWARD"": 111, ""COMPENSATION"": 111}","{""officers_count"": 4, ""sla_breaches"": 2, ""disputes_count"": 7, ""avg_days_per_stage"": 50.8, ""stage_complexity"": 0.6078}"
3dc97bf2-0df6-41e7-8672-8b2aa84a6b09,PROJ-1221,2025-05-31T00:00:00+00:00,1188.21,203.89,676,116,543,17,1538895889.42,2115346338.29,"{""SURVEY"": 162, ""VERIFICATION"": 162, ""OBJECTION"": 10, ""AWARD"": 108, ""COMPENSATION"": 108}","{""officers_count"": 3, ""sla_breaches"": 2, ""disputes_count"": 5, ""avg_days_per_stage"": 40.9, ""stage_complexity"": 0.6937}"
f4d4560f-3887-4cd0-9402-34dfc01750a0,PROJ-1221,2025-06-15T00:00:00+00:00,1188.21,217.96,676,124,533,19,2195287774.77,2301460526.8,"{""SURVEY"": 159, ""VERIFICATION"": 159, ""OBJECTION"": 11, ""AWARD"": 106, ""COMPENSATION"": 106}","{""officers_count"": 4, ""sla_breaches"": 4, ""disputes_count"": 5, ""avg_days_per_stage"": 47.4, ""stage_complexity"": 0.4572}"
91636306-de00-4ce0-b24b-a18733bd0387,PROJ-1221,2025-06-30T00:00:00+00:00,1188.21,242.56,676,138,520,18,1610942998.59,2206182850.84,"{""SURVEY"": 156, ""VERIFICATION"": 156, ""OBJECTION"": 10, ""AWARD"": 104, ""COMPENSATION"": 104}","{""officers_count"": 3, ""sla_breaches"": 2, ""disputes_count"": 5, ""avg_days_per_stage"": 52.1, ""stage_complexity"": 0.6257}"
e01c2f0d-b21c-4692-a881-2a1b108b124b,PROJ-1222,2025-01-01T00:00:00+00:00,1006.22,5.61,538,3,533,5,671744105.12,2341306888.15,"{""SURVEY"": 159, ""VERIFICATION"": 159, ""OBJECTION"": 3, ""AWARD"": 106, ""COMPENSATION"": 106}","{""officers_count"": 1, ""sla_breaches"": 11, ""disputes_count"": 2, ""avg_days_per_stage"": 71.6, ""stage_complexity"": 0.6101}"
c35b438e-972f-4800-b601-7e62da5c4a2a,PROJ-1222,2025-01-16T00:00:00+00:00,1006.22,13.09,538,7,526,9,995289672.92,2022852882.97,"{""SURVEY"": 157, ""VERIFICATION"": 157, ""OBJECTION"": 5, ""AWARD"": 105, ""COMPENSATION"": 105}","{""officers_count"": 1, ""sla_breaches"": 9, ""disputes_count"": 6, ""avg_days_per_stage"": 114.3, ""stage_complexity"": 0.7766}"
4f8e4dc0-12ae-4f5d-a20e-bec5aaf9e63a,PROJ-1222,2025-01-31T00:00:00+00:00,1006.22,18.7,538,10,519,10,717289486.14,2186529219.16,"{""SURVEY"": 155, ""VERIFICATION"": 155, ""OBJECTION"": 6, ""AWARD"": 103, ""COMPENSATION"": 103}","{""officers_count"": 1, ""sla_breaches"": 8, ""disputes_count"": 3, ""avg_days_per_stage"": 148.3, ""stage_complexity"": 0.7576}"
c8b77154-3483-473f-a1c6-1c04e563bc36,PROJ-1222,2025-02-15T00:00:00+00:00,1006.22,26.18,538,14,514,13,829986152.79,1878119837.0,"{""SURVEY"": 154, ""VERIFICATION"": 154, ""OBJECTION"": 7, ""AWARD"": 102, ""COMPENSATION"": 102}","{""officers_count"": 2, ""sla_breaches"": 10, ""disputes_count"": 6, ""avg_days_per_stage"": 96.1, ""stage_complexity"": 0.7372}"
d036a6f3-3c81-44fc-8201-7ece3a0c092f,PROJ-1223,2025-01-01T00:00:00+00:00,1169.55,34.35,681,20,660,1,0.0,1710105250.6,"{""SURVEY"": 198, ""VERIFICATION"": 198, ""OBJECTION"": 0, ""AWARD"": 132, ""COMPENSATION"": 132}","{""officers_count"": 12, ""sla_breaches"": 0, ""disputes_count"": 1, ""avg_days_per_stage"": 18.4, ""stage_complexity"": 0.4147}"
21396568-61b7-43f5-82a9-5a39da97481f,PROJ-1223,2025-01-16T00:00:00+00:00,1169.55,66.98,681,39,641,0,285017541.77,1653101742.25,"{""SURVEY"": 192, ""VERIFICATION"": 192, ""OBJECTION"": 0, ""AWARD"": 128, ""COMPENSATION"": 128}","{""officers_count"": 6, ""sla_breaches"": 0, ""disputes_count"": 0, ""avg_days_per_stage"": 17.9, ""stage_complexity"": 0.4478}"
9f8ecf51-3bfa-43ab-b451-d55eaa1bb945,PROJ-1223,2025-01-31T00:00:00+00:00,1169.55,97.89,681,57,624,0,855052625.3,1539094725.54,"{""SURVEY"": 187, ""VERIFICATION"": 187, ""OBJECTION"": 0, ""AWARD"": 124, ""COMPENSATION"": 124}","{""officers_count"": 5, ""sla_breaches"": 2, ""disputes_count"": 1, ""avg_days_per_stage"": 27.7, ""stage_complexity"": 0.3319}"
db64c0b6-45cf-435f-a285-c08d80aa466b,PROJ-1223,2025-02-15T00:00:00+00:00,1169.55,133.96,681,78,603,1,1710105250.6,1368084200.48,"{""SURVEY"": 180, ""VERIFICATION"": 180, ""OBJECTION"": 0, ""AWARD"": 120, ""COMPENSATION"": 120}","{""officers_count"": 9, ""sla_breaches"": 0, ""disputes_count"": 0, ""avg_days_per_stage"": 33.9, ""stage_complexity"": 0.4499}"
62d464c7-e7f2-4a7e-a68d-083316cbb653,PROJ-1223,2025-03-02T00:00:00+00:00,1169.55,182.04,681,106,574,0,2850175417.67,1140070167.07,"{""SURVEY"": 172, ""VERIFICATION"": 172, ""OBJECTION"": 0, ""AWARD"": 114, ""COMPENSATION"": 114}","{""officers_count"": 7, ""sla_breaches"": 0, ""disputes_count"": 0, ""avg_days_per_stage"": 18.9, ""stage_complexity"": 0.292}"
8a047a81-f743-4e8b-8643-6081372b9430,PROJ-1223,2025-03-17T00:00:00+00:00,1169.55,209.52,681,122,559,1,4275263126.5,855052625.3,"{""SURVEY"": 167, ""VERIFICATION"": 167, ""OBJECTION"": 0, ""AWARD"": 111, ""COMPENSATION"": 111}","{""officers_count"": 10, ""sla_breaches"": 0, ""disputes_count"": 0, ""avg_days_per_stage"": 33.1, ""stage_complexity"": 0.3004}"
ac49b318-0c38-4a3c-b1b1-68160167e8ec,PROJ-1223,2025-04-01T00:00:00+00:00,1169.55,269.63,681,157,523,1,5700350835.33,570035083.53,"{""SURVEY"": 156, ""VERIFICATION"": 156, ""OBJECTION"": 0, ""AWARD"": 104, ""COMPENSATION"": 104}","{""officers_count"": 9, ""sla_breaches"": 2, ""disputes_count"": 1, ""avg_days_per_stage"": 26.2, ""stage_complexity"": 0.2397}"
e980b79a-0582-471a-88f4-c98993b63318,PROJ-1223,2025-04-16T00:00:00+00:00,1169.55,317.72,681,185,495,0,5700350835.33,570035083.53,"{""SURVEY"": 148, ""VERIFICATION"": 148, ""OBJECTION"": 0, ""AWARD"": 99, ""COMPENSATION"": 99}","{""officers_count"": 9, ""sla_breaches"": 1, ""disputes_count"": 2, ""avg_days_per_stage"": 20.8, ""stage_complexity"": 0.3789}"
45d55ae7-92c1-442b-afe9-cf0d192322fb,PROJ-1223,2025-05-01T00:00:00+00:00,1169.55,343.48,681,200,481,0,5700350835.33,570035083.53,"{""SURVEY"": 144, ""VERIFICATION"": 144, ""OBJECTION"": 0, ""AWARD"": 96, ""COMPENSATION"": 96}","{""officers_count"": 11, ""sla_breaches"": 2, ""disputes_count"": 0, ""avg_days_per_stage"": 31.8, ""stage_complexity"": 0.2828}"
ee3cf158-a278-4994-a295-4f70974999bd,PROJ-1223,2025-05-16T00:00:00+00:00,1169.55,376.11,681,219,462,0,5700350835.33,570035083.53,"{""SURVEY"": 138, ""VERIFICATION"": 138, ""OBJECTION"": 0, ""AWARD"": 92, ""COMPENSATION"": 92}","{""officers_count"": 11, ""sla_breaches"": 0, ""disputes_count"": 0, ""avg_days_per_stage"": 27.8, ""stage_complexity"": 0.4097}"
3e985d66-8b00-4dee-aa31-347f927dee20,PROJ-1223,2025-05-31T00:00:00+00:00,1169.55,396.72,681,231,450,0,5700350835.33,570035083.53,"{""SURVEY"": 135, ""VERIFICATION"": 135, ""OBJECTION"": 0, ""AWARD"": 90, ""COMPENSATION"": 90}","{""officers_count"": 8, ""sla_breaches"": 0, ""disputes_count"": 3, ""avg_days_per_stage"": 31.3, ""stage_complexity"": 0.2557}"
09aeaa7e-12fb-400e-841f-7907b7c361cd,PROJ-1223,2025-06-15T00:00:00+00:00,1169.55,419.05,681,244,437,1,5700350835.33,570035083.53,"{""SURVEY"": 131, ""VERIFICATION"": 131, ""OBJECTION"": 0, ""AWARD"": 87, ""COMPENSATION"": 87}","{""officers_count"": 6, ""sla_breaches"": 1, ""disputes_count"": 2, ""avg_days_per_stage"": 34.5, ""stage_complexity"": 0.2386}"
003a477f-bed5-4646-83c0-d14daa5fec6d,PROJ-1223,2025-06-30T00:00:00+00:00,1169.55,468.85,681,273,407,1,5700350835.33,570035083.53,"{""SURVEY"": 122, ""VERIFICATION"": 122, ""OBJECTION"": 0, ""AWARD"": 81, ""COMPENSATION"": 81}","{""officers_count"": 12, ""sla_breaches"": 2, ""disputes_count"": 1, ""avg_days_per_stage"": 17.9, ""stage_complexity"": 0.2399}"
e0c66afa-e73b-41b9-9ecf-6ec04455e01a,PROJ-1224,2025-01-01T00:00:00+00:00,1096.25,0.0,241,0,239,4,1251595215.78,3939884185.89,"{""SURVEY"": 71, ""VERIFICATION"": 71, ""OBJECTION"": 2, ""AWARD"": 47, ""COMPENSATION"": 47}","{""officers_count"": 2, ""sla_breaches"": 6, ""disputes_count"": 3, ""avg_days_per_stage"": 139.0, ""stage_complexity"": 0.6366}"
6ac19984-b729-4681-8791-8b6b87c2c83f,PROJ-1224,2025-01-16T00:00:00+00:00,1096.25,9.1,241,2,235,8,1191056653.27,3739910420.83,"{""SURVEY"": 70, ""VERIFICATION"": 70, ""OBJECTION"": 4, ""AWARD"": 47, ""COMPENSATION"": 47}","{""officers_count"": 2, ""sla_breaches"": 8, ""disputes_count"": 6, ""avg_days_per_stage"": 104.6, ""stage_complexity"": 0.7053}"
edb3fb90-c787-46f9-9f0e-532f70625ebc,PROJ-1224,2025-01-31T00:00:00+00:00,1096.25,18.2,241,4,229,11,703390386.07,2948761363.3,"{""SURVEY"": 68, ""VERIFICATION"": 68, ""OBJECTION"": 6, ""AWARD"": 45, ""COMPENSATION"": 45}","{""officers_count"": 1, ""sla_breaches"": 11, ""disputes_count"": 4, ""avg_days_per_stage"": 124.1, ""stage_complexity"": 0.5654}"
68a8b738-9579-4462-a714-ac6051d46c6c,PROJ-1224,2025-02-15T00:00:00+00:00,1096.25,22.74,241,5,225,12,762357280.84,3277485226.78,"{""SURVEY"": 67, ""VERIFICATION"": 67, ""OBJECTION"": 7, ""AWARD"": 45, ""COMPENSATION"": 45}","{""officers_count"": 2, ""sla_breaches"": 12, ""disputes_count"": 5, ""avg_days_per_stage"": 91.9, ""stage_complexity"": 0.7814}"
83081a45-700c-456f-84a1-2f4ecb7308f2,PROJ-1224,2025-03-02T00:00:00+00:00,1096.25,27.29,241,6,223,13,833972838.25,3435402287.92,"{""SURVEY"": 66, ""VERIFICATION"": 66, ""OBJECTION"": 7, ""AWARD"": 44, ""COMPENSATION"": 44}","{""officers_count"": 1, ""sla_breaches"": 6, ""disputes_count"": 3, ""avg_days_per_stage"": 144.0, ""stage_complexity"": 0.6658}"
270943b3-8514-4256-99fd-eb12e473dd7e,PROJ-1225,2025-01-01T00:00:00+00:00,161.26,6.68,193,8,175,10,55827928.9,689296725.64,"{""SURVEY"": 52, ""VERIFICATION"": 52, ""OBJECTION"": 6, ""AWARD"": 35, ""COMPENSATION"": 35}","{""officers_count"": 3, ""sla_breaches"": 5, ""disputes_count"": 5, ""avg_days_per_stage"": 100.3, ""stage_complexity"": 0.8331}"
d240f7a9-9d72-4a37-9eb4-232e7113f5f0,PROJ-1225,2025-01-16T00:00:00+00:00,161.26,10.86,193,13,165,15,167406320.39,580904327.45,"{""SURVEY"": 49, ""VERIFICATION"": 49, ""OBJECTION"": 9, ""AWARD"": 33, ""COMPENSATION"": 33}","{""officers_count"": 6, ""sla_breaches"": 7, ""disputes_count"": 3, ""avg_days_per_stage"": 96.2, ""stage_complexity"": 0.7408}"
f3d8b3f4-d4d0-4b6d-a7a6-c272a0fedb08,PROJ-1225,2025-01-31T00:00:00+00:00,161.26,15.88,193,19,156,18,43354282.73,511026419.1,"{""SURVEY"": 46, ""VERIFICATION"": 46, ""OBJECTION"": 10, ""AWARD"": 31, ""COMPENSATION"": 31}","{""officers_count"": 6, ""sla_breaches"": 10, ""disputes_count"": 4, ""avg_days_per_stage"": 65.1, ""stage_complexity"": 0.7814}"
c765854f-6617-4b37-9613-c9d66b002953,PROJ-1225,2025-02-15T00:00:00+00:00,161.26,17.55,193,21,148,24,68376162.58,536304694.5,"{""SURVEY"": 44, ""VERIFICATION"": 44, ""OBJECTION"": 14, ""AWARD"": 29, ""COMPENSATION"": 29}","{""officers_count"": 5, ""sla_breaches"": 6, ""disputes_count"": 5, ""avg_days_per_stage"": 63.6, ""stage_complexity"": 0.7301}"
14b10ca2-e82a-4319-8d31-3db01491c338,PROJ-1226,2025-01-01T00:00:00+00:00,254.18,0.51,501,1,498,6,174843615.74,630136883.18,"{""SURVEY"": 149, ""VERIFICATION"": 149, ""OBJECTION"": 3, ""AWARD"": 99, ""COMPENSATION"": 99}","{""officers_count"": 2, ""sla_breaches"": 8, ""disputes_count"": 3, ""avg_days_per_stage"": 140.5, ""stage_complexity"": 0.6925}"
05b58d96-0ad2-492b-b461-002ac4f2ebcb,PROJ-1226,2025-01-16T00:00:00+00:00,254.18,2.03,501,4,491,9,124943056.29,871169016.3,"{""SURVEY"": 147, ""VERIFICATION"": 147, ""OBJECTION"": 5, ""AWARD"": 98, ""COMPENSATION"": 98}","{""officers_count"": 2, ""sla_breaches"": 7, ""disputes_count"": 3, ""avg_days_per_stage"": 75.8, ""stage_complexity"": 0.8}"
07c9270b-7d10-41e1-95c9-f192cebdd12e,PROJ-1226,2025-01-31T00:00:00+00:00,254.18,2.54,501,5,487,13,167279535.79,876304854.66,"{""SURVEY"": 146, ""VERIFICATION"": 146, ""OBJECTION"": 7, ""AWARD"": 97, ""COMPENSATION"": 97}","{""officers_count"": 2, ""sla_breaches"": 12, ""disputes_count"": 3, ""avg_days_per_stage"": 121.3, ""stage_complexity"": 0.6124}"
96eb9a70-abd3-416f-9c7d-bb23333a32df,PROJ-1226,2025-02-15T00:00:00+00:00,254.18,3.55,501,7,481,14,278624123.01,618014000.6,"{""SURVEY"": 144, ""VERIFICATION"": 144, ""OBJECTION"": 8, ""AWARD"": 96, ""COMPENSATION"": 96}","{""officers_count"": 2, ""sla_breaches"": 7, ""disputes_count"": 6, ""avg_days_per_stage"": 94.8, ""stage_complexity"": 0.7385}"
1595ebdb-27bb-4bc3-a87c-f2dd3eca6945,PROJ-1226,2025-03-02T00:00:00+00:00,254.18,4.57,501,9,478,18,340375358.23,683139928.22,"{""SURVEY"": 143, ""VERIFICATION"": 143, ""OBJECTION"": 10, ""AWARD"": 95, ""COMPENSATION"": 95}","{""officers_count"": 2, ""sla_breaches"": 12, ""disputes_count"": 6, ""avg_days_per_stage"": 98.0, ""stage_complexity"": 0.5938}"
a5b872f9-0b43-4b3c-b64b-14f1eb39c41c,PROJ-1226,2025-03-17T00:00:00+00:00,254.18,6.09,501,12,471,19,205971425.27,792379046.72,"{""SURVEY"": 141, ""VERIFICATION"": 141, ""OBJECTION"": 11, ""AWARD"": 94, ""COMPENSATION"": 94}","{""officers_count"": 2, ""sla_breaches"": 7, ""disputes_count"": 5, ""avg_days_per_stage"": 100.5, ""stage_complexity"": 0.6943}"
7dbefa1e-471f-4857-8d2c-76427bce2057,PROJ-1227,2025-01-01T00:00:00+00:00,320.89,41.67,231,30,198,4,0.0,574107266.21,"{""SURVEY"": 59, ""VERIFICATION"": 59, ""OBJECTION"": 2, ""AWARD"": 39, ""COMPENSATION"": 39}","{""officers_count"": 5, ""sla_breaches"": 0, ""disputes_count"": 0, ""avg_days_per_stage"": 20.5, ""stage_complexity"": 0.4273}"
7c116846-bb3e-4f57-921c-23af9d69281f,PROJ-1227,2025-01-16T00:00:00+00:00,320.89,73.62,231,53,174,4,95684544.37,554970357.34,"{""SURVEY"": 52, ""VERIFICATION"": 52, ""OBJECTION"": 2, ""AWARD"": 34, ""COMPENSATION"": 34}","{""officers_count"": 6, ""sla_breaches"": 2, ""disputes_count"": 2, ""avg_days_per_stage"": 25.7, ""stage_complexity"": 0.3109}"
5fbeefa6-9423-40df-9d42-2606eaa2121f,PROJ-1227,2025-01-31T00:00:00+00:00,320.89,94.46,231,68,159,3,287053633.1,516696539.59,"{""SURVEY"": 47, ""VERIFICATION"": 47, ""OBJECTION"": 1, ""AWARD"": 31, ""COMPENSATION"": 31}","{""officers_count"": 11, ""sla_breaches"": 2, ""disputes_count"": 2, ""avg_days_per_stage"": 35.0, ""stage_complexity"": 0.4418}"
54f003d3-6dec-40a1-a522-a5f730d1f589,PROJ-1227,2025-02-15T00:00:00+00:00,320.89,108.35,231,78,150,1,574107266.21,459285812.97,"{""SURVEY"": 45, ""VERIFICATION"": 45, ""OBJECTION"": 0, ""AWARD"": 30, ""COMPENSATION"": 30}","{""officers_count"": 6, ""sla_breaches"": 1, ""disputes_count"": 2, ""avg_days_per_stage"": 26.9, ""stage_complexity"": 0.378}"
2b3847d8-c1a7-4816-ad2d-5e6043fc2643,PROJ-1227,2025-03-02T00:00:00+00:00,320.89,127.8,231,92,138,1,956845443.68,382738177.47,"{""SURVEY"": 41, ""VERIFICATION"": 41, ""OBJECTION"": 0, ""AWARD"": 27, ""COMPENSATION"": 27}","{""officers_count"": 5, ""sla_breaches"": 2, ""disputes_count"": 0, ""avg_days_per_stage"": 26.8, ""stage_complexity"": 0.3812}"
ed1ebad4-e7f2-425c-b561-28fda3e862d2,PROJ-1228,2025-01-01T00:00:00+00:00,754.09,14.4,733,14,719,0,0.0,1197032922.46,"{""SURVEY"": 215, ""VERIFICATION"": 215, ""OBJECTION"": 0, ""AWARD"": 143, ""COMPENSATION"": 143}","{""officers_count"": 9, ""sla_breaches"": 1, ""disputes_count"": 3, ""avg_days_per_stage"": 34.2, ""stage_complexity"": 0.4408}"
6b11481f-4577-469a-82d8-faacf5a999de,PROJ-1228,2025-01-16T00:00:00+00:00,754.09,27.78,733,27,706,1,199505487.08,1157131825.05,"{""SURVEY"": 211, ""VERIFICATION"": 211, ""OBJECTION"": 0, ""AWARD"": 141, ""COMPENSATION"": 141}","{""officers_count"": 7, ""sla_breaches"": 1, ""disputes_count"": 1, ""avg_days_per_stage"": 25.8, ""stage_complexity"": 0.4369}"
b75b1c45-d5b9-4afc-8950-d8f38ad41055,PROJ-1228,2025-01-31T00:00:00+00:00,754.09,38.06,733,37,695,0,598516461.23,1077329630.22,"{""SURVEY"": 208, ""VERIFICATION"": 208, ""OBJECTION"": 0, ""AWARD"": 139, ""COMPENSATION"": 139}","{""officers_count"": 9, ""sla_breaches"": 1, ""disputes_count"": 1, ""avg_days_per_stage"": 23.6, ""stage_complexity"": 0.2748}"
94e88fd2-9d0d-44dd-9cfc-eca5fea54bd7,PROJ-1228,2025-02-15T00:00:00+00:00,754.09,66.87,733,65,668,0,1197032922.46,957626337.97,"{""SURVEY"": 200, ""VERIFICATION"": 200, ""OBJECTION"": 0, ""AWARD"": 133, ""COMPENSATION"": 133}","{""officers_count"": 6, ""sla_breaches"": 1, ""disputes_count"": 3, ""avg_days_per_stage"": 23.9, ""stage_complexity"": 0.3027}"
bbb8039c-592f-43df-942a-4035b7c74d46,PROJ-1229,2025-01-01T00:00:00+00:00,405.02,16.15,326,13,310,4,0.0,590227657.33,"{""SURVEY"": 93, ""VERIFICATION"": 93, ""OBJECTION"": 2, ""AWARD"": 62, ""COMPENSATION"": 62}","{""officers_count"": 9, ""sla_breaches"": 0, ""disputes_count"": 0, ""avg_days_per_stage"": 21.5, ""stage_complexity"": 0.2887}"
c8b47940-baf1-4aa2-bd15-41972e0060e4,PROJ-1229,2025-01-16T00:00:00+00:00,405.02,31.06,326,25,297,5,98371276.22,570553402.09,"{""SURVEY"": 89, ""VERIFICATION"": 89, ""OBJECTION"": 3, ""AWARD"": 59, ""COMPENSATION"": 59}","{""officers_count"": 8, ""sla_breaches"": 1, ""disputes_count"": 0, ""avg_days_per_stage"": 33.5, ""stage_complexity"": 0.3566}"
9c11d1dd-1f20-4816-8236-dc0b9aae7d5c,PROJ-1229,2025-01-31T00:00:00+00:00,405.02,45.97,326,37,284,5,295113828.67,531204891.6,"{""SURVEY"": 85, ""VERIFICATION"": 85, ""OBJECTION"": 3, ""AWARD"": 56, ""COMPENSATION"": 56}","{""officers_count"": 6, ""sla_breaches"": 0, ""disputes_count"": 1, ""avg_days_per_stage"": 16.4, ""stage_complexity"": 0.4038}"
6e735ca4-8a9b-4a4c-bd91-67eb49d5e857,PROJ-1229,2025-02-15T00:00:00+00:00,405.02,74.54,326,60,261,3,590227657.33,472182125.87,"{""SURVEY"": 78, ""VERIFICATION"": 78, ""OBJECTION"": 1, ""AWARD"": 52, ""COMPENSATION"": 52}","{""officers_count"": 6, ""sla_breaches"": 0, ""disputes_count"": 3, ""avg_days_per_stage"": 23.5, ""stage_complexity"": 0.3672}"
a67ee53a-6523-4926-937a-d4c7dd36b31a,PROJ-1229,2025-03-02T00:00:00+00:00,405.02,88.21,326,71,252,1,983712762.22,393485104.89,"{""SURVEY"": 75, ""VERIFICATION"": 75, ""OBJECTION"": 0, ""AWARD"": 50, ""COMPENSATION"": 50}","{""officers_count"": 7, ""sla_breaches"": 1, ""disputes_count"": 0, ""avg_days_per_stage"": 17.6, ""stage_complexity"": 0.3316}"
905049d4-ea02-420c-96c7-8e3e80b8396a,PROJ-1229,2025-03-17T00:00:00+00:00,405.02,124.24,326,100,225,1,1475569143.33,295113828.67,"{""SURVEY"": 67, ""VERIFICATION"": 67, ""OBJECTION"": 0, ""AWARD"": 45, ""COMPENSATION"": 45}","{""officers_count"": 5, ""sla_breaches"": 1, ""disputes_count"": 1, ""avg_days_per_stage"": 17.9, ""stage_complexity"": 0.4488}"
33090538-f582-4993-b987-a5fedf732d85,PROJ-1229,2025-04-01T00:00:00+00:00,405.02,166.48,326,134,191,2,1967425524.44,196742552.44,"{""SURVEY"": 57, ""VERIFICATION"": 57, ""OBJECTION"": 1, ""AWARD"": 38, ""COMPENSATION"": 38}","{""officers_count"": 8, ""sla_breaches"": 1, ""disputes_count"": 0, ""avg_days_per_stage"": 17.6, ""stage_complexity"": 0.3734}"
db63ace5-5a05-4171-bb56-85602cd0ae7b,PROJ-1230,2025-01-01T00:00:00+00:00,720.63,47.72,453,30,423,0,0.0,1122275731.2,"{""SURVEY"": 126, ""VERIFICATION"": 126, ""OBJECTION"": 0, ""AWARD"": 84, ""COMPENSATION"": 84}","{""officers_count"": 6, ""sla_breaches"": 1, ""disputes_count"": 3, ""avg_days_per_stage"": 20.3, ""stage_complexity"": 0.3699}"
ee85551e-aeb4-4b08-9a44-cbd1b780a225,PROJ-1230,2025-01-16T00:00:00+00:00,720.63,69.99,453,44,409,1,187045955.2,1084866540.16,"{""SURVEY"": 122, ""VERIFICATION"": 122, ""OBJECTION"": 0, ""AWARD"": 81, ""COMPENSATION"": 81}","{""officers_count"": 12, ""sla_breaches"": 1, ""disputes_count"": 0, ""avg_days_per_stage"": 34.5, ""stage_complexity"": 0.4209}"
139cc69b-93f9-4624-9e8d-10e5d80d265d,PROJ-1230,2025-01-31T00:00:00+00:00,720.63,124.08,453,78,374,0,561137865.6,1010048158.08,"{""SURVEY"": 112, ""VERIFICATION"": 112, ""OBJECTION"": 0, ""AWARD"": 74, ""COMPENSATION"": 74}","{""officers_count"": 8, ""sla_breaches"": 2, ""disputes_count"": 0, ""avg_days_per_stage"": 30.2, ""stage_complexity"": 0.2609}"
98be7c1c-0730-401d-8cf5-e178aa1e53e4,PROJ-1230,2025-02-15T00:00:00+00:00,720.63,147.94,453,93,360,0,1122275731.2,897820584.96,"{""SURVEY"": 108, ""VERIFICATION"": 108, ""OBJECTION"": 0, ""AWARD"": 72, ""COMPENSATION"": 72}","{""officers_count"": 12, ""sla_breaches"": 0, ""disputes_count"": 0, ""avg_days_per_stage"": 15.8, ""stage_complexity"": 0.3519}"
c9867257-e358-4c2d-a5e4-e2d750598d6c,PROJ-1230,2025-03-02T00:00:00+00:00,720.63,182.94,453,115,338,0,1870459552.0,748183820.8,"{""SURVEY"": 101, ""VERIFICATION"": 101, ""OBJECTION"": 0, ""AWARD"": 67, ""COMPENSATION"": 67}","{""officers_count"": 6, ""sla_breaches"": 2, ""disputes_count"": 1, ""avg_days_per_stage"": 18.2, ""stage_complexity"": 0.3527}"
3bce812a-f6e1-4ffa-968f-d9271e5c38e1,PROJ-1230,2025-03-17T00:00:00+00:00,720.63,222.71,453,140,313,0,2805689328.0,561137865.6,"{""SURVEY"": 93, ""VERIFICATION"": 93, ""OBJECTION"": 0, ""AWARD"": 62, ""COMPENSATION"": 62}","{""officers_count"": 5, ""sla_breaches"": 2, ""disputes_count"": 0, ""avg_days_per_stage"": 26.7, ""stage_complexity"": 0.3541}"
3c49040f-ac99-42a8-8780-8b3db937e87b,PROJ-1231,2025-01-01T00:00:00+00:00,447.21,32.25,416,30,385,0,0.0,561704018.44,"{""SURVEY"": 115, ""VERIFICATION"": 115, ""OBJECTION"": 0, ""AWARD"": 77, ""COMPENSATION"": 77}","{""officers_count"": 8, ""sla_breaches"": 2, ""disputes_count"": 2, ""avg_days_per_stage"": 34.0, ""stage_complexity"": 0.3036}"
8458667e-d38d-493c-b6e8-131ab17b6132,PROJ-1231,2025-01-16T00:00:00+00:00,447.21,51.6,416,48,368,0,93617336.41,542980551.15,"{""SURVEY"": 110, ""VERIFICATION"": 110, ""OBJECTION"": 0, ""AWARD"": 73, ""COMPENSATION"": 73}","{""officers_count"": 5, ""sla_breaches"": 0, ""disputes_count"": 2, ""avg_days_per_stage"": 15.3, ""stage_complexity"": 0.3889}"
65eb1f72-b43d-495d-925a-c5012061f48d,PROJ-1231,2025-01-31T00:00:00+00:00,447.21,65.58,416,61,355,0,280852009.22,505533616.59,"{""SURVEY"": 106, ""VERIFICATION"": 106, ""OBJECTION"": 0, ""AWARD"": 71, ""COMPENSATION"": 71}","{""officers_count"": 5, ""sla_breaches"": 1, ""disputes_count"": 2, ""avg_days_per_stage"": 17.3, ""stage_complexity"": 0.3402}"
b5cbca14-a0e0-4b8b-9b02-b3f56cee84ab,PROJ-1231,2025-02-15T00:00:00+00:00,447.21,80.63,416,75,341,0,561704018.44,449363214.75,"{""SURVEY"": 102, ""VERIFICATION"": 102, ""OBJECTION"": 0, ""AWARD"": 68, ""COMPENSATION"": 68}","{""officers_count"": 12, ""sla_breaches"": 1, ""disputes_count"": 3, ""avg_days_per_stage"": 32.1, ""stage_complexity"": 0.2647}"
720f9c7d-693f-4c76-b820-a0c361bc96d8,PROJ-1231,2025-03-02T00:00:00+00:00,447.21,101.05,416,94,322,1,936173364.06,374469345.62,"{""SURVEY"": 96, ""VERIFICATION"": 96, ""OBJECTION"": 0, ""AWARD"": 64, ""COMPENSATION"": 64}","{""officers_count"": 10, ""sla_breaches"": 1, ""disputes_count"": 0, ""avg_days_per_stage"": 28.1, ""stage_complexity"": 0.3854}"
a36d207a-40e4-4077-bd78-1ad7dee7a6eb,PROJ-1231,2025-03-17T00:00:00+00:00,447.21,124.7,416,116,299,2,1404260046.09,280852009.22,"{""SURVEY"": 89, ""VERIFICATION"": 89, ""OBJECTION"": 1, ""AWARD"": 59, ""COMPENSATION"": 59}","{""officers_count"": 6, ""sla_breaches"": 0, ""disputes_count"": 3, ""avg_days_per_stage"": 15.3, ""stage_complexity"": 0.2586}"
e5296948-0b46-44c5-b3a9-a69cfe0d1a6c,PROJ-1231,2025-04-01T00:00:00+00:00,447.21,155.88,416,145,269,1,1872346728.12,187234672.81,"{""SURVEY"": 80, ""VERIFICATION"": 80, ""OBJECTION"": 0, ""AWARD"": 53, ""COMPENSATION"": 53}","{""officers_count"": 6, ""sla_breaches"": 0, ""disputes_count"": 3, ""avg_days_per_stage"": 30.4, ""stage_complexity"": 0.322}"
1daf7688-f5d5-42f4-98b4-a77de4856725,PROJ-1231,2025-04-16T00:00:00+00:00,447.21,192.43,416,179,236,2,1872346728.12,187234672.81,"{""SURVEY"": 70, ""VERIFICATION"": 70, ""OBJECTION"": 1, ""AWARD"": 47, ""COMPENSATION"": 47}","{""officers_count"": 5, ""sla_breaches"": 2, ""disputes_count"": 0, ""avg_days_per_stage"": 23.6, ""stage_complexity"": 0.2505}"
68b1b22a-a90a-4793-8443-8b54bf86a523,PROJ-1231,2025-05-01T00:00:00+00:00,447.21,205.33,416,191,223,0,1872346728.12,187234672.81,"{""SURVEY"": 66, ""VERIFICATION"": 66, ""OBJECTION"": 0, ""AWARD"": 44, ""COMPENSATION"": 44}","{""officers_count"": 7, ""sla_breaches"": 1, ""disputes_count"": 0, ""avg_days_per_stage"": 24.6, ""stage_complexity"": 0.4107}"
d6db2ffa-217e-42cb-9e51-94b372c756ae,PROJ-1231,2025-05-16T00:00:00+00:00,447.21,235.43,416,219,197,0,1872346728.12,187234672.81,"{""SURVEY"": 59, ""VERIFICATION"": 59, ""OBJECTION"": 0, ""AWARD"": 39, ""COMPENSATION"": 39}","{""officers_count"": 10, ""sla_breaches"": 2, ""disputes_count"": 1, ""avg_days_per_stage"": 35.0, ""stage_complexity"": 0.4372}"
f0e72b70-6e30-42b2-8dd1-dc4fa0c27c85,PROJ-1231,2025-05-31T00:00:00+00:00,447.21,269.83,416,251,165,0,1872346728.12,187234672.81,"{""SURVEY"": 49, ""VERIFICATION"": 49, ""OBJECTION"": 0, ""AWARD"": 33, ""COMPENSATION"": 33}","{""officers_count"": 6, ""sla_breaches"": 1, ""disputes_count"": 2, ""avg_days_per_stage"": 27.1, ""stage_complexity"": 0.3038}"
385ab92b-604e-454b-9eda-21f4a49aac11,PROJ-1231,2025-06-15T00:00:00+00:00,447.21,303.16,416,282,134,0,1872346728.12,187234672.81,"{""SURVEY"": 40, ""VERIFICATION"": 40, ""OBJECTION"": 0, ""AWARD"": 26, ""COMPENSATION"": 26}","{""officers_count"": 11, ""sla_breaches"": 2, ""disputes_count"": 1, ""avg_days_per_stage"": 34.1, ""stage_complexity"": 0.3304}"
72bd959f-e414-4e69-a109-2231336a77c1,PROJ-1231,2025-06-30T00:00:00+00:00,447.21,325.73,416,303,113,0,1872346728.12,187234672.81,"{""SURVEY"": 33, ""VERIFICATION"": 33, ""OBJECTION"": 0, ""AWARD"": 22, ""COMPENSATION"": 22}","{""officers_count"": 5, ""sla_breaches"": 0, ""disputes_count"": 0, ""avg_days_per_stage"": 26.2, ""stage_complexity"": 0.4134}"
c48e59ab-bb85-4fcd-8d91-eccb3c07c476,PROJ-1232,2025-01-01T00:00:00+00:00,1028.9,23.38,176,4,167,6,1044294866.6,1863596251.54,"{""SURVEY"": 50, ""VERIFICATION"": 50, ""OBJECTION"": 3, ""AWARD"": 33, ""COMPENSATION"": 33}","{""officers_count"": 2, ""sla_breaches"": 11, ""disputes_count"": 4, ""avg_days_per_stage"": 120.5, ""stage_complexity"": 0.7565}"
b43ebb8b-201c-46cb-9b43-8c841e57f393,PROJ-1232,2025-01-16T00:00:00+00:00,1028.9,29.23,176,5,165,8,357069042.48,2563789719.83,"{""SURVEY"": 49, ""VERIFICATION"": 49, ""OBJECTION"": 4, ""AWARD"": 33, ""COMPENSATION"": 33}","{""officers_count"": 1, ""sla_breaches"": 8, ""disputes_count"": 2, ""avg_days_per_stage"": 129.1, ""stage_complexity"": 0.7813}"
ce8eab04-4b7e-4213-bc50-4b2832be9fd2,PROJ-1232,2025-01-31T00:00:00+00:00,1028.9,46.77,176,8,160,12,646673640.32,1845195437.61,"{""SURVEY"": 48, ""VERIFICATION"": 48, ""OBJECTION"": 7, ""AWARD"": 32, ""COMPENSATION"": 32}","{""officers_count"": 1, ""sla_breaches"": 6, ""disputes_count"": 5, ""avg_days_per_stage"": 105.8, ""stage_complexity"": 0.7113}"
f27acdc7-f4b3-47c5-a009-f4d79ef57a16,PROJ-1232,2025-02-15T00:00:00+00:00,1028.9,58.46,176,10,154,15,684800545.13,2441415652.6,"{""SURVEY"": 46, ""VERIFICATION"": 46, ""OBJECTION"": 9, ""AWARD"": 30, ""COMPENSATION"": 30}","{""officers_count"": 2, ""sla_breaches"": 11, ""disputes_count"": 3, ""avg_days_per_stage"": 117.7, ""stage_complexity"": 0.7981}"
325dcde4-7e3c-4c84-be38-0229f09c9283,PROJ-1232,2025-03-02T00:00:00+00:00,1028.9,58.46,176,10,151,18,921513169.14,2440742725.29,"{""SURVEY"": 45, ""VERIFICATION"": 45, ""OBJECTION"": 10, ""AWARD"": 30, ""COMPENSATION"": 30}","{""officers_count"": 2, ""sla_breaches"": 9, ""disputes_count"": 5, ""avg_days_per_stage"": 77.0, ""stage_complexity"": 0.6038}"
ebb9894f-a42c-483c-b77f-322674365cd1,PROJ-1233,2025-01-01T00:00:00+00:00,1177.54,38.29,123,4,117,5,1392944049.4,3116892483.38,"{""SURVEY"": 35, ""VERIFICATION"": 35, ""OBJECTION"": 3, ""AWARD"": 23, ""COMPENSATION"": 23}","{""officers_count"": 1, ""sla_breaches"": 8, ""disputes_count"": 6, ""avg_days_per_stage"": 113.2, ""stage_complexity"": 0.7451}"
b7a0eed0-011f-47ba-ad5c-4bb5ec05c440,PROJ-1233,2025-01-16T00:00:00+00:00,1177.54,38.29,123,4,114,7,1265868279.23,3678545326.53,"{""SURVEY"": 34, ""VERIFICATION"": 34, ""OBJECTION"": 4, ""AWARD"": 22, ""COMPENSATION"": 22}","{""officers_count"": 2, ""sla_breaches"": 12, ""disputes_count"": 4, ""avg_days_per_stage"": 121.8, ""stage_complexity"": 0.671}"
a645a940-28b9-45c6-9f24-5f977363be06,PROJ-1233,2025-01-31T00:00:00+00:00,1177.54,76.59,123,8,108,9,591723366.8,3054388168.22,"{""SURVEY"": 32, ""VERIFICATION"": 32, ""OBJECTION"": 5, ""AWARD"": 21, ""COMPENSATION"": 21}","{""officers_count"": 2, ""sla_breaches"": 8, ""disputes_count"": 6, ""avg_days_per_stage"": 85.5, ""stage_complexity"": 0.7254}"
eb84b7bf-df55-4f72-9cd5-d954d5b69486,PROJ-1233,2025-02-15T00:00:00+00:00,1177.54,114.88,123,12,102,13,1405746320.38,2825432011.94,"{""SURVEY"": 30, ""VERIFICATION"": 30, ""OBJECTION"": 7, ""AWARD"": 20, ""COMPENSATION"": 20}","{""officers_count"": 2, ""sla_breaches"": 9, ""disputes_count"": 5, ""avg_days_per_stage"": 117.2, ""stage_complexity"": 0.6401}"
e96823e3-9574-4a86-96f9-a7d36e77849d,PROJ-1233,2025-03-02T00:00:00+00:00,1177.54,153.18,123,16,94,14,1375272960.22,3339819985.63,"{""SURVEY"": 28, ""VERIFICATION"": 28, ""OBJECTION"": 8, ""AWARD"": 18, ""COMPENSATION"": 18}","{""officers_count"": 2, ""sla_breaches"": 9, ""disputes_count"": 2, ""avg_days_per_stage"": 78.0, ""stage_complexity"": 0.7092}"
ad75225a-c8ec-4505-acb3-846f2c3fbbaf,PROJ-1233,2025-03-17T00:00:00+00:00,1177.54,153.18,123,16,93,15,1467054321.28,3420589708.11,"{""SURVEY"": 27, ""VERIFICATION"": 27, ""OBJECTION"": 9, ""AWARD"": 18, ""COMPENSATION"": 18}","{""officers_count"": 2, ""sla_breaches"": 7, ""disputes_count"": 5, ""avg_days_per_stage"": 93.1, ""stage_complexity"": 0.7438}"
eda3a586-b714-445c-a9ab-a11ebaebc4cd,PROJ-1233,2025-04-01T00:00:00+00:00,1177.54,153.18,123,16,92,17,996776888.76,2710807175.1,"{""SURVEY"": 27, ""VERIFICATION"": 27, ""OBJECTION"": 10, ""AWARD"": 18, ""COMPENSATION"": 18}","{""officers_count"": 2, ""sla_breaches"": 11, ""disputes_count"": 2, ""avg_days_per_stage"": 114.3, ""stage_complexity"": 0.7924}"
d8dc77c3-d279-43f7-948d-eee2999f2e9b,PROJ-1234,2025-01-01T00:00:00+00:00,977.99,49.19,338,17,320,0,0.0,1116452035.31,"{""SURVEY"": 96, ""VERIFICATION"": 96, ""OBJECTION"": 0, ""AWARD"": 64, ""COMPENSATION"": 64}","{""officers_count"": 5, ""sla_breaches"": 0, ""disputes_count"": 2, ""avg_days_per_stage"": 20.6, ""stage_complexity"": 0.4224}"
684fdc92-73b3-48cd-a44e-99038180fa1b,PROJ-1234,2025-01-16T00:00:00+00:00,977.99,101.27,338,35,303,0,186075339.22,1079236967.46,"{""SURVEY"": 90, ""VERIFICATION"": 90, ""OBJECTION"": 0, ""AWARD"": 60, ""COMPENSATION"": 60}","{""officers_count"": 9, ""sla_breaches"": 1, ""disputes_count"": 2, ""avg_days_per_stage"": 24.6, ""stage_complexity"": 0.4246}"
9aa8b27e-c318-419c-8ead-9f3c6a3b327b,PROJ-1234,2025-01-31T00:00:00+00:00,977.99,141.78,338,49,289,0,558226017.65,1004806831.78,"{""SURVEY"": 86, ""VERIFICATION"": 86, ""OBJECTION"": 0, ""AWARD"": 57, ""COMPENSATION"": 57}","{""officers_count"": 8, ""sla_breaches"": 2, ""disputes_count"": 3, ""avg_days_per_stage"": 34.1, ""stage_complexity"": 0.2163}"
35cad7c6-a4ed-4c29-a9b7-9b1d6a9f7025,PROJ-1234,2025-02-15T00:00:00+00:00,977.99,237.26,338,82,256,0,1116452035.31,893161628.25,"{""SURVEY"": 76, ""VERIFICATION"": 76, ""OBJECTION"": 0, ""AWARD"": 51, ""COMPENSATION"": 51}","{""officers_count"": 10, ""sla_breaches"": 2, ""disputes_count"": 3, ""avg_days_per_stage"": 20.8, ""stage_complexity"": 0.313}"
3200a0b8-eb5a-4c4d-b243-36d8abed45d3,PROJ-1234,2025-03-02T00:00:00+00:00,977.99,295.13,338,102,236,0,1860753392.18,744301356.87,"{""SURVEY"": 70, ""VERIFICATION"": 70, ""OBJECTION"": 0, ""AWARD"": 47, ""COMPENSATION"": 47}","{""officers_count"": 7, ""sla_breaches"": 1, ""disputes_count"": 1, ""avg_days_per_stage"": 24.1, ""stage_complexity"": 0.3748}"
2e29f44e-abcd-4352-a38a-899ddd6a7222,PROJ-1234,2025-03-17T00:00:00+00:00,977.99,353.0,338,122,216,0,2791130088.27,558226017.65,"{""SURVEY"": 64, ""VERIFICATION"": 64, ""OBJECTION"": 0, ""AWARD"": 43, ""COMPENSATION"": 43}","{""officers_count"": 10, ""sla_breaches"": 2, ""disputes_count"": 1, ""avg_days_per_stage"": 20.0, ""stage_complexity"": 0.2176}"
6871cdd8-5eb3-4a5f-a3ae-b7fcb723bcb4,PROJ-1234,2025-04-01T00:00:00+00:00,977.99,451.38,338,156,182,0,3721506784.36,372150678.44,"{""SURVEY"": 54, ""VERIFICATION"": 54, ""OBJECTION"": 0, ""AWARD"": 36, ""COMPENSATION"": 36}","{""officers_count"": 7, ""sla_breaches"": 2, ""disputes_count"": 3, ""avg_days_per_stage"": 15.7, ""stage_complexity"": 0.3119}"
7eba8162-62b0-4dd6-8acc-bfb8cdbf0b47,PROJ-1234,2025-04-16T00:00:00+00:00,977.99,480.31,338,166,172,0,3721506784.36,372150678.44,"{""SURVEY"": 51, ""VERIFICATION"": 51, ""OBJECTION"": 0, ""AWARD"": 34, ""COMPENSATION"": 34}","{""officers_count"": 9, ""sla_breaches"": 2, ""disputes_count"": 0, ""avg_days_per_stage"": 24.5, ""stage_complexity"": 0.298}"
5b514515-21b3-4e39-9af4-7b2aa95a1c41,PROJ-1234,2025-05-01T00:00:00+00:00,977.99,515.04,338,178,160,0,3721506784.36,372150678.44,"{""SURVEY"": 48, ""VERIFICATION"": 48, ""OBJECTION"": 0, ""AWARD"": 32, ""COMPENSATION"": 32}","{""officers_count"": 5, ""sla_breaches"": 2, ""disputes_count"": 3, ""avg_days_per_stage"": 33.2, ""stage_complexity"": 0.4105}"
eb9f924a-8d0f-489c-83b5-3118149162ba,PROJ-1234,2025-05-16T00:00:00+00:00,977.99,590.27,338,204,134,0,3721506784.36,372150678.44,"{""SURVEY"": 40, ""VERIFICATION"": 40, ""OBJECTION"": 0, ""AWARD"": 26, ""COMPENSATION"": 26}","{""officers_count"": 11, ""sla_breaches"": 0, ""disputes_count"": 3, ""avg_days_per_stage"": 20.5, ""stage_complexity"": 0.3439}"
a96bf069-26b2-4437-8f7a-1024d8c97134,PROJ-1234,2025-05-31T00:00:00+00:00,977.99,668.39,338,231,107,0,3721506784.36,372150678.44,"{""SURVEY"": 32, ""VERIFICATION"": 32, ""OBJECTION"": 0, ""AWARD"": 21, ""COMPENSATION"": 21}","{""officers_count"": 7, ""sla_breaches"": 0, ""disputes_count"": 1, ""avg_days_per_stage"": 28.2, ""stage_complexity"": 0.2821}"
1026fdf2-9ed8-4ee3-b05f-35dc9bde2e3b,PROJ-1234,2025-06-15T00:00:00+00:00,977.99,740.73,338,256,82,0,3721506784.36,372150678.44,"{""SURVEY"": 24, ""VERIFICATION"": 24, ""OBJECTION"": 0, ""AWARD"": 16, ""COMPENSATION"": 16}","{""officers_count"": 9, ""sla_breaches"": 0, ""disputes_count"": 1, ""avg_days_per_stage"": 21.9, ""stage_complexity"": 0.2468}"
04664311-88db-4b61-a479-4adfcb36caae,PROJ-1234,2025-06-30T00:00:00+00:00,977.99,824.64,338,285,53,1,3721506784.36,372150678.44,"{""SURVEY"": 15, ""VERIFICATION"": 15, ""OBJECTION"": 0, ""AWARD"": 10, ""COMPENSATION"": 10}","{""officers_count"": 5, ""sla_breaches"": 1, ""disputes_count"": 2, ""avg_days_per_stage"": 27.5, ""stage_complexity"": 0.2886}"
e89bc9e6-3f77-478c-b617-6e26d3feac6f,PROJ-1234,2025-07-15T00:00:00+00:00,977.99,899.87,338,311,26,2,3721506784.36,372150678.44,"{""SURVEY"": 7, ""VERIFICATION"": 7, ""OBJECTION"": 1, ""AWARD"": 5, ""COMPENSATION"": 5}","{""officers_count"": 12, ""sla_breaches"": 2, ""disputes_count"": 0, ""avg_days_per_stage"": 18.6, ""stage_complexity"": 0.3001}"
f0cccae7-4558-4127-aa09-ced9ee5746b4,PROJ-1234,2025-07-30T00:00:00+00:00,977.99,977.99,338,338,0,2,3721506784.36,372150678.44,"{""SURVEY"": 0, ""VERIFICATION"": 0, ""OBJECTION"": 1, ""AWARD"": 0, ""COMPENSATION"": 0}","{""officers_count"": 12, ""sla_breaches"": 0, ""disputes_count"": 2, ""avg_days_per_stage"": 15.8, ""stage_complexity"": 0.3787}"
52693d41-2da3-4ad2-8829-4cbdd69088fc,PROJ-1234,2025-08-14T00:00:00+00:00,977.99,977.99,338,338,0,0,3721506784.36,372150678.44,"{""SURVEY"": 0, ""VERIFICATION"": 0, ""OBJECTION"": 0, ""AWARD"": 0, ""COMPENSATION"": 0}","{""officers_count"": 12, ""sla_breaches"": 1, ""disputes_count"": 0, ""avg_days_per_stage"": 20.4, ""stage_complexity"": 0.4234}"
069922d3-4b21-4b1a-8a2f-3651c9d28c70,PROJ-1235,2025-01-01T00:00:00+00:00,1130.95,35.01,646,20,626,0,0.0,1117319964.16,"{""SURVEY"": 187, ""VERIFICATION"": 187, ""OBJECTION"": 0, ""AWARD"": 125, ""COMPENSATION"": 125}","{""officers_count"": 7, ""sla_breaches"": 1, ""disputes_count"": 0, ""avg_days_per_stage"": 18.9, ""stage_complexity"": 0.4153}"
4b6b10d8-1979-43f4-a993-86c500be4182,PROJ-1235,2025-01-16T00:00:00+00:00,1130.95,61.27,646,35,611,1,186219994.03,1080075965.36,"{""SURVEY"": 183, ""VERIFICATION"": 183, ""OBJECTION"": 0, ""AWARD"": 122, ""COMPENSATION"": 122}","{""officers_count"": 7, ""sla_breaches"": 0, ""disputes_count"": 2, ""avg_days_per_stage"": 24.8, ""stage_complexity"": 0.3744}"
65e2fd55-414d-41f7-94b2-586d8e64d334,PROJ-1235,2025-01-31T00:00:00+00:00,1130.95,99.79,646,57,588,0,558659982.08,1005587967.75,"{""SURVEY"": 176, ""VERIFICATION"": 176, ""OBJECTION"": 0, ""AWARD"": 117, ""COMPENSATION"": 117}","{""officers_count"": 12, ""sla_breaches"": 0, ""disputes_count"": 0, ""avg_days_per_stage"": 31.9, ""stage_complexity"": 0.2105}"
e0f3219b-da1c-416b-ba38-e252eed38dac,PROJ-1235,2025-02-15T00:00:00+00:00,1130.95,152.31,646,87,559,0,1117319964.16,893855971.33,"{""SURVEY"": 167, ""VERIFICATION"": 167, ""OBJECTION"": 0, ""AWARD"": 111, ""COMPENSATION"": 111}","{""officers_count"": 6, ""sla_breaches"": 1, ""disputes_count"": 0, ""avg_days_per_stage"": 34.6, ""stage_complexity"": 0.2599}"
49ce3828-839b-4723-80ba-e310266f1f7a,PROJ-1235,2025-03-02T00:00:00+00:00,1130.95,182.07,646,104,542,0,1862199940.27,744879976.11,"{""SURVEY"": 162, ""VERIFICATION"": 162, ""OBJECTION"": 0, ""AWARD"": 108, ""COMPENSATION"": 108}","{""officers_count"": 6, ""sla_breaches"": 0, ""disputes_count"": 1, ""avg_days_per_stage"": 31.9, ""stage_complexity"": 0.4084}"
98542784-fce9-4abd-9a92-03ffd089546e,PROJ-1235,2025-03-17T00:00:00+00:00,1130.95,229.34,646,131,515,0,2793299910.41,558659982.08,"{""SURVEY"": 154, ""VERIFICATION"": 154, ""OBJECTION"": 0, ""AWARD"": 103, ""COMPENSATION"": 103}","{""officers_count"": 12, ""sla_breaches"": 2, ""disputes_count"": 1, ""avg_days_per_stage"": 19.6, ""stage_complexity"": 0.3182}"
e7147151-354a-4744-9dbf-4764dde1197e,PROJ-1235,2025-04-01T00:00:00+00:00,1130.95,253.85,646,145,501,0,3724399880.55,372439988.05,"{""SURVEY"": 150, ""VERIFICATION"": 150, ""OBJECTION"": 0, ""AWARD"": 100, ""COMPENSATION"": 100}","{""officers_count"": 6, ""sla_breaches"": 0, ""disputes_count"": 1, ""avg_days_per_stage"": 22.9, ""stage_complexity"": 0.3073}"
2e3a976f-b957-4eeb-974d-1eab08ccbf15,PROJ-1235,2025-04-16T00:00:00+00:00,1130.95,292.37,646,167,479,0,3724399880.55,372439988.05,"{""SURVEY"": 143, ""VERIFICATION"": 143, ""OBJECTION"": 0, ""AWARD"": 95, ""COMPENSATION"": 95}","{""officers_count"": 12, ""sla_breaches"": 2, ""disputes_count"": 0, ""avg_days_per_stage"": 17.6, ""stage_complexity"": 0.3987}"
70df9532-2198-4762-9613-b644e9832267,PROJ-1235,2025-05-01T00:00:00+00:00,1130.95,329.13,646,188,458,1,3724399880.55,372439988.05,"{""SURVEY"": 137, ""VERIFICATION"": 137, ""OBJECTION"": 0, ""AWARD"": 91, ""COMPENSATION"": 91}","{""officers_count"": 8, ""sla_breaches"": 2, ""disputes_count"": 1, ""avg_days_per_stage"": 15.6, ""stage_complexity"": 0.2224}"
07c38fbd-4b50-4d1b-a573-495fdc4ae353,PROJ-1235,2025-05-16T00:00:00+00:00,1130.95,376.4,646,215,430,1,3724399880.55,372439988.05,"{""SURVEY"": 129, ""VERIFICATION"": 129, ""OBJECTION"": 0, ""AWARD"": 86, ""COMPENSATION"": 86}","{""officers_count"": 11, ""sla_breaches"": 2, ""disputes_count"": 2, ""avg_days_per_stage"": 25.2, ""stage_complexity"": 0.3115}"
fbc15e75-eea8-4a53-990e-aca4e7572717,PROJ-1235,2025-05-31T00:00:00+00:00,1130.95,414.92,646,237,408,1,3724399880.55,372439988.05,"{""SURVEY"": 122, ""VERIFICATION"": 122, ""OBJECTION"": 0, ""AWARD"": 81, ""COMPENSATION"": 81}","{""officers_count"": 10, ""sla_breaches"": 1, ""disputes_count"": 1, ""avg_days_per_stage"": 34.5, ""stage_complexity"": 0.4094}"
5f366a1e-2f22-41af-8fc5-a35fda42d331,PROJ-1235,2025-06-15T00:00:00+00:00,1130.95,476.19,646,272,373,0,3724399880.55,372439988.05,"{""SURVEY"": 111, ""VERIFICATION"": 111, ""OBJECTION"": 0, ""AWARD"": 74, ""COMPENSATION"": 74}","{""officers_count"": 7, ""sla_breaches"": 0, ""disputes_count"": 2, ""avg_days_per_stage"": 23.1, ""stage_complexity"": 0.3708}"
29e18973-1634-48e6-94ef-8fadf3b54e72,PROJ-1235,2025-06-30T00:00:00+00:00,1130.95,493.7,646,282,364,0,3724399880.55,372439988.05,"{""SURVEY"": 109, ""VERIFICATION"": 109, ""OBJECTION"": 0, ""AWARD"": 72, ""COMPENSATION"": 72}","{""officers_count"": 8, ""sla_breaches"": 1, ""disputes_count"": 3, ""avg_days_per_stage"": 24.4, ""stage_complexity"": 0.2742}"
cc5e355d-ea36-4cf7-8af7-21ae86527545,PROJ-1236,2025-01-01T00:00:00+00:00,575.71,4.25,271,2,262,7,345407012.08,1651619761.31,"{""SURVEY"": 78, ""VERIFICATION"": 78, ""OBJECTION"": 4, ""AWARD"": 52, ""COMPENSATION"": 52}","{""officers_count"": 6, ""sla_breaches"": 9, ""disputes_count"": 6, ""avg_days_per_stage"": 57.7, ""stage_complexity"": 0.8855}"
e1c680bd-90eb-4a62-b0d4-566b6806a943,PROJ-1236,2025-01-16T00:00:00+00:00,575.71,17.0,271,8,252,11,531086096.34,1832882280.89,"{""SURVEY"": 75, ""VERIFICATION"": 75, ""OBJECTION"": 6, ""AWARD"": 50, ""COMPENSATION"": 50}","{""officers_count"": 5, ""sla_breaches"": 8, ""disputes_count"": 8, ""avg_days_per_stage"": 72.9, ""stage_complexity"": 0.7209}"
ad702386-13b8-475f-a3ea-c65dfd829b52,PROJ-1236,2025-01-31T00:00:00+00:00,575.71,27.62,271,13,245,13,318750791.55,1757861270.14,"{""SURVEY"": 73, ""VERIFICATION"": 73, ""OBJECTION"": 7, ""AWARD"": 49, ""COMPENSATION"": 49}","{""officers_count"": 3, ""sla_breaches"": 8, ""disputes_count"": 7, ""avg_days_per_stage"": 109.9, ""stage_complexity"": 0.8647}"
f51485a4-4b99-42ce-8466-82a417706b95,PROJ-1236,2025-02-15T00:00:00+00:00,575.71,36.11,271,17,235,19,140676327.92,1521198349.95,"{""SURVEY"": 70, ""VERIFICATION"": 70, ""OBJECTION"": 11, ""AWARD"": 47, ""COMPENSATION"": 47}","{""officers_count"": 4, ""sla_breaches"": 5, ""disputes_count"": 3, ""avg_days_per_stage"": 109.3, ""stage_complexity"": 0.8493}"
b6590c1d-d2ee-41b9-9211-3443a734b919,PROJ-1236,2025-03-02T00:00:00+00:00,575.71,50.99,271,24,222,25,520251043.97,1820474658.41,"{""SURVEY"": 66, ""VERIFICATION"": 66, ""OBJECTION"": 15, ""AWARD"": 44, ""COMPENSATION"": 44}","{""officers_count"": 5, ""sla_breaches"": 8, ""disputes_count"": 5, ""avg_days_per_stage"": 106.5, ""stage_complexity"": 0.7441}"
3b3aa8ae-9a0b-4c02-9ec2-07a9e6d2d750,PROJ-1236,2025-03-17T00:00:00+00:00,575.71,57.36,271,27,215,29,340931088.07,1503883472.09,"{""SURVEY"": 64, ""VERIFICATION"": 64, ""OBJECTION"": 17, ""AWARD"": 43, ""COMPENSATION"": 43}","{""officers_count"": 3, ""sla_breaches"": 9, ""disputes_count"": 4, ""avg_days_per_stage"": 61.8, ""stage_complexity"": 0.7154}"
3bd4f4d1-dce9-451d-a71e-2c14f2c49cae,PROJ-1236,2025-04-01T00:00:00+00:00,575.71,61.61,271,29,211,31,388992378.78,1712116266.49,"{""SURVEY"": 63, ""VERIFICATION"": 63, ""OBJECTION"": 18, ""AWARD"": 42, ""COMPENSATION"": 42}","{""officers_count"": 6, ""sla_breaches"": 9, ""disputes_count"": 3, ""avg_days_per_stage"": 62.9, ""stage_complexity"": 0.883}"
ba7bf4f5-dda7-4e14-a015-93ab59e8fba2,PROJ-1236,2025-04-16T00:00:00+00:00,575.71,72.23,271,34,204,33,310763544.2,1407849338.21,"{""SURVEY"": 61, ""VERIFICATION"": 61, ""OBJECTION"": 19, ""AWARD"": 40, ""COMPENSATION"": 40}","{""officers_count"": 6, ""sla_breaches"": 7, ""disputes_count"": 3, ""avg_days_per_stage"": 56.9, ""stage_complexity"": 0.7958}"
e0c76a62-20c2-4ec4-9558-b62316017b99,PROJ-1236,2025-05-01T00:00:00+00:00,575.71,76.48,271,36,199,36,479343112.42,1626572671.14,"{""SURVEY"": 59, ""VERIFICATION"": 59, ""OBJECTION"": 21, ""AWARD"": 39, ""COMPENSATION"": 39}","{""officers_count"": 5, ""sla_breaches"": 9, ""disputes_count"": 4, ""avg_days_per_stage"": 68.6, ""stage_complexity"": 0.8144}"
ee5463cc-a73b-4c24-ab39-6ecc5ec01190,PROJ-1236,2025-05-16T00:00:00+00:00,575.71,84.98,271,40,191,40,184013441.82,1445622210.83,"{""SURVEY"": 57, ""VERIFICATION"": 57, ""OBJECTION"": 24, ""AWARD"": 38, ""COMPENSATION"": 38}","{""officers_count"": 6, ""sla_breaches"": 10, ""disputes_count"": 6, ""avg_days_per_stage"": 108.8, ""stage_complexity"": 0.7698}"
1a0031c7-7aa2-4410-aa0f-16f36f5a8d5c,PROJ-1236,2025-05-31T00:00:00+00:00,575.71,99.85,271,47,181,43,108376903.31,1512312554.68,"{""SURVEY"": 54, ""VERIFICATION"": 54, ""OBJECTION"": 25, ""AWARD"": 36, ""COMPENSATION"": 36}","{""officers_count"": 4, ""sla_breaches"": 10, ""disputes_count"": 6, ""avg_days_per_stage"": 81.3, ""stage_complexity"": 0.8317}"
7415a23c-4a8c-4da7-9ab3-9b1f24bbc1fc,PROJ-1236,2025-06-15T00:00:00+00:00,575.71,108.34,271,51,173,47,399897610.49,1772339426.86,"{""SURVEY"": 51, ""VERIFICATION"": 51, ""OBJECTION"": 28, ""AWARD"": 34, ""COMPENSATION"": 34}","{""officers_count"": 4, ""sla_breaches"": 7, ""disputes_count"": 5, ""avg_days_per_stage"": 84.3, ""stage_complexity"": 0.8981}"
0a14a7ed-9c06-4ce8-bada-b07b8a52d748,PROJ-1236,2025-06-30T00:00:00+00:00,575.71,118.97,271,56,162,53,400711551.7,1498674492.74,"{""SURVEY"": 48, ""VERIFICATION"": 48, ""OBJECTION"": 31, ""AWARD"": 32, ""COMPENSATION"": 32}","{""officers_count"": 4, ""sla_breaches"": 8, ""disputes_count"": 5, ""avg_days_per_stage"": 108.0, ""stage_complexity"": 0.8187}"
e35f5c62-8edf-4c3b-95ae-0c64298bfc6f,PROJ-1236,2025-07-15T00:00:00+00:00,575.71,123.21,271,58,158,55,509060603.32,1438938547.92,"{""SURVEY"": 47, ""VERIFICATION"": 47, ""OBJECTION"": 33, ""AWARD"": 31, ""COMPENSATION"": 31}","{""officers_count"": 5, ""sla_breaches"": 10, ""disputes_count"": 7, ""avg_days_per_stage"": 93.7, ""stage_complexity"": 0.8514}"
5cd931ae-ebbd-4a60-a7dd-c5fc3a554f0e,PROJ-1237,2025-01-01T00:00:00+00:00,367.77,8.07,638,14,624,1,0.0,479757287.5,"{""SURVEY"": 187, ""VERIFICATION"": 187, ""OBJECTION"": 0, ""AWARD"": 124, ""COMPENSATION"": 124}","{""officers_count"": 12, ""sla_breaches"": 2, ""disputes_count"": 1, ""avg_days_per_stage"": 18.9, ""stage_complexity"": 0.2605}"
17c23acc-b12b-4862-96d8-cc0c503e1428,PROJ-1237,2025-01-16T00:00:00+00:00,367.77,17.87,638,31,606,0,79959547.92,463765377.92,"{""SURVEY"": 181, ""VERIFICATION"": 181, ""OBJECTION"": 0, ""AWARD"": 121, ""COMPENSATION"": 121}","{""officers_count"": 8, ""sla_breaches"": 0, ""disputes_count"": 1, ""avg_days_per_stage"": 29.2, ""stage_complexity"": 0.3105}"
a2297c3e-94d4-48ad-8080-398e5eeb3145,PROJ-1237,2025-01-31T00:00:00+00:00,367.77,35.16,638,61,577,1,239878643.75,431781558.75,"{""SURVEY"": 173, ""VERIFICATION"": 173, ""OBJECTION"": 0, ""AWARD"": 115, ""COMPENSATION"": 115}","{""officers_count"": 6, ""sla_breaches"": 2, ""disputes_count"": 0, ""avg_days_per_stage"": 29.1, ""stage_complexity"": 0.3382}"
45590561-2b5f-4753-a8cb-7882210a6054,PROJ-1237,2025-02-15T00:00:00+00:00,367.77,40.93,638,71,566,0,479757287.5,383805830.0,"{""SURVEY"": 169, ""VERIFICATION"": 169, ""OBJECTION"": 0, ""AWARD"": 113, ""COMPENSATION"": 113}","{""officers_count"": 8, ""sla_breaches"": 1, ""disputes_count"": 2, ""avg_days_per_stage"": 31.9, ""stage_complexity"": 0.4088}"
f26c002f-6caa-44bc-87f6-d13cc832a0f3,PROJ-1237,2025-03-02T00:00:00+00:00,367.77,55.91,638,97,541,0,799595479.17,319838191.67,"{""SURVEY"": 162, ""VERIFICATION"": 162, ""OBJECTION"": 0, ""AWARD"": 108, ""COMPENSATION"": 108}","{""officers_count"": 8, ""sla_breaches"": 1, ""disputes_count"": 0, ""avg_days_per_stage"": 15.2, ""stage_complexity"": 0.3419}"
ffee7303-b593-4e20-b2dd-0234f1acab86,PROJ-1237,2025-03-17T00:00:00+00:00,367.77,70.33,638,122,516,0,1199393218.76,239878643.75,"{""SURVEY"": 154, ""VERIFICATION"": 154, ""OBJECTION"": 0, ""AWARD"": 103, ""COMPENSATION"": 103}","{""officers_count"": 7, ""sla_breaches"": 1, ""disputes_count"": 2, ""avg_days_per_stage"": 20.9, ""stage_complexity"": 0.2091}"
58592f81-b88a-4e47-ab4b-d00547ad430e,PROJ-1237,2025-04-01T00:00:00+00:00,367.77,86.47,638,150,488,0,1599190958.35,159919095.83,"{""SURVEY"": 146, ""VERIFICATION"": 146, ""OBJECTION"": 0, ""AWARD"": 97, ""COMPENSATION"": 97}","{""officers_count"": 8, ""sla_breaches"": 0, ""disputes_count"": 0, ""avg_days_per_stage"": 29.8, ""stage_complexity"": 0.3459}"
ab5cb86f-5dd0-484b-82e3-07d8b47f03a0,PROJ-1238,2025-01-01T00:00:00+00:00,68.35,0.17,794,2,779,13,69228532.35,159740527.73,"{""SURVEY"": 233, ""VERIFICATION"": 233, ""OBJECTION"": 7, ""AWARD"": 155, ""COMPENSATION"": 155}","{""officers_count"": 2, ""sla_breaches"": 8, ""disputes_count"": 19, ""avg_days_per_stage"": 67.3, ""stage_complexity"": 0.907}"
41ba3d5d-1179-4656-9567-7ce910d56d7d,PROJ-1238,2025-01-16T00:00:00+00:00,68.35,0.34,794,4,772,18,92467020.48,152706965.72,"{""SURVEY"": 231, ""VERIFICATION"": 231, ""OBJECTION"": 10, ""AWARD"": 154, ""COMPENSATION"": 154}","{""officers_count"": 5, ""sla_breaches"": 5, ""disputes_count"": 23, ""avg_days_per_stage"": 74.6, ""stage_complexity"": 0.899}"
906a7bf5-989e-4427-abaa-1693767e3db3,PROJ-1238,2025-01-31T00:00:00+00:00,68.35,0.86,794,10,762,22,74395512.54,231646752.77,"{""SURVEY"": 228, ""VERIFICATION"": 228, ""OBJECTION"": 13, ""AWARD"": 152, ""COMPENSATION"": 152}","{""officers_count"": 4, ""sla_breaches"": 11, ""disputes_count"": 26, ""avg_days_per_stage"": 102.6, ""stage_complexity"": 0.8457}"
c23ff056-4dc6-4554-8750-2be70a470b24,PROJ-1238,2025-02-15T00:00:00+00:00,68.35,1.29,794,15,753,26,69486927.33,254941534.04,"{""SURVEY"": 225, ""VERIFICATION"": 225, ""OBJECTION"": 15, ""AWARD"": 150, ""COMPENSATION"": 150}","{""officers_count"": 5, ""sla_breaches"": 4, ""disputes_count"": 35, ""avg_days_per_stage"": 134.4, ""stage_complexity"": 0.8148}"
64169d50-28d1-41e0-9d40-f673c7271624,PROJ-1238,2025-03-02T00:00:00+00:00,68.35,1.72,794,20,741,33,59383684.29,142792433.2,"{""SURVEY"": 222, ""VERIFICATION"": 222, ""OBJECTION"": 19, ""AWARD"": 148, ""COMPENSATION"": 148}","{""officers_count"": 4, ""sla_breaches"": 8, ""disputes_count"": 41, ""avg_days_per_stage"": 103.2, ""stage_complexity"": 0.8588}"
48f988b6-d29a-4735-b1c1-f7388b81a061,PROJ-1238,2025-03-17T00:00:00+00:00,68.35,2.07,794,24,726,44,51032966.86,228109930.55,"{""SURVEY"": 217, ""VERIFICATION"": 217, ""OBJECTION"": 26, ""AWARD"": 145, ""COMPENSATION"": 145}","{""officers_count"": 4, ""sla_breaches"": 4, ""disputes_count"": 51, ""avg_days_per_stage"": 131.0, ""stage_complexity"": 0.8211}"
f6f99d3b-2ff5-4871-9964-62e1225b5a54,PROJ-1238,2025-04-01T00:00:00+00:00,68.35,2.15,794,25,714,55,52909258.9,251615771.71,"{""SURVEY"": 214, ""VERIFICATION"": 214, ""OBJECTION"": 33, ""AWARD"": 142, ""COMPENSATION"": 142}","{""officers_count"": 5, ""sla_breaches"": 5, ""disputes_count"": 58, ""avg_days_per_stage"": 126.7, ""stage_complexity"": 0.8497}"
56425963-8181-4746-81c4-6bece247200a,PROJ-1238,2025-04-16T00:00:00+00:00,68.35,2.41,794,28,699,67,53892123.16,143613520.93,"{""SURVEY"": 209, ""VERIFICATION"": 209, ""OBJECTION"": 40, ""AWARD"": 139, ""COMPENSATION"": 139}","{""officers_count"": 4, ""sla_breaches"": 7, ""disputes_count"": 77, ""avg_days_per_stage"": 78.9, ""stage_complexity"": 0.7557}"
511a240a-1e6d-4695-ab0a-bbea616b566c,PROJ-1238,2025-05-01T00:00:00+00:00,68.35,2.75,794,32,689,73,71271103.36,157708959.35,"{""SURVEY"": 206, ""VERIFICATION"": 206, ""OBJECTION"": 43, ""AWARD"": 137, ""COMPENSATION"": 137}","{""officers_count"": 3, ""sla_breaches"": 6, ""disputes_count"": 78, ""avg_days_per_stage"": 132.1, ""stage_complexity"": 0.7686}"
c3447485-5000-4e21-9cdb-af824ffc2ccb,PROJ-1238,2025-05-16T00:00:00+00:00,68.35,3.19,794,37,676,81,86099527.15,238420929.45,"{""SURVEY"": 202, ""VERIFICATION"": 202, ""OBJECTION"": 48, ""AWARD"": 135, ""COMPENSATION"": 135}","{""officers_count"": 5, ""sla_breaches"": 4, ""disputes_count"": 83, ""avg_days_per_stage"": 104.2, ""stage_complexity"": 0.7546}"
e7f4bdf1-e673-4b72-9114-3c57ea0c28a6,PROJ-1238,2025-05-31T00:00:00+00:00,68.35,3.7,794,43,660,91,49964679.35,153320085.79,"{""SURVEY"": 198, ""VERIFICATION"": 198, ""OBJECTION"": 54, ""AWARD"": 132, ""COMPENSATION"": 132}","{""officers_count"": 3, ""sla_breaches"": 9, ""disputes_count"": 97, ""avg_days_per_stage"": 137.5, ""stage_complexity"": 0.84}"
814f4f56-5f11-4d87-a1f7-f4c36b259f22,PROJ-1238,2025-06-15T00:00:00+00:00,68.35,4.22,794,49,646,99,36931248.97,150572074.58,"{""SURVEY"": 193, ""VERIFICATION"": 193, ""OBJECTION"": 59, ""AWARD"": 129, ""COMPENSATION"": 129}","{""officers_count"": 4, ""sla_breaches"": 11, ""disputes_count"": 109, ""avg_days_per_stage"": 126.4, ""stage_complexity"": 0.8464}"
d6d2b924-162c-4f84-bf2a-bfc0b1c795a8,PROJ-1238,2025-06-30T00:00:00+00:00,68.35,4.39,794,51,637,106,91756195.32,203758844.67,"{""SURVEY"": 191, ""VERIFICATION"": 191, ""OBJECTION"": 63, ""AWARD"": 127, ""COMPENSATION"": 127}","{""officers_count"": 2, ""sla_breaches"": 11, ""disputes_count"": 108, ""avg_days_per_stage"": 122.8, ""stage_complexity"": 0.8471}"
51e21f6a-ec30-4124-a9da-527edb92a2b0,PROJ-1238,2025-07-15T00:00:00+00:00,68.35,4.56,794,53,627,114,94246792.67,132595711.15,"{""SURVEY"": 188, ""VERIFICATION"": 188, ""OBJECTION"": 68, ""AWARD"": 125, ""COMPENSATION"": 125}","{""officers_count"": 4, ""sla_breaches"": 11, ""disputes_count"": 123, ""avg_days_per_stage"": 89.8, ""stage_complexity"": 0.8735}"
33d47158-ba3d-488d-9a97-7b872c22fa02,PROJ-1239,2025-01-01T00:00:00+00:00,1087.49,79.4,452,33,414,4,0.0,1908486875.47,"{""SURVEY"": 124, ""VERIFICATION"": 124, ""OBJECTION"": 2, ""AWARD"": 82, ""COMPENSATION"": 82}","{""officers_count"": 5, ""sla_breaches"": 1, ""disputes_count"": 3, ""avg_days_per_stage"": 31.8, ""stage_complexity"": 0.2693}"
8e1146dc-3aed-44a2-a09a-6aa0b9620938,PROJ-1239,2025-01-16T00:00:00+00:00,1087.49,129.92,452,54,394,2,318081145.91,1844870646.28,"{""SURVEY"": 118, ""VERIFICATION"": 118, ""OBJECTION"": 1, ""AWARD"": 78, ""COMPENSATION"": 78}","{""officers_count"": 9, ""sla_breaches"": 2, ""disputes_count"": 2, ""avg_days_per_stage"": 31.3, ""stage_complexity"": 0.3292}"
c9c0294c-56fd-4ea3-a66b-12b4a318f0a2,PROJ-1239,2025-01-31T00:00:00+00:00,1087.49,156.39,452,65,385,2,954243437.73,1717638187.92,"{""SURVEY"": 115, ""VERIFICATION"": 115, ""OBJECTION"": 1, ""AWARD"": 77, ""COMPENSATION"": 77}","{""officers_count"": 5, ""sla_breaches"": 2, ""disputes_count"": 1, ""avg_days_per_stage"": 23.0, ""stage_complexity"": 0.2114}"
6995fde3-3dce-4afc-8892-e13df4067238,PROJ-1239,2025-02-15T00:00:00+00:00,1087.49,218.94,452,91,359,1,1908486875.47,1526789500.37,"{""SURVEY"": 107, ""VERIFICATION"": 107, ""OBJECTION"": 0, ""AWARD"": 71, ""COMPENSATION"": 71}","{""officers_count"": 10, ""sla_breaches"": 0, ""disputes_count"": 0, ""avg_days_per_stage"": 32.2, ""stage_complexity"": 0.2612}"
d5fd449a-f8b9-4840-96cf-907ad9c1afc9,PROJ-1239,2025-03-02T00:00:00+00:00,1087.49,247.81,452,103,348,2,3180811459.11,1272324583.64,"{""SURVEY"": 104, ""VERIFICATION"": 104, ""OBJECTION"": 1, ""AWARD"": 69, ""COMPENSATION"": 69}","{""officers_count"": 6, ""sla_breaches"": 2, ""disputes_count"": 0, ""avg_days_per_stage"": 28.0, ""stage_complexity"": 0.3553}"
39a7da8a-5b67-4ee0-9700-f70dcccdec23,PROJ-1239,2025-03-17T00:00:00+00:00,1087.49,303.15,452,126,324,0,4771217188.67,954243437.73,"{""SURVEY"": 97, ""VERIFICATION"": 97, ""OBJECTION"": 0, ""AWARD"": 64, ""COMPENSATION"": 64}","{""officers_count"": 10, ""sla_breaches"": 1, ""disputes_count"": 2, ""avg_days_per_stage"": 20.3, ""stage_complexity"": 0.4318}"
f88f9a1e-86eb-4ad9-86c5-b95bbb0a3a8d,PROJ-1239,2025-04-01T00:00:00+00:00,1087.49,329.62,452,137,315,1,6361622918.22,636162291.82,"{""SURVEY"": 94, ""VERIFICATION"": 94, ""OBJECTION"": 0, ""AWARD"": 63, ""COMPENSATION"": 63}","{""officers_count"": 12, ""sla_breaches"": 2, ""disputes_count"": 2, ""avg_days_per_stage"": 28.3, ""stage_complexity"": 0.4162}"
e1da6bb8-ca24-4d62-ba20-9e56774b31b8,PROJ-1239,2025-04-16T00:00:00+00:00,1087.49,358.49,452,149,302,0,6361622918.22,636162291.82,"{""SURVEY"": 90, ""VERIFICATION"": 90, ""OBJECTION"": 0, ""AWARD"": 60, ""COMPENSATION"": 60}","{""officers_count"": 10, ""sla_breaches"": 0, ""disputes_count"": 1, ""avg_days_per_stage"": 33.4, ""stage_complexity"": 0.3075}"
d270bf1e-1016-43ba-93ab-71cf9378295e,PROJ-1239,2025-05-01T00:00:00+00:00,1087.49,389.76,452,162,290,0,6361622918.22,636162291.82,"{""SURVEY"": 87, ""VERIFICATION"": 87, ""OBJECTION"": 0, ""AWARD"": 58, ""COMPENSATION"": 58}","{""officers_count"": 8, ""sla_breaches"": 1, ""disputes_count"": 2, ""avg_days_per_stage"": 31.9, ""stage_complexity"": 0.3102}"
f7c25a0f-efd2-4638-807e-8b6e4fa4ce16,PROJ-1239,2025-05-16T00:00:00+00:00,1087.49,473.97,452,197,255,0,6361622918.22,636162291.82,"{""SURVEY"": 76, ""VERIFICATION"": 76, ""OBJECTION"": 0, ""AWARD"": 51, ""COMPENSATION"": 51}","{""officers_count"": 12, ""sla_breaches"": 0, ""disputes_count"": 2, ""avg_days_per_stage"": 31.1, ""stage_complexity"": 0.4415}"
3735443b-8ddd-4930-9e51-7bd4c5bed232,PROJ-1239,2025-05-31T00:00:00+00:00,1087.49,519.69,452,216,236,0,6361622918.22,636162291.82,"{""SURVEY"": 70, ""VERIFICATION"": 70, ""OBJECTION"": 0, ""AWARD"": 47, ""COMPENSATION"": 47}","{""officers_count"": 7, ""sla_breaches"": 0, ""disputes_count"": 3, ""avg_days_per_stage"": 20.8, ""stage_complexity"": 0.2867}"
b2a55c93-6aa2-49cb-9ed6-a005560a75c7,PROJ-1239,2025-06-15T00:00:00+00:00,1087.49,567.8,452,236,216,1,6361622918.22,636162291.82,"{""SURVEY"": 64, ""VERIFICATION"": 64, ""OBJECTION"": 0, ""AWARD"": 43, ""COMPENSATION"": 43}","{""officers_count"": 9, ""sla_breaches"": 1, ""disputes_count"": 3, ""avg_days_per_stage"": 18.2, ""stage_complexity"": 0.3685}"
de4f97ec-c6cf-4544-8bfb-88ac4ccfac4f,PROJ-1239,2025-06-30T00:00:00+00:00,1087.49,632.77,452,263,188,0,6361622918.22,636162291.82,"{""SURVEY"": 56, ""VERIFICATION"": 56, ""OBJECTION"": 0, ""AWARD"": 37, ""COMPENSATION"": 37}","{""officers_count"": 7, ""sla_breaches"": 0, ""disputes_count"": 0, ""avg_days_per_stage"": 24.9, ""stage_complexity"": 0.3428}"
ad0b5c23-b57f-43c0-9a45-abe277af17df,PROJ-1239,2025-07-15T00:00:00+00:00,1087.49,680.88,452,283,169,0,6361622918.22,636162291.82,"{""SURVEY"": 50, ""VERIFICATION"": 50, ""OBJECTION"": 0, ""AWARD"": 33, ""COMPENSATION"": 33}","{""officers_count"": 10, ""sla_breaches"": 1, ""disputes_count"": 2, ""avg_days_per_stage"": 21.3, ""stage_complexity"": 0.4139}"
d68e0586-fbf4-44c8-bc0c-e26743b8a82e,PROJ-1240,2025-01-01T00:00:00+00:00,927.58,116.86,127,16,108,1,0.0,684597332.16,"{""SURVEY"": 32, ""VERIFICATION"": 32, ""OBJECTION"": 0, ""AWARD"": 21, ""COMPENSATION"": 21}","{""officers_count"": 9, ""sla_breaches"": 1, ""disputes_count"": 0, ""avg_days_per_stage"": 21.9, ""stage_complexity"": 0.4061}"
007e29ce-ff8f-4d9e-ba31-c43767a14064,PROJ-1240,2025-01-16T00:00:00+00:00,927.58,204.51,127,28,98,2,114099555.36,661777421.09,"{""SURVEY"": 29, ""VERIFICATION"": 29, ""OBJECTION"": 1, ""AWARD"": 19, ""COMPENSATION"": 19}","{""officers_count"": 11, ""sla_breaches"": 2, ""disputes_count"": 1, ""avg_days_per_stage"": 17.7, ""stage_complexity"": 0.3052}"
72f9d510-f91e-407c-8eed-d11f066a4828,PROJ-1240,2025-01-31T00:00:00+00:00,927.58,387.1,127,53,72,3,342298666.08,616137598.94,"{""SURVEY"": 21, ""VERIFICATION"": 21, ""OBJECTION"": 1, ""AWARD"": 14, ""COMPENSATION"": 14}","{""officers_count"": 8, ""sla_breaches"": 2, ""disputes_count"": 3, ""avg_days_per_stage"": 25.5, ""stage_complexity"": 0.3363}"
a837eee4-e1e3-402a-9bae-a1b12b66558c,PROJ-1240,2025-02-15T00:00:00+00:00,927.58,525.87,127,72,52,2,684597332.16,547677865.73,"{""SURVEY"": 15, ""VERIFICATION"": 15, ""OBJECTION"": 1, ""AWARD"": 10, ""COMPENSATION"": 10}","{""officers_count"": 11, ""sla_breaches"": 1, ""disputes_count"": 1, ""avg_days_per_stage"": 34.1, ""stage_complexity"": 0.348}"
09141f3f-c472-4229-aeec-19c0e1571aac,PROJ-1240,2025-03-02T00:00:00+00:00,927.58,628.13,127,86,39,0,1140995553.6,456398221.44,"{""SURVEY"": 11, ""VERIFICATION"": 11, ""OBJECTION"": 0, ""AWARD"": 7, ""COMPENSATION"": 7}","{""officers_count"": 11, ""sla_breaches"": 2, ""disputes_count"": 1, ""avg_days_per_stage"": 18.6, ""stage_complexity"": 0.2217}"
3f3dd81b-87fa-450c-abad-e26e64856c4c,PROJ-1240,2025-03-17T00:00:00+00:00,927.58,766.9,127,105,22,1,1711493330.4,342298666.08,"{""SURVEY"": 6, ""VERIFICATION"": 6, ""OBJECTION"": 0, ""AWARD"": 4, ""COMPENSATION"": 4}","{""officers_count"": 6, ""sla_breaches"": 1, ""disputes_count"": 1, ""avg_days_per_stage"": 33.8, ""stage_complexity"": 0.4166}"
2f3a55c0-6a02-4d83-a6c9-0581032341a2,PROJ-1240,2025-04-01T00:00:00+00:00,927.58,927.58,127,127,0,0,2281991107.2,228199110.72,"{""SURVEY"": 0, ""VERIFICATION"": 0, ""OBJECTION"": 0, ""AWARD"": 0, ""COMPENSATION"": 0}","{""officers_count"": 9, ""sla_breaches"": 1, ""disputes_count"": 0, ""avg_days_per_stage"": 26.7, ""stage_complexity"": 0.2992}"
d8d3bc56-d52d-40e6-b488-a0266e07db99,PROJ-1240,2025-04-16T00:00:00+00:00,927.58,927.58,127,127,0,1,2281991107.2,228199110.72,"{""SURVEY"": 0, ""VERIFICATION"": 0, ""OBJECTION"": 0, ""AWARD"": 0, ""COMPENSATION"": 0}","{""officers_count"": 12, ""sla_breaches"": 2, ""disputes_count"": 0, ""avg_days_per_stage"": 17.0, ""stage_complexity"": 0.3699}"
979da8c5-92aa-4330-aa92-257db14371c0,PROJ-1240,2025-05-01T00:00:00+00:00,927.58,927.58,127,127,0,1,2281991107.2,228199110.72,"{""SURVEY"": 0, ""VERIFICATION"": 0, ""OBJECTION"": 0, ""AWARD"": 0, ""COMPENSATION"": 0}","{""officers_count"": 8, ""sla_breaches"": 0, ""disputes_count"": 1, ""avg_days_per_stage"": 30.0, ""stage_complexity"": 0.2608}"
f75b7b20-4579-4768-ba01-a285eb816289,PROJ-1240,2025-05-16T00:00:00+00:00,927.58,927.58,127,127,0,1,2281991107.2,228199110.72,"{""SURVEY"": 0, ""VERIFICATION"": 0, ""OBJECTION"": 0, ""AWARD"": 0, ""COMPENSATION"": 0}","{""officers_count"": 6, ""sla_breaches"": 0, ""disputes_count"": 3, ""avg_days_per_stage"": 31.2, ""stage_complexity"": 0.3842}"
035417b9-497e-4850-aae7-5bb890bb5c74,PROJ-1240,2025-05-31T00:00:00+00:00,927.58,927.58,127,127,0,0,2281991107.2,228199110.72,"{""SURVEY"": 0, ""VERIFICATION"": 0, ""OBJECTION"": 0, ""AWARD"": 0, ""COMPENSATION"": 0}","{""officers_count"": 11, ""sla_breaches"": 2, ""disputes_count"": 1, ""avg_days_per_stage"": 15.2, ""stage_complexity"": 0.4139}"
7e6d59e1-ba12-46af-a5da-fa61f1e815f6,PROJ-1240,2025-06-15T00:00:00+00:00,927.58,927.58,127,127,0,0,2281991107.2,228199110.72,"{""SURVEY"": 0, ""VERIFICATION"": 0, ""OBJECTION"": 0, ""AWARD"": 0, ""COMPENSATION"": 0}","{""officers_count"": 7, ""sla_breaches"": 2, ""disputes_count"": 3, ""avg_days_per_stage"": 16.9, ""stage_complexity"": 0.3985}"
325615b8-9d71-4518-92ac-a7e31a196c8d,PROJ-1240,2025-06-30T00:00:00+00:00,927.58,927.58,127,127,0,0,2281991107.2,228199110.72,"{""SURVEY"": 0, ""VERIFICATION"": 0, ""OBJECTION"": 0, ""AWARD"": 0, ""COMPENSATION"": 0}","{""officers_count"": 11, ""sla_breaches"": 0, ""disputes_count"": 1, ""avg_days_per_stage"": 28.8, ""stage_complexity"": 0.3236}"
9888b010-d204-4fd5-bc93-59917857db24,PROJ-1240,2025-07-15T00:00:00+00:00,927.58,927.58,127,127,0,0,2281991107.2,228199110.72,"{""SURVEY"": 0, ""VERIFICATION"": 0, ""OBJECTION"": 0, ""AWARD"": 0, ""COMPENSATION"": 0}","{""officers_count"": 12, ""sla_breaches"": 2, ""disputes_count"": 0, ""avg_days_per_stage"": 30.8, ""stage_complexity"": 0.2722}"
3688d36f-49d7-4d4a-a727-226772ce179d,PROJ-1240,2025-07-30T00:00:00+00:00,927.58,927.58,127,127,0,1,2281991107.2,228199110.72,"{""SURVEY"": 0, ""VERIFICATION"": 0, ""OBJECTION"": 0, ""AWARD"": 0, ""COMPENSATION"": 0}","{""officers_count"": 12, ""sla_breaches"": 1, ""disputes_count"": 0, ""avg_days_per_stage"": 24.0, ""stage_complexity"": 0.3564}"
c104c1bc-90a6-420f-ae45-3b7deb6752ce,PROJ-1240,2025-08-14T00:00:00+00:00,927.58,927.58,127,127,0,0,2281991107.2,228199110.72,"{""SURVEY"": 0, ""VERIFICATION"": 0, ""OBJECTION"": 0, ""AWARD"": 0, ""COMPENSATION"": 0}","{""officers_count"": 10, ""sla_breaches"": 1, ""disputes_count"": 2, ""avg_days_per_stage"": 26.8, ""stage_complexity"": 0.3949}"
57e7479b-8817-4641-808d-9729323e211c,PROJ-1240,2025-08-29T00:00:00+00:00,927.58,927.58,127,127,0,0,2281991107.2,228199110.72,"{""SURVEY"": 0, ""VERIFICATION"": 0, ""OBJECTION"": 0, ""AWARD"": 0, ""COMPENSATION"": 0}","{""officers_count"": 9, ""sla_breaches"": 2, ""disputes_count"": 1, ""avg_days_per_stage"": 25.3, ""stage_complexity"": 0.2753}"
5a57ed48-7518-4bcf-8d1a-9bd89fc920ee,PROJ-1241,2025-01-01T00:00:00+00:00,270.27,6.33,512,12,496,4,0.0,387072385.16,"{""SURVEY"": 148, ""VERIFICATION"": 148, ""OBJECTION"": 2, ""AWARD"": 99, ""COMPENSATION"": 99}","{""officers_count"": 5, ""sla_breaches"": 1, ""disputes_count"": 3, ""avg_days_per_stage"": 26.6, ""stage_complexity"": 0.3446}"
e6d4959c-813d-42f2-9450-f7a9b7de6551,PROJ-1241,2025-01-16T00:00:00+00:00,270.27,16.89,512,32,476,4,64512064.19,374169972.32,"{""SURVEY"": 142, ""VERIFICATION"": 142, ""OBJECTION"": 2, ""AWARD"": 95, ""COMPENSATION"": 95}","{""officers_count"": 5, ""sla_breaches"": 2, ""disputes_count"": 3, ""avg_days_per_stage"": 33.5, ""stage_complexity"": 0.3619}"
165f1eef-551f-4033-92d6-87a69df5a5dc,PROJ-1241,2025-01-31T00:00:00+00:00,270.27,33.26,512,63,445,4,193536192.58,348365146.64,"{""SURVEY"": 133, ""VERIFICATION"": 133, ""OBJECTION"": 2, ""AWARD"": 89, ""COMPENSATION"": 89}","{""officers_count"": 5, ""sla_breaches"": 0, ""disputes_count"": 2, ""avg_days_per_stage"": 17.3, ""stage_complexity"": 0.2059}"
bc5c0b50-c6e9-46c6-a2dc-54ea9f74d555,PROJ-1241,2025-02-15T00:00:00+00:00,270.27,47.51,512,90,418,3,387072385.16,309657908.12,"{""SURVEY"": 125, ""VERIFICATION"": 125, ""OBJECTION"": 1, ""AWARD"": 83, ""COMPENSATION"": 83}","{""officers_count"": 10, ""sla_breaches"": 0, ""disputes_count"": 1, ""avg_days_per_stage"": 24.2, ""stage_complexity"": 0.2979}"
892195e0-4d52-4196-98f2-0799640d4843,PROJ-1241,2025-03-02T00:00:00+00:00,270.27,59.65,512,113,396,4,645120641.93,258048256.77,"{""SURVEY"": 118, ""VERIFICATION"": 118, ""OBJECTION"": 2, ""AWARD"": 79, ""COMPENSATION"": 79}","{""officers_count"": 8, ""sla_breaches"": 0, ""disputes_count"": 2, ""avg_days_per_stage"": 25.6, ""stage_complexity"": 0.2595}"
2a907f27-8a9f-48f6-bc9c-878bb34163e0,PROJ-1241,2025-03-17T00:00:00+00:00,270.27,69.15,512,131,377,3,967680962.89,193536192.58,"{""SURVEY"": 113, ""VERIFICATION"": 113, ""OBJECTION"": 1, ""AWARD"": 75, ""COMPENSATION"": 75}","{""officers_count"": 6, ""sla_breaches"": 1, ""disputes_count"": 1, ""avg_days_per_stage"": 29.5, ""stage_complexity"": 0.3679}"
4b5ff222-14f3-49b3-b545-084b739663a3,PROJ-1241,2025-04-01T00:00:00+00:00,270.27,78.12,512,148,361,2,1290241283.85,129024128.39,"{""SURVEY"": 108, ""VERIFICATION"": 108, ""OBJECTION"": 1, ""AWARD"": 72, ""COMPENSATION"": 72}","{""officers_count"": 7, ""sla_breaches"": 0, ""disputes_count"": 1, ""avg_days_per_stage"": 15.4, ""stage_complexity"": 0.3404}"
6e5a72ef-5926-44af-862f-b1a3ff05cbbf,PROJ-1241,2025-04-16T00:00:00+00:00,270.27,83.4,512,158,352,3,1290241283.85,129024128.39,"{""SURVEY"": 105, ""VERIFICATION"": 105, ""OBJECTION"": 1, ""AWARD"": 70, ""COMPENSATION"": 70}","{""officers_count"": 8, ""sla_breaches"": 0, ""disputes_count"": 2, ""avg_days_per_stage"": 23.2, ""stage_complexity"": 0.2592}"
b0d86b9a-6dc5-4a71-9b78-e783eb96e190,PROJ-1241,2025-05-01T00:00:00+00:00,270.27,89.74,512,170,339,4,1290241283.85,129024128.39,"{""SURVEY"": 101, ""VERIFICATION"": 101, ""OBJECTION"": 2, ""AWARD"": 67, ""COMPENSATION"": 67}","{""officers_count"": 12, ""sla_breaches"": 2, ""disputes_count"": 1, ""avg_days_per_stage"": 25.8, ""stage_complexity"": 0.2785}"
048a3d47-97fc-47f1-9507-84e58f6b06f3,PROJ-1241,2025-05-16T00:00:00+00:00,270.27,101.88,512,193,315,5,1290241283.85,129024128.39,"{""SURVEY"": 94, ""VERIFICATION"": 94, ""OBJECTION"": 3, ""AWARD"": 63, ""COMPENSATION"": 63}","{""officers_count"": 11, ""sla_breaches"": 0, ""disputes_count"": 3, ""avg_days_per_stage"": 29.1, ""stage_complexity"": 0.2973}"
7285f989-be2c-4cb1-a740-0da90a48c202,PROJ-1241,2025-05-31T00:00:00+00:00,270.27,119.3,512,226,281,5,1290241283.85,129024128.39,"{""SURVEY"": 84, ""VERIFICATION"": 84, ""OBJECTION"": 3, ""AWARD"": 56, ""COMPENSATION"": 56}","{""officers_count"": 8, ""sla_breaches"": 0, ""disputes_count"": 3, ""avg_days_per_stage"": 28.7, ""stage_complexity"": 0.2108}"
b96c761a-9f9d-4c37-9e9c-656f0a367ef2,PROJ-1241,2025-06-15T00:00:00+00:00,270.27,130.91,512,248,259,3,1290241283.85,129024128.39,"{""SURVEY"": 77, ""VERIFICATION"": 77, ""OBJECTION"": 1, ""AWARD"": 51, ""COMPENSATION"": 51}","{""officers_count"": 6, ""sla_breaches"": 1, ""disputes_count"": 2, ""avg_days_per_stage"": 24.7, ""stage_complexity"": 0.3377}"
1b2ed84f-5d75-475b-acc1-e2dd27abf7a6,PROJ-1241,2025-06-30T00:00:00+00:00,270.27,138.3,512,262,247,3,1290241283.85,129024128.39,"{""SURVEY"": 74, ""VERIFICATION"": 74, ""OBJECTION"": 1, ""AWARD"": 49, ""COMPENSATION"": 49}","{""officers_count"": 6, ""sla_breaches"": 1, ""disputes_count"": 3, ""avg_days_per_stage"": 18.9, ""stage_complexity"": 0.3296}"
e990ba20-be69-4b9b-9b8e-292001dd02ba,PROJ-1241,2025-07-15T00:00:00+00:00,270.27,154.14,512,292,217,1,1290241283.85,129024128.39,"{""SURVEY"": 65, ""VERIFICATION"": 65, ""OBJECTION"": 0, ""AWARD"": 43, ""COMPENSATION"": 43}","{""officers_count"": 7, ""sla_breaches"": 2, ""disputes_count"": 1, ""avg_days_per_stage"": 29.1, ""stage_complexity"": 0.2008}"
5c583e69-2410-48cb-853e-586bf960bb55,PROJ-1241,2025-07-30T00:00:00+00:00,270.27,164.7,512,312,199,1,1290241283.85,129024128.39,"{""SURVEY"": 59, ""VERIFICATION"": 59, ""OBJECTION"": 0, ""AWARD"": 39, ""COMPENSATION"": 39}","{""officers_count"": 9, ""sla_breaches"": 2, ""disputes_count"": 0, ""avg_days_per_stage"": 27.9, ""stage_complexity"": 0.256}"
fe0112b7-2140-490a-88ae-a1d13d0c2b62,PROJ-1242,2025-01-01T00:00:00+00:00,673.16,63.18,277,26,251,0,0.0,739686596.22,"{""SURVEY"": 75, ""VERIFICATION"": 75, ""OBJECTION"": 0, ""AWARD"": 50, ""COMPENSATION"": 50}","{""officers_count"": 5, ""sla_breaches"": 0, ""disputes_count"": 2, ""avg_days_per_stage"": 24.7, ""stage_complexity"": 0.3527}"
26e8e5c6-f6c9-4832-80c8-04f7aaec338e,PROJ-1242,2025-01-16T00:00:00+00:00,673.16,140.95,277,58,219,0,123281099.37,715030376.35,"{""SURVEY"": 65, ""VERIFICATION"": 65, ""OBJECTION"": 0, ""AWARD"": 43, ""COMPENSATION"": 43}","{""officers_count"": 12, ""sla_breaches"": 0, ""disputes_count"": 3, ""avg_days_per_stage"": 34.5, ""stage_complexity"": 0.2129}"
61424c88-712e-4faf-80c1-7b29b657b1de,PROJ-1242,2025-01-31T00:00:00+00:00,673.16,165.25,277,68,209,1,369843298.11,665717936.6,"{""SURVEY"": 62, ""VERIFICATION"": 62, ""OBJECTION"": 0, ""AWARD"": 41, ""COMPENSATION"": 41}","{""officers_count"": 12, ""sla_breaches"": 0, ""disputes_count"": 3, ""avg_days_per_stage"": 33.5, ""stage_complexity"": 0.2975}"
644921f6-bf8a-45c7-8116-88564c148020,PROJ-1242,2025-02-15T00:00:00+00:00,673.16,243.02,277,100,176,1,739686596.22,591749276.98,"{""SURVEY"": 52, ""VERIFICATION"": 52, ""OBJECTION"": 0, ""AWARD"": 35, ""COMPENSATION"": 35}","{""officers_count"": 10, ""sla_breaches"": 2, ""disputes_count"": 0, ""avg_days_per_stage"": 33.0, ""stage_complexity"": 0.379}"
e379cde7-21c3-47b8-9ed9-2504a6cefd7d,PROJ-1242,2025-03-02T00:00:00+00:00,673.16,328.07,277,135,141,1,1232810993.71,493124397.48,"{""SURVEY"": 42, ""VERIFICATION"": 42, ""OBJECTION"": 0, ""AWARD"": 28, ""COMPENSATION"": 28}","{""officers_count"": 11, ""sla_breaches"": 0, ""disputes_count"": 2, ""avg_days_per_stage"": 20.2, ""stage_complexity"": 0.382}"
16b3021c-33d7-4560-80f1-fb5b194593f2,PROJ-1242,2025-03-17T00:00:00+00:00,673.16,405.84,277,167,109,0,1849216490.56,369843298.11,"{""SURVEY"": 32, ""VERIFICATION"": 32, ""OBJECTION"": 0, ""AWARD"": 21, ""COMPENSATION"": 21}","{""officers_count"": 8, ""sla_breaches"": 2, ""disputes_count"": 3, ""avg_days_per_stage"": 33.5, ""stage_complexity"": 0.2773}"
8810db10-60cd-4d7f-847c-e5d34693ba1b,PROJ-1242,2025-04-01T00:00:00+00:00,673.16,452.01,277,186,91,0,2465621987.41,246562198.74,"{""SURVEY"": 27, ""VERIFICATION"": 27, ""OBJECTION"": 0, ""AWARD"": 18, ""COMPENSATION"": 18}","{""officers_count"": 6, ""sla_breaches"": 0, ""disputes_count"": 3, ""avg_days_per_stage"": 22.9, ""stage_complexity"": 0.2069}"
23ad692d-1ce7-4c80-abdc-2b15722387c6,PROJ-1242,2025-04-16T00:00:00+00:00,673.16,493.33,277,203,74,1,2465621987.41,246562198.74,"{""SURVEY"": 22, ""VERIFICATION"": 22, ""OBJECTION"": 0, ""AWARD"": 14, ""COMPENSATION"": 14}","{""officers_count"": 6, ""sla_breaches"": 1, ""disputes_count"": 3, ""avg_days_per_stage"": 33.3, ""stage_complexity"": 0.3091}"
6d6c16c5-9322-4262-8793-40bc22b16882,PROJ-1242,2025-05-01T00:00:00+00:00,673.16,563.8,277,232,44,0,2465621987.41,246562198.74,"{""SURVEY"": 13, ""VERIFICATION"": 13, ""OBJECTION"": 0, ""AWARD"": 8, ""COMPENSATION"": 8}","{""officers_count"": 12, ""sla_breaches"": 1, ""disputes_count"": 1, ""avg_days_per_stage"": 17.3, ""stage_complexity"": 0.4344}"
752ce145-708c-4784-971b-c81c1326e1f2,PROJ-1242,2025-05-16T00:00:00+00:00,673.16,597.82,277,246,31,1,2465621987.41,246562198.74,"{""SURVEY"": 9, ""VERIFICATION"": 9, ""OBJECTION"": 0, ""AWARD"": 6, ""COMPENSATION"": 6}","{""officers_count"": 11, ""sla_breaches"": 2, ""disputes_count"": 3, ""avg_days_per_stage"": 24.9, ""stage_complexity"": 0.3992}"
5ccf184e-3574-48ba-8bf8-dc2c827ee797,PROJ-1242,2025-05-31T00:00:00+00:00,673.16,668.3,277,275,1,1,2465621987.41,246562198.74,"{""SURVEY"": 0, ""VERIFICATION"": 0, ""OBJECTION"": 0, ""AWARD"": 0, ""COMPENSATION"": 0}","{""officers_count"": 6, ""sla_breaches"": 2, ""disputes_count"": 2, ""avg_days_per_stage"": 26.8, ""stage_complexity"": 0.2696}"
0e0e71c6-c324-4d52-a0ee-ef34335f6d8f,PROJ-1242,2025-06-15T00:00:00+00:00,673.16,673.16,277,277,0,2,2465621987.41,246562198.74,"{""SURVEY"": 0, ""VERIFICATION"": 0, ""OBJECTION"": 1, ""AWARD"": 0, ""COMPENSATION"": 0}","{""officers_count"": 10, ""sla_breaches"": 2, ""disputes_count"": 0, ""avg_days_per_stage"": 18.0, ""stage_complexity"": 0.3923}"
e7f3dab0-713a-46d0-a156-a0870fca3fee,PROJ-1242,2025-06-30T00:00:00+00:00,673.16,673.16,277,277,0,0,2465621987.41,246562198.74,"{""SURVEY"": 0, ""VERIFICATION"": 0, ""OBJECTION"": 0, ""AWARD"": 0, ""COMPENSATION"": 0}","{""officers_count"": 6, ""sla_breaches"": 0, ""disputes_count"": 1, ""avg_days_per_stage"": 16.0, ""stage_complexity"": 0.3771}"
63ec620a-fa70-468c-800b-53175ceddd52,PROJ-1242,2025-07-15T00:00:00+00:00,673.16,673.16,277,277,0,1,2465621987.41,246562198.74,"{""SURVEY"": 0, ""VERIFICATION"": 0, ""OBJECTION"": 0, ""AWARD"": 0, ""COMPENSATION"": 0}","{""officers_count"": 5, ""sla_breaches"": 0, ""disputes_count"": 3, ""avg_days_per_stage"": 32.6, ""stage_complexity"": 0.2708}"
96b2094b-4cd1-4269-8c55-a24d57e28cf5,PROJ-1243,2025-01-01T00:00:00+00:00,451.09,0.65,691,1,684,6,535594960.03,1143999336.22,"{""SURVEY"": 205, ""VERIFICATION"": 205, ""OBJECTION"": 3, ""AWARD"": 136, ""COMPENSATION"": 136}","{""officers_count"": 5, ""sla_breaches"": 7, ""disputes_count"": 11, ""avg_days_per_stage"": 122.3, ""stage_complexity"": 0.7681}"
fc67a5c2-6e7a-4c05-b1d6-1ab894724ede,PROJ-1243,2025-01-16T00:00:00+00:00,451.09,1.96,691,3,676,12,273683733.72,1004440669.54,"{""SURVEY"": 202, ""VERIFICATION"": 202, ""OBJECTION"": 7, ""AWARD"": 135, ""COMPENSATION"": 135}","{""officers_count"": 2, ""sla_breaches"": 6, ""disputes_count"": 21, ""avg_days_per_stage"": 130.1, ""stage_complexity"": 0.9463}"
f01aa733-9076-4ef4-8b05-6ce531f23229,PROJ-1243,2025-01-31T00:00:00+00:00,451.09,2.61,691,4,665,22,359912338.44,1554272341.52,"{""SURVEY"": 199, ""VERIFICATION"": 199, ""OBJECTION"": 13, ""AWARD"": 133, ""COMPENSATION"": 133}","{""officers_count"": 2, ""sla_breaches"": 9, ""disputes_count"": 29, ""avg_days_per_stage"": 105.5, ""stage_complexity"": 0.9347}"
f79c64d7-d758-47b2-9a2d-08ac633b0a15,PROJ-1243,2025-02-15T00:00:00+00:00,451.09,4.57,691,7,650,34,453631590.74,1686308370.08,"{""SURVEY"": 195, ""VERIFICATION"": 195, ""OBJECTION"": 20, ""AWARD"": 130, ""COMPENSATION"": 130}","{""officers_count"": 3, ""sla_breaches"": 11, ""disputes_count"": 42, ""avg_days_per_stage"": 73.6, ""stage_complexity"": 0.8269}"
d09f68a7-4cf5-47f2-8ee3-05d5f32e3a01,PROJ-1243,2025-03-02T00:00:00+00:00,451.09,8.49,691,13,633,45,257657110.76,1762037650.06,"{""SURVEY"": 189, ""VERIFICATION"": 189, ""OBJECTION"": 27, ""AWARD"": 126, ""COMPENSATION"": 126}","{""officers_count"": 3, ""sla_breaches"": 8, ""disputes_count"": 48, ""avg_days_per_stage"": 99.4, ""stage_complexity"": 0.8922}"
3b1e3f85-4c7b-4b38-b734-6a8c9152fe7e,PROJ-1243,2025-03-17T00:00:00+00:00,451.09,12.4,691,19,619,53,354743373.3,1547149584.63,"{""SURVEY"": 185, ""VERIFICATION"": 185, ""OBJECTION"": 31, ""AWARD"": 123, ""COMPENSATION"": 123}","{""officers_count"": 5, ""sla_breaches"": 11, ""disputes_count"": 55, ""avg_days_per_stage"": 107.7, ""stage_complexity"": 0.9377}"
2877eeb4-efe9-473c-a74a-da31e59d6108,PROJ-1243,2025-04-01T00:00:00+00:00,451.09,13.06,691,20,611,60,443907627.96,919693109.12,"{""SURVEY"": 183, ""VERIFICATION"": 183, ""OBJECTION"": 36, ""AWARD"": 122, ""COMPENSATION"": 122}","{""officers_count"": 5, ""sla_breaches"": 7, ""disputes_count"": 65, ""avg_days_per_stage"": 70.9, ""stage_complexity"": 0.8259}"
d2544329-d31f-4803-9090-757098c9cd9b,PROJ-1243,2025-04-16T00:00:00+00:00,451.09,13.71,691,21,598,72,454516888.27,1566789769.01,"{""SURVEY"": 179, ""VERIFICATION"": 179, ""OBJECTION"": 43, ""AWARD"": 119, ""COMPENSATION"": 119}","{""officers_count"": 2, ""sla_breaches"": 9, ""disputes_count"": 80, ""avg_days_per_stage"": 133.2, ""stage_complexity"": 0.9004}"
10e790d7-c5aa-43ec-b73b-bcde297fee9f,PROJ-1243,2025-05-01T00:00:00+00:00,451.09,15.01,691,23,589,79,429608713.98,1409682272.53,"{""SURVEY"": 176, ""VERIFICATION"": 176, ""OBJECTION"": 47, ""AWARD"": 117, ""COMPENSATION"": 117}","{""officers_count"": 5, ""sla_breaches"": 5, ""disputes_count"": 86, ""avg_days_per_stage"": 117.2, ""stage_complexity"": 0.9197}"
70a6a822-373d-4511-a833-3d765ffc8b8f,PROJ-1243,2025-05-16T00:00:00+00:00,451.09,18.93,691,29,579,83,612765305.75,1364322354.72,"{""SURVEY"": 173, ""VERIFICATION"": 173, ""OBJECTION"": 49, ""AWARD"": 115, ""COMPENSATION"": 115}","{""officers_count"": 5, ""sla_breaches"": 5, ""disputes_count"": 87, ""avg_days_per_stage"": 93.5, ""stage_complexity"": 0.9013}"
d508bfda-ccd9-491a-992a-2f04161bc12c,PROJ-1243,2025-05-31T00:00:00+00:00,451.09,20.89,691,32,567,92,398572005.16,1290531111.79,"{""SURVEY"": 170, ""VERIFICATION"": 170, ""OBJECTION"": 55, ""AWARD"": 113, ""COMPENSATION"": 113}","{""officers_count"": 4, ""sla_breaches"": 10, ""disputes_count"": 100, ""avg_days_per_stage"": 115.1, ""stage_complexity"": 0.9042}"
d6781120-7f5c-4c10-8447-3aa1d62e78ef,PROJ-1243,2025-06-15T00:00:00+00:00,451.09,23.5,691,36,559,96,442325609.19,1680100988.15,"{""SURVEY"": 167, ""VERIFICATION"": 167, ""OBJECTION"": 57, ""AWARD"": 111, ""COMPENSATION"": 111}","{""officers_count"": 2, ""sla_breaches"": 11, ""disputes_count"": 106, ""avg_days_per_stage"": 96.5, ""stage_complexity"": 0.7515}"
394b41e5-da2f-451a-ad51-38e4bbae53d5,PROJ-1243,2025-06-30T00:00:00+00:00,451.09,25.46,691,39,552,100,452556888.5,1547656340.39,"{""SURVEY"": 165, ""VERIFICATION"": 165, ""OBJECTION"": 60, ""AWARD"": 110, ""COMPENSATION"": 110}","{""officers_count"": 3, ""sla_breaches"": 9, ""disputes_count"": 106, ""avg_days_per_stage"": 72.3, ""stage_complexity"": 0.8136}"
4e2b4e90-95b1-4da7-83c3-9f264257227e,PROJ-1243,2025-07-15T00:00:00+00:00,451.09,26.77,691,41,542,108,245214201.03,1017664714.97,"{""SURVEY"": 162, ""VERIFICATION"": 162, ""OBJECTION"": 64, ""AWARD"": 108, ""COMPENSATION"": 108}","{""officers_count"": 3, ""sla_breaches"": 10, ""disputes_count"": 110, ""avg_days_per_stage"": 74.7, ""stage_complexity"": 0.8031}"
552f95b1-c8df-488c-8511-b9f6f6ff35a1,PROJ-1243,2025-07-30T00:00:00+00:00,451.09,30.03,691,46,526,119,536484249.99,1393460295.61,"{""SURVEY"": 157, ""VERIFICATION"": 157, ""OBJECTION"": 71, ""AWARD"": 105, ""COMPENSATION"": 105}","{""officers_count"": 3, ""sla_breaches"": 8, ""disputes_count"": 121, ""avg_days_per_stage"": 100.1, ""stage_complexity"": 0.9006}"
d632afe2-7333-4572-bf86-c1043a9ab044,PROJ-1244,2025-01-01T00:00:00+00:00,711.53,36.32,666,34,629,4,0.0,1049579895.52,"{""SURVEY"": 188, ""VERIFICATION"": 188, ""OBJECTION"": 2, ""AWARD"": 125, ""COMPENSATION"": 125}","{""officers_count"": 11, ""sla_breaches"": 1, ""disputes_count"": 1, ""avg_days_per_stage"": 30.2, ""stage_complexity"": 0.2375}"
dab7219b-6768-415e-a5db-ce505ab3095b,PROJ-1244,2025-01-16T00:00:00+00:00,711.53,48.08,666,45,617,4,174929982.59,1014593899.01,"{""SURVEY"": 185, ""VERIFICATION"": 185, ""OBJECTION"": 2, ""AWARD"": 123, ""COMPENSATION"": 123}","{""officers_count"": 7, ""sla_breaches"": 1, ""disputes_count"": 3, ""avg_days_per_stage"": 16.2, ""stage_complexity"": 0.3193}"
e421b1ad-a72d-4609-ac8d-73359ea5138e,PROJ-1244,2025-01-31T00:00:00+00:00,711.53,66.24,666,62,600,5,524789947.76,944621905.97,"{""SURVEY"": 180, ""VERIFICATION"": 180, ""OBJECTION"": 3, ""AWARD"": 120, ""COMPENSATION"": 120}","{""officers_count"": 7, ""sla_breaches"": 2, ""disputes_count"": 2, ""avg_days_per_stage"": 23.4, ""stage_complexity"": 0.3516}"
938ecff7-7461-4801-a811-224c0834a0a0,PROJ-1244,2025-02-15T00:00:00+00:00,711.53,98.29,666,92,569,6,1049579895.52,839663916.42,"{""SURVEY"": 170, ""VERIFICATION"": 170, ""OBJECTION"": 3, ""AWARD"": 113, ""COMPENSATION"": 113}","{""officers_count"": 11, ""sla_breaches"": 2, ""disputes_count"": 0, ""avg_days_per_stage"": 33.8, ""stage_complexity"": 0.2166}"
9e176280-9dc9-4e6e-8ac0-dd72b8082078,PROJ-1244,2025-03-02T00:00:00+00:00,711.53,126.07,666,118,542,4,1749299825.87,699719930.35,"{""SURVEY"": 162, ""VERIFICATION"": 162, ""OBJECTION"": 2, ""AWARD"": 108, ""COMPENSATION"": 108}","{""officers_count"": 6, ""sla_breaches"": 1, ""disputes_count"": 3, ""avg_days_per_stage"": 21.2, ""stage_complexity"": 0.3034}"
7047b21f-146e-454a-abe7-456e20344cde,PROJ-1244,2025-03-17T00:00:00+00:00,711.53,155.98,666,146,516,2,2623949738.81,524789947.76,"{""SURVEY"": 154, ""VERIFICATION"": 154, ""OBJECTION"": 1, ""AWARD"": 103, ""COMPENSATION"": 103}","{""officers_count"": 11, ""sla_breaches"": 0, ""disputes_count"": 3, ""avg_days_per_stage"": 31.6, ""stage_complexity"": 0.2878}"
f93b4b8e-dfdb-42b1-bc43-b49aa03b8681,PROJ-1244,2025-04-01T00:00:00+00:00,711.53,180.55,666,169,495,3,3498599651.75,349859965.17,"{""SURVEY"": 148, ""VERIFICATION"": 148, ""OBJECTION"": 1, ""AWARD"": 99, ""COMPENSATION"": 99}","{""officers_count"": 11, ""sla_breaches"": 1, ""disputes_count"": 2, ""avg_days_per_stage"": 18.3, ""stage_complexity"": 0.2975}"
ee6a6545-cd07-471e-b188-af8cd49c55ab,PROJ-1245,2025-01-01T00:00:00+00:00,654.47,16.2,727,18,707,0,0.0,1040139153.36,"{""SURVEY"": 212, ""VERIFICATION"": 212, ""OBJECTION"": 0, ""AWARD"": 141, ""COMPENSATION"": 141}","{""officers_count"": 7, ""sla_breaches"": 1, ""disputes_count"": 3, ""avg_days_per_stage"": 24.7, ""stage_complexity"": 0.2441}"
e1e1bec7-2c1f-497d-8d85-d047658a8063,PROJ-1245,2025-01-16T00:00:00+00:00,654.47,33.31,727,37,690,1,173356525.56,1005467848.25,"{""SURVEY"": 207, ""VERIFICATION"": 207, ""OBJECTION"": 0, ""AWARD"": 138, ""COMPENSATION"": 138}","{""officers_count"": 9, ""sla_breaches"": 2, ""disputes_count"": 3, ""avg_days_per_stage"": 29.0, ""stage_complexity"": 0.3174}"
dad45999-70ed-493d-a348-35d8ba6b6f4a,PROJ-1245,2025-01-31T00:00:00+00:00,654.47,46.81,727,52,674,1,520069576.68,936125238.03,"{""SURVEY"": 202, ""VERIFICATION"": 202, ""OBJECTION"": 0, ""AWARD"": 134, ""COMPENSATION"": 134}","{""officers_count"": 7, ""sla_breaches"": 2, ""disputes_count"": 1, ""avg_days_per_stage"": 21.2, ""stage_complexity"": 0.297}"
2fa242d6-3850-406c-8061-f25c6e8302bd,PROJ-1245,2025-02-15T00:00:00+00:00,654.47,61.22,727,68,658,2,1040139153.36,832111322.69,"{""SURVEY"": 197, ""VERIFICATION"": 197, ""OBJECTION"": 1, ""AWARD"": 131, ""COMPENSATION"": 131}","{""officers_count"": 5, ""sla_breaches"": 0, ""disputes_count"": 2, ""avg_days_per_stage"": 21.4, ""stage_complexity"": 0.2909}"
5dd1ae99-5e67-4096-ad1b-e1d843ae6316,PROJ-1245,2025-03-02T00:00:00+00:00,654.47,72.02,727,80,645,3,1733565255.61,693426102.24,"{""SURVEY"": 193, ""VERIFICATION"": 193, ""OBJECTION"": 1, ""AWARD"": 129, ""COMPENSATION"": 129}","{""officers_count"": 12, ""sla_breaches"": 2, ""disputes_count"": 2, ""avg_days_per_stage"": 15.2, ""stage_complexity"": 0.2794}"
b42a1ce2-de1b-4f3a-90fa-b0a4977c24e5,PROJ-1245,2025-03-17T00:00:00+00:00,654.47,89.12,727,99,625,4,2600347883.41,520069576.68,"{""SURVEY"": 187, ""VERIFICATION"": 187, ""OBJECTION"": 2, ""AWARD"": 125, ""COMPENSATION"": 125}","{""officers_count"": 7, ""sla_breaches"": 2, ""disputes_count"": 1, ""avg_days_per_stage"": 26.2, ""stage_complexity"": 0.367}"
69336cda-b948-472d-ac32-70aaa7547ae0,PROJ-1245,2025-04-01T00:00:00+00:00,654.47,107.13,727,119,604,3,3467130511.22,346713051.12,"{""SURVEY"": 181, ""VERIFICATION"": 181, ""OBJECTION"": 1, ""AWARD"": 120, ""COMPENSATION"": 120}","{""officers_count"": 10, ""sla_breaches"": 1, ""disputes_count"": 3, ""avg_days_per_stage"": 21.9, ""stage_complexity"": 0.4407}"
5f1f6c8d-a7fe-4603-a688-800e199254ad,PROJ-1245,2025-04-16T00:00:00+00:00,654.47,117.93,727,131,593,4,3467130511.22,346713051.12,"{""SURVEY"": 177, ""VERIFICATION"": 177, ""OBJECTION"": 2, ""AWARD"": 118, ""COMPENSATION"": 118}","{""officers_count"": 7, ""sla_breaches"": 2, ""disputes_count"": 0, ""avg_days_per_stage"": 17.0, ""stage_complexity"": 0.2882}"
709a2fa2-2cc7-4405-9f44-39b3337c0f66,PROJ-1245,2025-05-01T00:00:00+00:00,654.47,144.04,727,160,563,3,3467130511.22,346713051.12,"{""SURVEY"": 168, ""VERIFICATION"": 168, ""OBJECTION"": 1, ""AWARD"": 112, ""COMPENSATION"": 112}","{""officers_count"": 12, ""sla_breaches"": 0, ""disputes_count"": 3, ""avg_days_per_stage"": 34.0, ""stage_complexity"": 0.388}"
efb211b1-51f5-42b2-9417-4825c594b17a,PROJ-1245,2025-05-16T00:00:00+00:00,654.47,162.94,727,181,543,1,3467130511.22,346713051.12,"{""SURVEY"": 162, ""VERIFICATION"": 162, ""OBJECTION"": 0, ""AWARD"": 108, ""COMPENSATION"": 108}","{""officers_count"": 5, ""sla_breaches"": 2, ""disputes_count"": 3, ""avg_days_per_stage"": 32.1, ""stage_complexity"": 0.2354}"
1ac7856c-434e-450e-9ce7-12f525915384,PROJ-1245,2025-05-31T00:00:00+00:00,654.47,184.55,727,205,521,2,3467130511.22,346713051.12,"{""SURVEY"": 156, ""VERIFICATION"": 156, ""OBJECTION"": 1, ""AWARD"": 104, ""COMPENSATION"": 104}","{""officers_count"": 12, ""sla_breaches"": 2, ""disputes_count"": 1, ""avg_days_per_stage"": 16.8, ""stage_complexity"": 0.4262}"
6b20092c-7cd1-4e00-a3f0-63ce4ffe8a3c,PROJ-1246,2025-01-01T00:00:00+00:00,354.05,3.89,455,5,442,8,185850105.41,629919800.9,"{""SURVEY"": 132, ""VERIFICATION"": 132, ""OBJECTION"": 4, ""AWARD"": 88, ""COMPENSATION"": 88}","{""officers_count"": 3, ""sla_breaches"": 6, ""disputes_count"": 10, ""avg_days_per_stage"": 120.0, ""stage_complexity"": 0.8011}"
e903748f-9f84-48aa-9d3b-877eee300321,PROJ-1246,2025-01-16T00:00:00+00:00,354.05,6.23,455,8,435,12,158803266.14,568039041.68,"{""SURVEY"": 130, ""VERIFICATION"": 130, ""OBJECTION"": 7, ""AWARD"": 87, ""COMPENSATION"": 87}","{""officers_count"": 5, ""sla_breaches"": 8, ""disputes_count"": 16, ""avg_days_per_stage"": 99.5, ""stage_complexity"": 0.8116}"
6ee41520-08f6-4858-a257-a9fd6f2c700b,PROJ-1246,2025-01-31T00:00:00+00:00,354.05,9.34,455,12,424,19,165293796.46,856561203.88,"{""SURVEY"": 127, ""VERIFICATION"": 127, ""OBJECTION"": 11, ""AWARD"": 84, ""COMPENSATION"": 84}","{""officers_count"": 2, ""sla_breaches"": 6, ""disputes_count"": 29, ""avg_days_per_stage"": 104.6, ""stage_complexity"": 0.7613}"
b2624a98-239d-456d-a3a7-9fe708715f38,PROJ-1246,2025-02-15T00:00:00+00:00,354.05,10.89,455,14,413,28,199404845.61,582892203.85,"{""SURVEY"": 123, ""VERIFICATION"": 123, ""OBJECTION"": 16, ""AWARD"": 82, ""COMPENSATION"": 82}","{""officers_count"": 5, ""sla_breaches"": 8, ""disputes_count"": 33, ""avg_days_per_stage"": 87.3, ""stage_complexity"": 0.8631}"
c6a7fcda-42ef-4b21-b501-db13fe7ec118,PROJ-1246,2025-03-02T00:00:00+00:00,354.05,14.01,455,18,400,37,132168951.28,534572763.66,"{""SURVEY"": 120, ""VERIFICATION"": 120, ""OBJECTION"": 22, ""AWARD"": 80, ""COMPENSATION"": 80}","{""officers_count"": 5, ""sla_breaches"": 7, ""disputes_count"": 41, ""avg_days_per_stage"": 131.0, ""stage_complexity"": 0.7535}"
a93eb481-98e8-4438-bdba-3fc09e32e7a6,PROJ-1246,2025-03-17T00:00:00+00:00,354.05,16.34,455,21,390,44,223298958.17,704755585.9,"{""SURVEY"": 117, ""VERIFICATION"": 117, ""OBJECTION"": 26, ""AWARD"": 78, ""COMPENSATION"": 78}","{""officers_count"": 2, ""sla_breaches"": 10, ""disputes_count"": 50, ""avg_days_per_stage"": 84.4, ""stage_complexity"": 0.7867}"
545be9bd-3d7f-4ca7-b894-70ed72834ba4,PROJ-1246,2025-04-01T00:00:00+00:00,354.05,18.68,455,24,379,52,286842581.33,450618697.12,"{""SURVEY"": 113, ""VERIFICATION"": 113, ""OBJECTION"": 31, ""AWARD"": 75, ""COMPENSATION"": 75}","{""officers_count"": 2, ""sla_breaches"": 10, ""disputes_count"": 55, ""avg_days_per_stage"": 84.3, ""stage_complexity"": 0.8235}"
58b7c100-9575-4ae4-ac4c-51dd6a608c6e,PROJ-1246,2025-04-16T00:00:00+00:00,354.05,23.34,455,30,361,64,304612628.96,707035590.33,"{""SURVEY"": 108, ""VERIFICATION"": 108, ""OBJECTION"": 38, ""AWARD"": 72, ""COMPENSATION"": 72}","{""officers_count"": 4, ""sla_breaches"": 9, ""disputes_count"": 70, ""avg_days_per_stage"": 75.8, ""stage_complexity"": 0.8664}"
9ca1d2cf-01ab-47b2-8fec-584c6f2804ab,PROJ-1246,2025-05-01T00:00:00+00:00,354.05,24.12,455,31,355,69,310359244.29,736733220.91,"{""SURVEY"": 106, ""VERIFICATION"": 106, ""OBJECTION"": 41, ""AWARD"": 71, ""COMPENSATION"": 71}","{""officers_count"": 3, ""sla_breaches"": 9, ""disputes_count"": 71, ""avg_days_per_stage"": 118.4, ""stage_complexity"": 0.8261}"
e5c7aed9-82e1-4873-8856-09049474c64f,PROJ-1246,2025-05-16T00:00:00+00:00,354.05,28.01,455,36,341,78,326372432.56,805790456.96,"{""SURVEY"": 102, ""VERIFICATION"": 102, ""OBJECTION"": 46, ""AWARD"": 68, ""COMPENSATION"": 68}","{""officers_count"": 5, ""sla_breaches"": 8, ""disputes_count"": 82, ""avg_days_per_stage"": 104.0, ""stage_complexity"": 0.8752}"
cbf6e830-ef9a-4ca9-8cfe-e209a1284aa7,PROJ-1246,2025-05-31T00:00:00+00:00,354.05,28.79,455,37,332,86,326983036.23,852667910.4,"{""SURVEY"": 99, ""VERIFICATION"": 99, ""OBJECTION"": 51, ""AWARD"": 66, ""COMPENSATION"": 66}","{""officers_count"": 3, ""sla_breaches"": 7, ""disputes_count"": 93, ""avg_days_per_stage"": 90.3, ""stage_complexity"": 0.8896}"
9bd7f11d-7b50-4d27-97da-e53f1e2ef111,PROJ-1247,2025-01-01T00:00:00+00:00,778.49,12.89,604,10,588,6,883404465.02,1526388355.17,"{""SURVEY"": 176, ""VERIFICATION"": 176, ""OBJECTION"": 3, ""AWARD"": 117, ""COMPENSATION"": 117}","{""officers_count"": 3, ""sla_breaches"": 5, ""disputes_count"": 6, ""avg_days_per_stage"": 57.8, ""stage_complexity"": 0.5635}"
6d4bf2c6-640b-442a-a014-4cea8b7530ac,PROJ-1247,2025-01-16T00:00:00+00:00,778.49,29.64,604,23,574,7,691451139.95,1617463305.99,"{""SURVEY"": 172, ""VERIFICATION"": 172, ""OBJECTION"": 4, ""AWARD"": 114, ""COMPENSATION"": 114}","{""officers_count"": 3, ""sla_breaches"": 3, ""disputes_count"": 3, ""avg_days_per_stage"": 35.1, ""stage_complexity"": 0.4947}"
17914c0f-593b-4fae-8a20-6af21017bc1d,PROJ-1247,2025-01-31T00:00:00+00:00,778.49,36.09,604,28,569,7,1089185541.64,918452943.28,"{""SURVEY"": 170, ""VERIFICATION"": 170, ""OBJECTION"": 4, ""AWARD"": 113, ""COMPENSATION"": 113}","{""officers_count"": 6, ""sla_breaches"": 5, ""disputes_count"": 2, ""avg_days_per_stage"": 54.5, ""stage_complexity"": 0.4478}"
b540bc5f-d181-49c9-a770-548a9c99f89b,PROJ-1247,2025-02-15T00:00:00+00:00,778.49,48.98,604,38,559,7,782958178.25,1537321863.23,"{""SURVEY"": 167, ""VERIFICATION"": 167, ""OBJECTION"": 4, ""AWARD"": 111, ""COMPENSATION"": 111}","{""officers_count"": 3, ""sla_breaches"": 3, ""disputes_count"": 6, ""avg_days_per_stage"": 44.4, ""stage_complexity"": 0.6677}"
d1317113-d6f9-437e-b59c-21df1d089bae,PROJ-1247,2025-03-02T00:00:00+00:00,778.49,56.71,604,44,552,8,792116914.47,1294921027.88,"{""SURVEY"": 165, ""VERIFICATION"": 165, ""OBJECTION"": 4, ""AWARD"": 110, ""COMPENSATION"": 110}","{""officers_count"": 3, ""sla_breaches"": 5, ""disputes_count"": 6, ""avg_days_per_stage"": 45.9, ""stage_complexity"": 0.6575}"
eea72dbb-f759-4573-8bcf-c99b76161cc8,PROJ-1247,2025-03-17T00:00:00+00:00,778.49,69.6,604,54,543,7,1004097232.96,1325333513.93,"{""SURVEY"": 162, ""VERIFICATION"": 162, ""OBJECTION"": 4, ""AWARD"": 108, ""COMPENSATION"": 108}","{""officers_count"": 6, ""sla_breaches"": 3, ""disputes_count"": 5, ""avg_days_per_stage"": 39.0, ""stage_complexity"": 0.4731}"
4984a2d6-6bdc-4090-a2da-be88e07de24d,PROJ-1247,2025-04-01T00:00:00+00:00,778.49,86.36,604,67,531,6,1132581970.5,1114397266.59,"{""SURVEY"": 159, ""VERIFICATION"": 159, ""OBJECTION"": 3, ""AWARD"": 106, ""COMPENSATION"": 106}","{""officers_count"": 4, ""sla_breaches"": 2, ""disputes_count"": 5, ""avg_days_per_stage"": 43.1, ""stage_complexity"": 0.4179}"
fdb42a78-c27d-43e2-9d0f-ad43ae843cb2,PROJ-1247,2025-04-16T00:00:00+00:00,778.49,100.53,604,78,517,9,741041574.33,1486703504.66,"{""SURVEY"": 155, ""VERIFICATION"": 155, ""OBJECTION"": 5, ""AWARD"": 103, ""COMPENSATION"": 103}","{""officers_count"": 3, ""sla_breaches"": 4, ""disputes_count"": 3, ""avg_days_per_stage"": 38.5, ""stage_complexity"": 0.5954}"
2c7b7f75-b6f0-40f9-bfda-b45322b7bf40,PROJ-1247,2025-05-01T00:00:00+00:00,778.49,116.0,604,90,506,8,586539844.89,1128228501.8,"{""SURVEY"": 151, ""VERIFICATION"": 151, ""OBJECTION"": 4, ""AWARD"": 101, ""COMPENSATION"": 101}","{""officers_count"": 4, ""sla_breaches"": 3, ""disputes_count"": 4, ""avg_days_per_stage"": 52.2, ""stage_complexity"": 0.475}"
ba3a9a2a-a40d-433a-88d6-2c139228ca40,PROJ-1247,2025-05-16T00:00:00+00:00,778.49,130.18,604,101,494,9,662684148.21,1436763388.86,"{""SURVEY"": 148, ""VERIFICATION"": 148, ""OBJECTION"": 5, ""AWARD"": 98, ""COMPENSATION"": 98}","{""officers_count"": 4, ""sla_breaches"": 2, ""disputes_count"": 7, ""avg_days_per_stage"": 64.2, ""stage_complexity"": 0.5803}"
19b74ead-2f52-4add-ba2c-29eafc3c3a7c,PROJ-1247,2025-05-31T00:00:00+00:00,778.49,149.51,604,116,478,10,1166307368.03,1454811524.84,"{""SURVEY"": 143, ""VERIFICATION"": 143, ""OBJECTION"": 6, ""AWARD"": 95, ""COMPENSATION"": 95}","{""officers_count"": 3, ""sla_breaches"": 5, ""disputes_count"": 5, ""avg_days_per_stage"": 60.2, ""stage_complexity"": 0.4705}"
9ec68b1a-dd0c-4899-ad5e-fd4b0c1f0db1,PROJ-1247,2025-06-15T00:00:00+00:00,778.49,167.56,604,130,463,11,575385667.31,982526778.21,"{""SURVEY"": 138, ""VERIFICATION"": 138, ""OBJECTION"": 6, ""AWARD"": 92, ""COMPENSATION"": 92}","{""officers_count"": 6, ""sla_breaches"": 4, ""disputes_count"": 2, ""avg_days_per_stage"": 36.4, ""stage_complexity"": 0.6225}"
62f1c336-f0eb-4904-a9c6-e19bce250011,PROJ-1247,2025-06-30T00:00:00+00:00,778.49,181.73,604,141,451,12,1183336611.36,1471401337.83,"{""SURVEY"": 135, ""VERIFICATION"": 135, ""OBJECTION"": 7, ""AWARD"": 90, ""COMPENSATION"": 90}","{""officers_count"": 5, ""sla_breaches"": 2, ""disputes_count"": 3, ""avg_days_per_stage"": 63.9, ""stage_complexity"": 0.6827}"
7078145b-2991-4ea3-8e19-646727b26d5c,PROJ-1247,2025-07-15T00:00:00+00:00,778.49,195.91,604,152,440,12,1181124921.35,1274481824.61,"{""SURVEY"": 132, ""VERIFICATION"": 132, ""OBJECTION"": 7, ""AWARD"": 88, ""COMPENSATION"": 88}","{""officers_count"": 3, ""sla_breaches"": 3, ""disputes_count"": 5, ""avg_days_per_stage"": 36.4, ""stage_complexity"": 0.6444}"
643987bf-7df7-42fb-9903-254d0a06441f,PROJ-1247,2025-07-30T00:00:00+00:00,778.49,215.24,604,167,424,13,856150802.69,1486362371.39,"{""SURVEY"": 127, ""VERIFICATION"": 127, ""OBJECTION"": 7, ""AWARD"": 84, ""COMPENSATION"": 84}","{""officers_count"": 6, ""sla_breaches"": 2, ""disputes_count"": 6, ""avg_days_per_stage"": 59.5, ""stage_complexity"": 0.6623}"
869db0be-43f9-47e4-8fc6-cb8783852e50,PROJ-1247,2025-08-14T00:00:00+00:00,778.49,226.84,604,176,412,16,558559062.4,817996983.25,"{""SURVEY"": 123, ""VERIFICATION"": 123, ""OBJECTION"": 9, ""AWARD"": 82, ""COMPENSATION"": 82}","{""officers_count"": 6, ""sla_breaches"": 2, ""disputes_count"": 3, ""avg_days_per_stage"": 61.5, ""stage_complexity"": 0.6724}"
e4f1c122-edf1-457f-bdbf-a91dec05880d,PROJ-1247,2025-08-29T00:00:00+00:00,778.49,244.89,604,190,397,17,1116711832.88,1583715466.81,"{""SURVEY"": 119, ""VERIFICATION"": 119, ""OBJECTION"": 10, ""AWARD"": 79, ""COMPENSATION"": 79}","{""officers_count"": 4, ""sla_breaches"": 2, ""disputes_count"": 7, ""avg_days_per_stage"": 48.2, ""stage_complexity"": 0.6237}"
bf224dcf-cf1c-48d2-8adc-b76b5c6e06f4,PROJ-1248,2025-01-01T00:00:00+00:00,1044.63,68.53,503,33,467,4,0.0,1113809276.39,"{""SURVEY"": 140, ""VERIFICATION"": 140, ""OBJECTION"": 2, ""AWARD"": 93, ""COMPENSATION"": 93}","{""officers_count"": 10, ""sla_breaches"": 2, ""disputes_count"": 2, ""avg_days_per_stage"": 28.3, ""stage_complexity"": 0.3542}"
ba7a6769-fb52-4922-ab04-e9f6f67fd081,PROJ-1248,2025-01-16T00:00:00+00:00,1044.63,99.69,503,48,451,4,185634879.4,1076682300.51,"{""SURVEY"": 135, ""VERIFICATION"": 135, ""OBJECTION"": 2, ""AWARD"": 90, ""COMPENSATION"": 90}","{""officers_count"": 9, ""sla_breaches"": 1, ""disputes_count"": 0, ""avg_days_per_stage"": 23.0, ""stage_complexity"": 0.4301}"
b37e0937-f81c-4862-9869-f5f336693f5c,PROJ-1248,2025-01-31T00:00:00+00:00,1044.63,155.76,503,75,424,4,556904638.19,1002428348.75,"{""SURVEY"": 127, ""VERIFICATION"": 127, ""OBJECTION"": 2, ""AWARD"": 84, ""COMPENSATION"": 84}","{""officers_count"": 12, ""sla_breaches"": 1, ""disputes_count"": 3, ""avg_days_per_stage"": 34.6, ""stage_complexity"": 0.2478}"
ff8cc7a9-89c1-4eec-9f5e-8adb87cce5e6,PROJ-1248,2025-02-15T00:00:00+00:00,1044.63,211.83,503,102,397,2,1113809276.39,891047421.11,"{""SURVEY"": 119, ""VERIFICATION"": 119, ""OBJECTION"": 1, ""AWARD"": 79, ""COMPENSATION"": 79}","{""officers_count"": 11, ""sla_breaches"": 0, ""disputes_count"": 3, ""avg_days_per_stage"": 19.1, ""stage_complexity"": 0.4135}"
5a0dcf9d-cc30-4ea6-ab37-07597f53c669,PROJ-1248,2025-03-02T00:00:00+00:00,1044.63,257.52,503,124,377,2,1856348793.98,742539517.59,"{""SURVEY"": 113, ""VERIFICATION"": 113, ""OBJECTION"": 1, ""AWARD"": 75, ""COMPENSATION"": 75}","{""officers_count"": 6, ""sla_breaches"": 2, ""disputes_count"": 2, ""avg_days_per_stage"": 17.1, ""stage_complexity"": 0.3703}"
6e0f90b4-01b5-48d3-adfd-8ff1187621c5,PROJ-1248,2025-03-17T00:00:00+00:00,1044.63,301.14,503,145,356,0,2784523190.97,556904638.19,"{""SURVEY"": 106, ""VERIFICATION"": 106, ""OBJECTION"": 0, ""AWARD"": 71, ""COMPENSATION"": 71}","{""officers_count"": 10, ""sla_breaches"": 2, ""disputes_count"": 3, ""avg_days_per_stage"": 17.5, ""stage_complexity"": 0.2258}"
09f6a5bc-86af-4bd7-9276-b905111d8949,PROJ-1248,2025-04-01T00:00:00+00:00,1044.63,365.52,503,176,327,1,3712697587.97,371269758.8,"{""SURVEY"": 98, ""VERIFICATION"": 98, ""OBJECTION"": 0, ""AWARD"": 65, ""COMPENSATION"": 65}","{""officers_count"": 10, ""sla_breaches"": 1, ""disputes_count"": 1, ""avg_days_per_stage"": 18.1, ""stage_complexity"": 0.2596}"
1312dc6e-78e8-4b5f-a529-042df04e272e,PROJ-1248,2025-04-16T00:00:00+00:00,1044.63,425.74,503,205,297,0,3712697587.97,371269758.8,"{""SURVEY"": 89, ""VERIFICATION"": 89, ""OBJECTION"": 0, ""AWARD"": 59, ""COMPENSATION"": 59}","{""officers_count"": 11, ""sla_breaches"": 0, ""disputes_count"": 0, ""avg_days_per_stage"": 17.3, ""stage_complexity"": 0.3568}"
f8a5f154-f794-4581-9fe2-4b2dc0a52a7b,PROJ-1248,2025-05-01T00:00:00+00:00,1044.63,463.13,503,223,280,1,3712697587.97,371269758.8,"{""SURVEY"": 84, ""VERIFICATION"": 84, ""OBJECTION"": 0, ""AWARD"": 56, ""COMPENSATION"": 56}","{""officers_count"": 10, ""sla_breaches"": 0, ""disputes_count"": 0, ""avg_days_per_stage"": 29.1, ""stage_complexity"": 0.311}"
a476b812-47ad-4e59-b743-27555f437673,PROJ-1248,2025-05-16T00:00:00+00:00,1044.63,512.97,503,247,255,0,3712697587.97,371269758.8,"{""SURVEY"": 76, ""VERIFICATION"": 76, ""OBJECTION"": 0, ""AWARD"": 51, ""COMPENSATION"": 51}","{""officers_count"": 7, ""sla_breaches"": 2, ""disputes_count"": 2, ""avg_days_per_stage"": 25.2, ""stage_complexity"": 0.4265}"
4bfa8282-94a0-43d8-9e1d-a18ad337bc67,PROJ-1248,2025-05-31T00:00:00+00:00,1044.63,573.2,503,276,227,1,3712697587.97,371269758.8,"{""SURVEY"": 68, ""VERIFICATION"": 68, ""OBJECTION"": 0, ""AWARD"": 45, ""COMPENSATION"": 45}","{""officers_count"": 6, ""sla_breaches"": 0, ""disputes_count"": 1, ""avg_days_per_stage"": 30.1, ""stage_complexity"": 0.2234}"
ca727055-2fa7-490d-a0be-ff9e2588b228,PROJ-1248,2025-06-15T00:00:00+00:00,1044.63,614.73,503,296,206,2,3712697587.97,371269758.8,"{""SURVEY"": 61, ""VERIFICATION"": 61, ""OBJECTION"": 1, ""AWARD"": 41, ""COMPENSATION"": 41}","{""officers_count"": 12, ""sla_breaches"": 2, ""disputes_count"": 1, ""avg_days_per_stage"": 26.9, ""stage_complexity"": 0.2412}"
ae3ce835-e083-4bbc-89d8-4a80853c8993,PROJ-1248,2025-06-30T00:00:00+00:00,1044.63,639.65,503,308,193,1,3712697587.97,371269758.8,"{""SURVEY"": 57, ""VERIFICATION"": 57, ""OBJECTION"": 0, ""AWARD"": 38, ""COMPENSATION"": 38}","{""officers_count"": 6, ""sla_breaches"": 2, ""disputes_count"": 3, ""avg_days_per_stage"": 16.7, ""stage_complexity"": 0.3691}"
fbf74739-ea5a-46b2-bc15-c2837381fcc0,PROJ-1248,2025-07-15T00:00:00+00:00,1044.63,664.58,503,320,182,1,3712697587.97,371269758.8,"{""SURVEY"": 54, ""VERIFICATION"": 54, ""OBJECTION"": 0, ""AWARD"": 36, ""COMPENSATION"": 36}","{""officers_count"": 11, ""sla_breaches"": 1, ""disputes_count"": 0, ""avg_days_per_stage"": 32.5, ""stage_complexity"": 0.251}"
764a795c-79c1-41c8-8ce3-dd265202fa36,PROJ-1249,2025-01-01T00:00:00+00:00,228.94,1.5,611,4,606,4,230778592.74,549566398.39,"{""SURVEY"": 181, ""VERIFICATION"": 181, ""OBJECTION"": 2, ""AWARD"": 121, ""COMPENSATION"": 121}","{""officers_count"": 1, ""sla_breaches"": 11, ""disputes_count"": 4, ""avg_days_per_stage"": 90.0, ""stage_complexity"": 0.584}"
1ea1bbf4-74e3-40f4-adb9-ddfd5ba279ad,PROJ-1249,2025-01-16T00:00:00+00:00,228.94,2.25,611,6,601,7,203916564.79,536224857.07,"{""SURVEY"": 180, ""VERIFICATION"": 180, ""OBJECTION"": 4, ""AWARD"": 120, ""COMPENSATION"": 120}","{""officers_count"": 1, ""sla_breaches"": 10, ""disputes_count"": 4, ""avg_days_per_stage"": 120.1, ""stage_complexity"": 0.7665}"
44f94963-9b66-4c8c-9392-fbd8aece0cfd,PROJ-1249,2025-01-31T00:00:00+00:00,228.94,3.75,611,10,594,8,222470750.24,593190293.01,"{""SURVEY"": 178, ""VERIFICATION"": 178, ""OBJECTION"": 4, ""AWARD"": 118, ""COMPENSATION"": 118}","{""officers_count"": 2, ""sla_breaches"": 10, ""disputes_count"": 6, ""avg_days_per_stage"": 86.1, ""stage_complexity"": 0.6053}"
bdfd06fd-8a98-4006-92b7-152712b311dd,PROJ-1249,2025-02-15T00:00:00+00:00,228.94,4.87,611,13,590,11,233714441.99,536354799.11,"{""SURVEY"": 177, ""VERIFICATION"": 177, ""OBJECTION"": 6, ""AWARD"": 118, ""COMPENSATION"": 118}","{""officers_count"": 1, ""sla_breaches"": 11, ""disputes_count"": 6, ""avg_days_per_stage"": 84.1, ""stage_complexity"": 0.7068}"
ba580fd5-977d-410b-9c29-9bbc1af3e156,PROJ-1249,2025-03-02T00:00:00+00:00,228.94,6.37,611,17,583,13,235291576.93,437804676.86,"{""SURVEY"": 174, ""VERIFICATION"": 174, ""OBJECTION"": 7, ""AWARD"": 116, ""COMPENSATION"": 116}","{""officers_count"": 1, ""sla_breaches"": 8, ""disputes_count"": 4, ""avg_days_per_stage"": 113.0, ""stage_complexity"": 0.7028}"
57afdac3-2d23-4427-990b-b4d5143b5657,PROJ-1250,2025-01-01T00:00:00+00:00,1134.41,18.01,126,2,114,10,1281542954.67,4152158598.44,"{""SURVEY"": 34, ""VERIFICATION"": 34, ""OBJECTION"": 6, ""AWARD"": 22, ""COMPENSATION"": 22}","{""officers_count"": 3, ""sla_breaches"": 7, ""disputes_count"": 3, ""avg_days_per_stage"": 70.1, ""stage_complexity"": 0.8056}"
4de7511b-3ee3-4c24-9d92-959919b11694,PROJ-1250,2025-01-16T00:00:00+00:00,1134.41,45.02,126,5,108,13,1190100240.86,3957249872.3,"{""SURVEY"": 32, ""VERIFICATION"": 32, ""OBJECTION"": 7, ""AWARD"": 21, ""COMPENSATION"": 21}","{""officers_count"": 6, ""sla_breaches"": 6, ""disputes_count"": 6, ""avg_days_per_stage"": 77.6, ""stage_complexity"": 0.7137}"
ed662412-2963-4a51-8303-be96cd597049,PROJ-1250,2025-01-31T00:00:00+00:00,1134.41,99.04,126,11,99,16,591496717.43,3632564100.71,"{""SURVEY"": 29, ""VERIFICATION"": 29, ""OBJECTION"": 9, ""AWARD"": 19, ""COMPENSATION"": 19}","{""officers_count"": 3, ""sla_breaches"": 8, ""disputes_count"": 5, ""avg_days_per_stage"": 83.2, ""stage_complexity"": 0.8267}"
81856acb-b395-417b-b8a1-773ab6ddabbd,PROJ-1251,2025-01-01T00:00:00+00:00,968.07,18.14,427,8,413,6,139566261.99,1704830186.07,"{""SURVEY"": 123, ""VERIFICATION"": 123, ""OBJECTION"": 3, ""AWARD"": 82, ""COMPENSATION"": 82}","{""officers_count"": 5, ""sla_breaches"": 5, ""disputes_count"": 7, ""avg_days_per_stage"": 68.5, ""stage_complexity"": 0.876}"
37aa14a0-7b90-4736-8860-204cc86eea79,PROJ-1251,2025-01-16T00:00:00+00:00,968.07,22.67,427,10,408,9,231930480.68,1840372965.61,"{""SURVEY"": 122, ""VERIFICATION"": 122, ""OBJECTION"": 5, ""AWARD"": 81, ""COMPENSATION"": 81}","{""officers_count"": 5, ""sla_breaches"": 8, ""disputes_count"": 4, ""avg_days_per_stage"": 89.9, ""stage_complexity"": 0.8136}"
f42fd4a9-3c93-497d-821b-c031a9a0d70a,PROJ-1251,2025-01-31T00:00:00+00:00,968.07,40.81,427,18,394,15,177658589.29,1590328936.78,"{""SURVEY"": 118, ""VERIFICATION"": 118, ""OBJECTION"": 9, ""AWARD"": 78, ""COMPENSATION"": 78}","{""officers_count"": 3, ""sla_breaches"": 10, ""disputes_count"": 3, ""avg_days_per_stage"": 106.3, ""stage_complexity"": 0.7468}"
2fd669b4-86f5-4b57-9da5-a26443b009b9,PROJ-1251,2025-02-15T00:00:00+00:00,968.07,58.95,427,26,382,19,128997821.41,1475182112.16,"{""SURVEY"": 114, ""VERIFICATION"": 114, ""OBJECTION"": 11, ""AWARD"": 76, ""COMPENSATION"": 76}","{""officers_count"": 4, ""sla_breaches"": 9, ""disputes_count"": 6, ""avg_days_per_stage"": 86.8, ""stage_complexity"": 0.8777}"
ea2fcdd6-45e1-4acf-8526-0a8e68b76052,PROJ-1251,2025-03-02T00:00:00+00:00,968.07,77.08,427,34,372,21,278620275.84,1513461146.16,"{""SURVEY"": 111, ""VERIFICATION"": 111, ""OBJECTION"": 12, ""AWARD"": 74, ""COMPENSATION"": 74}","{""officers_count"": 5, ""sla_breaches"": 8, ""disputes_count"": 5, ""avg_days_per_stage"": 93.8, ""stage_complexity"": 0.7194}"
2a3e4d15-bde0-4d4e-ad52-1f13517e3cba,PROJ-1251,2025-03-17T00:00:00+00:00,968.07,90.69,427,40,361,26,479968083.52,1647003276.03,"{""SURVEY"": 108, ""VERIFICATION"": 108, ""OBJECTION"": 15, ""AWARD"": 72, ""COMPENSATION"": 72}","{""officers_count"": 4, ""sla_breaches"": 9, ""disputes_count"": 3, ""avg_days_per_stage"": 95.7, ""stage_complexity"": 0.8014}"
ed1c2310-574b-44ca-bc64-8dd1efc59e36,PROJ-1252,2025-01-01T00:00:00+00:00,255.46,9.72,762,29,730,3,0.0,313107402.51,"{""SURVEY"": 219, ""VERIFICATION"": 219, ""OBJECTION"": 1, ""AWARD"": 146, ""COMPENSATION"": 146}","{""officers_count"": 9, ""sla_breaches"": 0, ""disputes_count"": 2, ""avg_days_per_stage"": 28.0, ""stage_complexity"": 0.3782}"
301d1043-6be5-4ef4-9a28-f5c0422bd0ff,PROJ-1252,2025-01-16T00:00:00+00:00,255.46,16.09,762,48,711,2,52184567.09,302670489.1,"{""SURVEY"": 213, ""VERIFICATION"": 213, ""OBJECTION"": 1, ""AWARD"": 142, ""COMPENSATION"": 142}","{""officers_count"": 5, ""sla_breaches"": 1, ""disputes_count"": 3, ""avg_days_per_stage"": 15.5, ""stage_complexity"": 0.3112}"
b63ebe6b-a6d3-45f0-9485-368b1f70fb60,PROJ-1252,2025-01-31T00:00:00+00:00,255.46,24.47,762,73,687,0,156553701.26,281796662.26,"{""SURVEY"": 206, ""VERIFICATION"": 206, ""OBJECTION"": 0, ""AWARD"": 137, ""COMPENSATION"": 137}","{""officers_count"": 9, ""sla_breaches"": 1, ""disputes_count"": 2, ""avg_days_per_stage"": 34.5, ""stage_complexity"": 0.4401}"
e7ed3bf7-8f4b-4cf4-8aea-c871e75916b8,PROJ-1252,2025-02-15T00:00:00+00:00,255.46,27.83,762,83,679,0,313107402.51,250485922.01,"{""SURVEY"": 203, ""VERIFICATION"": 203, ""OBJECTION"": 0, ""AWARD"": 135, ""COMPENSATION"": 135}","{""officers_count"": 8, ""sla_breaches"": 0, ""disputes_count"": 3, ""avg_days_per_stage"": 16.6, ""stage_complexity"": 0.2531}"
cb33c65f-a1fe-4a69-879a-e6a8b719ecb8,PROJ-1252,2025-03-02T00:00:00+00:00,255.46,37.88,762,113,649,0,521845670.86,208738268.34,"{""SURVEY"": 194, ""VERIFICATION"": 194, ""OBJECTION"": 0, ""AWARD"": 129, ""COMPENSATION"": 129}","{""officers_count"": 5, ""sla_breaches"": 2, ""disputes_count"": 1, ""avg_days_per_stage"": 31.2, ""stage_complexity"": 0.203}"
6f9e5974-2a15-43b3-ad1c-9c6b93496073,PROJ-1252,2025-03-17T00:00:00+00:00,255.46,46.26,762,138,624,0,782768506.29,156553701.26,"{""SURVEY"": 187, ""VERIFICATION"": 187, ""OBJECTION"": 0, ""AWARD"": 124, ""COMPENSATION"": 124}","{""officers_count"": 7, ""sla_breaches"": 0, ""disputes_count"": 0, ""avg_days_per_stage"": 16.6, ""stage_complexity"": 0.3364}"
0ebca489-1940-43ec-acc0-83fab3870f99,PROJ-1252,2025-04-01T00:00:00+00:00,255.46,57.33,762,171,591,0,1043691341.71,104369134.17,"{""SURVEY"": 177, ""VERIFICATION"": 177, ""OBJECTION"": 0, ""AWARD"": 118, ""COMPENSATION"": 118}","{""officers_count"": 9, ""sla_breaches"": 0, ""disputes_count"": 3, ""avg_days_per_stage"": 31.3, ""stage_complexity"": 0.2547}"
eb0efcc4-d60e-4de1-a5c8-0cb33b07cd75,PROJ-1252,2025-04-16T00:00:00+00:00,255.46,60.68,762,181,581,0,1043691341.71,104369134.17,"{""SURVEY"": 174, ""VERIFICATION"": 174, ""OBJECTION"": 0, ""AWARD"": 116, ""COMPENSATION"": 116}","{""officers_count"": 5, ""sla_breaches"": 1, ""disputes_count"": 3, ""avg_days_per_stage"": 16.6, ""stage_complexity"": 0.2261}"
0e60864d-8604-45a2-bf16-e84d13ca0731,PROJ-1252,2025-05-01T00:00:00+00:00,255.46,67.72,762,202,560,1,1043691341.71,104369134.17,"{""SURVEY"": 168, ""VERIFICATION"": 168, ""OBJECTION"": 0, ""AWARD"": 112, ""COMPENSATION"": 112}","{""officers_count"": 7, ""sla_breaches"": 0, ""disputes_count"": 0, ""avg_days_per_stage"": 25.3, ""stage_complexity"": 0.2297}"
939de0c7-be35-48da-a852-0d459b336a43,PROJ-1252,2025-05-16T00:00:00+00:00,255.46,73.42,762,219,542,2,1043691341.71,104369134.17,"{""SURVEY"": 162, ""VERIFICATION"": 162, ""OBJECTION"": 1, ""AWARD"": 108, ""COMPENSATION"": 108}","{""officers_count"": 10, ""sla_breaches"": 0, ""disputes_count"": 3, ""avg_days_per_stage"": 28.0, ""stage_complexity"": 0.3675}"
75bb6964-4fa7-47d7-b2cb-7639bed8edfb,PROJ-1252,2025-05-31T00:00:00+00:00,255.46,82.14,762,245,515,2,1043691341.71,104369134.17,"{""SURVEY"": 154, ""VERIFICATION"": 154, ""OBJECTION"": 1, ""AWARD"": 103, ""COMPENSATION"": 103}","{""officers_count"": 9, ""sla_breaches"": 0, ""disputes_count"": 1, ""avg_days_per_stage"": 32.7, ""stage_complexity"": 0.2594}"
a313ead5-1dc1-4c06-895a-e9e1888b20bc,PROJ-1252,2025-06-15T00:00:00+00:00,255.46,92.53,762,276,484,2,1043691341.71,104369134.17,"{""SURVEY"": 145, ""VERIFICATION"": 145, ""OBJECTION"": 1, ""AWARD"": 96, ""COMPENSATION"": 96}","{""officers_count"": 10, ""sla_breaches"": 1, ""disputes_count"": 0, ""avg_days_per_stage"": 21.9, ""stage_complexity"": 0.4138}"
e0f877b6-962b-4a6b-8ca6-a7364f356c71,PROJ-1252,2025-06-30T00:00:00+00:00,255.46,98.56,762,294,466,0,1043691341.71,104369134.17,"{""SURVEY"": 139, ""VERIFICATION"": 139, ""OBJECTION"": 0, ""AWARD"": 93, ""COMPENSATION"": 93}","{""officers_count"": 11, ""sla_breaches"": 2, ""disputes_count"": 0, ""avg_days_per_stage"": 26.2, ""stage_complexity"": 0.2349}"
afe21ee5-ad8e-40bf-904e-d4c91e47ef6b,PROJ-1253,2025-01-01T00:00:00+00:00,522.26,13.77,569,15,553,0,0.0,321769563.32,"{""SURVEY"": 165, ""VERIFICATION"": 165, ""OBJECTION"": 0, ""AWARD"": 110, ""COMPENSATION"": 110}","{""officers_count"": 7, ""sla_breaches"": 1, ""disputes_count"": 2, ""avg_days_per_stage"": 15.4, ""stage_complexity"": 0.4098}"
b8c90011-22d3-410e-9982-bb19d3e580a0,PROJ-1253,2025-01-16T00:00:00+00:00,522.26,39.47,569,43,526,0,53628260.55,311043911.21,"{""SURVEY"": 157, ""VERIFICATION"": 157, ""OBJECTION"": 0, ""AWARD"": 105, ""COMPENSATION"": 105}","{""officers_count"": 11, ""sla_breaches"": 2, ""disputes_count"": 3, ""avg_days_per_stage"": 23.8, ""stage_complexity"": 0.3999}"
bf791255-2a2e-48a5-b282-aad53415f1c3,PROJ-1253,2025-01-31T00:00:00+00:00,522.26,60.58,569,66,503,1,160884781.66,289592606.99,"{""SURVEY"": 150, ""VERIFICATION"": 150, ""OBJECTION"": 0, ""AWARD"": 100, ""COMPENSATION"": 100}","{""officers_count"": 8, ""sla_breaches"": 2, ""disputes_count"": 0, ""avg_days_per_stage"": 26.6, ""stage_complexity"": 0.3908}"
5b81c55b-07a5-43b0-adbf-0dfbfcd312f9,PROJ-1253,2025-02-15T00:00:00+00:00,522.26,69.76,569,76,492,1,321769563.32,257415650.65,"{""SURVEY"": 147, ""VERIFICATION"": 147, ""OBJECTION"": 0, ""AWARD"": 98, ""COMPENSATION"": 98}","{""officers_count"": 5, ""sla_breaches"": 1, ""disputes_count"": 2, ""avg_days_per_stage"": 26.2, ""stage_complexity"": 0.24}"
8b5b44d2-ecce-4319-a91c-933782523133,PROJ-1253,2025-03-02T00:00:00+00:00,522.26,92.7,569,101,467,1,536282605.53,214513042.21,"{""SURVEY"": 140, ""VERIFICATION"": 140, ""OBJECTION"": 0, ""AWARD"": 93, ""COMPENSATION"": 93}","{""officers_count"": 11, ""sla_breaches"": 2, ""disputes_count"": 0, ""avg_days_per_stage"": 15.7, ""stage_complexity"": 0.2008}"
6877475b-778d-410f-af51-74ebb120cb58,PROJ-1253,2025-03-17T00:00:00+00:00,522.26,107.39,569,117,451,0,804423908.29,160884781.66,"{""SURVEY"": 135, ""VERIFICATION"": 135, ""OBJECTION"": 0, ""AWARD"": 90, ""COMPENSATION"": 90}","{""officers_count"": 10, ""sla_breaches"": 0, ""disputes_count"": 3, ""avg_days_per_stage"": 20.5, ""stage_complexity"": 0.371}"
45b7cb33-aac8-4f7a-aee0-322fd5845c78,PROJ-1253,2025-04-01T00:00:00+00:00,522.26,136.76,569,149,420,1,1072565211.06,107256521.11,"{""SURVEY"": 126, ""VERIFICATION"": 126, ""OBJECTION"": 0, ""AWARD"": 84, ""COMPENSATION"": 84}","{""officers_count"": 11, ""sla_breaches"": 2, ""disputes_count"": 1, ""avg_days_per_stage"": 32.0, ""stage_complexity"": 0.3979}"
1e03a2d4-2985-4201-9e04-2c98841e48dc,PROJ-1253,2025-04-16T00:00:00+00:00,522.26,166.13,569,181,387,0,1072565211.06,107256521.11,"{""SURVEY"": 116, ""VERIFICATION"": 116, ""OBJECTION"": 0, ""AWARD"": 77, ""COMPENSATION"": 77}","{""officers_count"": 9, ""sla_breaches"": 0, ""disputes_count"": 2, ""avg_days_per_stage"": 18.9, ""stage_complexity"": 0.3442}"
88433503-e5f2-4cb4-99ef-91935b40a849,PROJ-1253,2025-05-01T00:00:00+00:00,522.26,182.65,569,199,370,0,1072565211.06,107256521.11,"{""SURVEY"": 111, ""VERIFICATION"": 111, ""OBJECTION"": 0, ""AWARD"": 74, ""COMPENSATION"": 74}","{""officers_count"": 8, ""sla_breaches"": 1, ""disputes_count"": 3, ""avg_days_per_stage"": 25.1, ""stage_complexity"": 0.2335}"
02dfec63-2708-4d6f-bc02-d3c044d71aa9,PROJ-1253,2025-05-16T00:00:00+00:00,522.26,197.34,569,215,354,0,1072565211.06,107256521.11,"{""SURVEY"": 106, ""VERIFICATION"": 106, ""OBJECTION"": 0, ""AWARD"": 70, ""COMPENSATION"": 70}","{""officers_count"": 8, ""sla_breaches"": 0, ""disputes_count"": 3, ""avg_days_per_stage"": 23.3, ""stage_complexity"": 0.2082}"
c0c8717d-3c41-4ef1-954f-eadbe327a7a7,PROJ-1253,2025-05-31T00:00:00+00:00,522.26,228.55,569,249,320,0,1072565211.06,107256521.11,"{""SURVEY"": 96, ""VERIFICATION"": 96, ""OBJECTION"": 0, ""AWARD"": 64, ""COMPENSATION"": 64}","{""officers_count"": 10, ""sla_breaches"": 1, ""disputes_count"": 2, ""avg_days_per_stage"": 34.4, ""stage_complexity"": 0.337}"
e4b29220-cdef-46fb-8762-62e17721015d,PROJ-1253,2025-06-15T00:00:00+00:00,522.26,243.23,569,265,304,0,1072565211.06,107256521.11,"{""SURVEY"": 91, ""VERIFICATION"": 91, ""OBJECTION"": 0, ""AWARD"": 60, ""COMPENSATION"": 60}","{""officers_count"": 8, ""sla_breaches"": 1, ""disputes_count"": 0, ""avg_days_per_stage"": 17.3, ""stage_complexity"": 0.3047}"
82f0d1ce-abc4-4c40-b4ea-2f98f43ab759,PROJ-1253,2025-06-30T00:00:00+00:00,522.26,269.85,569,294,275,0,1072565211.06,107256521.11,"{""SURVEY"": 82, ""VERIFICATION"": 82, ""OBJECTION"": 0, ""AWARD"": 55, ""COMPENSATION"": 55}","{""officers_count"": 7, ""sla_breaches"": 0, ""disputes_count"": 2, ""avg_days_per_stage"": 31.7, ""stage_complexity"": 0.3495}"
db149960-7958-46b8-98b8-98f4ca818fb2,PROJ-1253,2025-07-15T00:00:00+00:00,522.26,290.04,569,316,253,0,1072565211.06,107256521.11,"{""SURVEY"": 75, ""VERIFICATION"": 75, ""OBJECTION"": 0, ""AWARD"": 50, ""COMPENSATION"": 50}","{""officers_count"": 9, ""sla_breaches"": 1, ""disputes_count"": 1, ""avg_days_per_stage"": 32.7, ""stage_complexity"": 0.3776}"
0e916f53-42d3-49ba-a18e-3d880a18c7b0,PROJ-1254,2025-01-01T00:00:00+00:00,347.37,13.75,783,31,748,2,0.0,285339740.95,"{""SURVEY"": 224, ""VERIFICATION"": 224, ""OBJECTION"": 1, ""AWARD"": 149, ""COMPENSATION"": 149}","{""officers_count"": 10, ""sla_breaches"": 2, ""disputes_count"": 0, ""avg_days_per_stage"": 26.2, ""stage_complexity"": 0.4283}"
f553290c-bb24-44ec-bbd7-2d74e9e21427,PROJ-1254,2025-01-16T00:00:00+00:00,347.37,23.51,783,53,728,1,47556623.49,275828416.25,"{""SURVEY"": 218, ""VERIFICATION"": 218, ""OBJECTION"": 0, ""AWARD"": 145, ""COMPENSATION"": 145}","{""officers_count"": 11, ""sla_breaches"": 2, ""disputes_count"": 1, ""avg_days_per_stage"": 23.7, ""stage_complexity"": 0.2662}"
798658ff-b412-4f2a-be98-0e90e0ac5382,PROJ-1254,2025-01-31T00:00:00+00:00,347.37,31.5,783,71,711,0,142669870.48,256805766.86,"{""SURVEY"": 213, ""VERIFICATION"": 213, ""OBJECTION"": 0, ""AWARD"": 142, ""COMPENSATION"": 142}","{""officers_count"": 11, ""sla_breaches"": 1, ""disputes_count"": 1, ""avg_days_per_stage"": 23.3, ""stage_complexity"": 0.2657}"
183c5185-2712-445a-a109-470bfd076853,PROJ-1254,2025-02-15T00:00:00+00:00,347.37,41.26,783,93,690,0,285339740.95,228271792.76,"{""SURVEY"": 207, ""VERIFICATION"": 207, ""OBJECTION"": 0, ""AWARD"": 138, ""COMPENSATION"": 138}","{""officers_count"": 10, ""sla_breaches"": 0, ""disputes_count"": 1, ""avg_days_per_stage"": 25.5, ""stage_complexity"": 0.2256}"
1d93ae91-865e-4206-9046-b5eb6f2a2c5d,PROJ-1254,2025-03-02T00:00:00+00:00,347.37,49.69,783,112,671,0,475566234.92,190226493.97,"{""SURVEY"": 201, ""VERIFICATION"": 201, ""OBJECTION"": 0, ""AWARD"": 134, ""COMPENSATION"": 134}","{""officers_count"": 5, ""sla_breaches"": 0, ""disputes_count"": 3, ""avg_days_per_stage"": 23.3, ""stage_complexity"": 0.3952}"
da813ef0-99b2-49da-ae02-df475b9bff42,PROJ-1254,2025-03-17T00:00:00+00:00,347.37,55.9,783,126,657,1,713349352.38,142669870.48,"{""SURVEY"": 197, ""VERIFICATION"": 197, ""OBJECTION"": 0, ""AWARD"": 131, ""COMPENSATION"": 131}","{""officers_count"": 11, ""sla_breaches"": 1, ""disputes_count"": 3, ""avg_days_per_stage"": 31.0, ""stage_complexity"": 0.3867}"
8feb80fc-fb62-49ed-8f3e-72ffa2171e59,PROJ-1254,2025-04-01T00:00:00+00:00,347.37,62.11,783,140,642,2,951132469.84,95113246.98,"{""SURVEY"": 192, ""VERIFICATION"": 192, ""OBJECTION"": 1, ""AWARD"": 128, ""COMPENSATION"": 128}","{""officers_count"": 7, ""sla_breaches"": 1, ""disputes_count"": 2, ""avg_days_per_stage"": 32.0, ""stage_complexity"": 0.3997}"
18bc1064-1274-479d-88ce-572a0984693f,PROJ-1254,2025-04-16T00:00:00+00:00,347.37,72.76,783,164,617,1,951132469.84,95113246.98,"{""SURVEY"": 185, ""VERIFICATION"": 185, ""OBJECTION"": 0, ""AWARD"": 123, ""COMPENSATION"": 123}","{""officers_count"": 7, ""sla_breaches"": 0, ""disputes_count"": 2, ""avg_days_per_stage"": 31.6, ""stage_complexity"": 0.4394}"
0d30fb25-dc56-41be-b3e6-52d10f5f4d32,PROJ-1254,2025-05-01T00:00:00+00:00,347.37,77.19,783,174,608,1,951132469.84,95113246.98,"{""SURVEY"": 182, ""VERIFICATION"": 182, ""OBJECTION"": 0, ""AWARD"": 121, ""COMPENSATION"": 121}","{""officers_count"": 5, ""sla_breaches"": 2, ""disputes_count"": 0, ""avg_days_per_stage"": 22.9, ""stage_complexity"": 0.2187}"
883e0a08-faba-41f5-9c68-e731cb6019df,PROJ-1254,2025-05-16T00:00:00+00:00,347.37,83.4,783,188,594,0,951132469.84,95113246.98,"{""SURVEY"": 178, ""VERIFICATION"": 178, ""OBJECTION"": 0, ""AWARD"": 118, ""COMPENSATION"": 118}","{""officers_count"": 5, ""sla_breaches"": 2, ""disputes_count"": 2, ""avg_days_per_stage"": 33.5, ""stage_complexity"": 0.3715}"
7193b4af-5bf1-4d0a-afdf-851f58f2f58f,PROJ-1254,2025-05-31T00:00:00+00:00,347.37,94.05,783,212,571,0,951132469.84,95113246.98,"{""SURVEY"": 171, ""VERIFICATION"": 171, ""OBJECTION"": 0, ""AWARD"": 114, ""COMPENSATION"": 114}","{""officers_count"": 10, ""sla_breaches"": 1, ""disputes_count"": 0, ""avg_days_per_stage"": 18.2, ""stage_complexity"": 0.2804}"
dbdedc70-d557-4593-a876-dbffadac6481,PROJ-1255,2025-01-01T00:00:00+00:00,961.8,220.17,83,19,60,3,0.0,645275991.48,"{""SURVEY"": 18, ""VERIFICATION"": 18, ""OBJECTION"": 1, ""AWARD"": 12, ""COMPENSATION"": 12}","{""officers_count"": 5, ""sla_breaches"": 1, ""disputes_count"": 2, ""avg_days_per_stage"": 33.0, ""stage_complexity"": 0.2695}"
4b3feb23-9404-41e8-b180-955758ac2bbc,PROJ-1255,2025-01-16T00:00:00+00:00,961.8,417.17,83,36,44,1,107545998.58,623766791.76,"{""SURVEY"": 13, ""VERIFICATION"": 13, ""OBJECTION"": 0, ""AWARD"": 8, ""COMPENSATION"": 8}","{""officers_count"": 9, ""sla_breaches"": 2, ""disputes_count"": 3, ""avg_days_per_stage"": 25.4, ""stage_complexity"": 0.3252}"
088feae3-499d-4948-ae98-2e48ab2973db,PROJ-1255,2025-01-31T00:00:00+00:00,961.8,590.99,83,51,31,0,322637995.74,580748392.33,"{""SURVEY"": 9, ""VERIFICATION"": 9, ""OBJECTION"": 0, ""AWARD"": 6, ""COMPENSATION"": 6}","{""officers_count"": 5, ""sla_breaches"": 1, ""disputes_count"": 1, ""avg_days_per_stage"": 30.3, ""stage_complexity"": 0.3551}"
989bcf4f-1af3-4775-98a4-efd791ce9fad,PROJ-1255,2025-02-15T00:00:00+00:00,961.8,787.98,83,68,15,0,645275991.48,516220793.18,"{""SURVEY"": 4, ""VERIFICATION"": 4, ""OBJECTION"": 0, ""AWARD"": 3, ""COMPENSATION"": 3}","{""officers_count"": 12, ""sla_breaches"": 0, ""disputes_count"": 1, ""avg_days_per_stage"": 24.2, ""stage_complexity"": 0.2345}"
0e5703c6-5cba-45a5-8f1c-a65c7065e761,PROJ-1255,2025-03-02T00:00:00+00:00,961.8,961.8,83,83,0,0,1075459985.79,430183994.32,"{""SURVEY"": 0, ""VERIFICATION"": 0, ""OBJECTION"": 0, ""AWARD"": 0, ""COMPENSATION"": 0}","{""officers_count"": 8, ""sla_breaches"": 0, ""disputes_count"": 3, ""avg_days_per_stage"": 23.1, ""stage_complexity"": 0.3268}"
e331387c-1682-4e35-9a22-0707e49fc72d,PROJ-1255,2025-03-17T00:00:00+00:00,961.8,961.8,83,83,0,0,1613189978.69,322637995.74,"{""SURVEY"": 0, ""VERIFICATION"": 0, ""OBJECTION"": 0, ""AWARD"": 0, ""COMPENSATION"": 0}","{""officers_count"": 6, ""sla_breaches"": 2, ""disputes_count"": 3, ""avg_days_per_stage"": 23.4, ""stage_complexity"": 0.2581}"
01b2980a-4d6e-4b06-9acc-712470432941,PROJ-1255,2025-04-01T00:00:00+00:00,961.8,961.8,83,83,0,1,2150919971.59,215091997.16,"{""SURVEY"": 0, ""VERIFICATION"": 0, ""OBJECTION"": 0, ""AWARD"": 0, ""COMPENSATION"": 0}","{""officers_count"": 9, ""sla_breaches"": 0, ""disputes_count"": 2, ""avg_days_per_stage"": 27.1, ""stage_complexity"": 0.4168}"
1b06b2cc-b08b-4974-b970-54acc5127178,PROJ-1255,2025-04-16T00:00:00+00:00,961.8,961.8,83,83,0,0,2150919971.59,215091997.16,"{""SURVEY"": 0, ""VERIFICATION"": 0, ""OBJECTION"": 0, ""AWARD"": 0, ""COMPENSATION"": 0}","{""officers_count"": 8, ""sla_breaches"": 1, ""disputes_count"": 2, ""avg_days_per_stage"": 29.0, ""stage_complexity"": 0.3155}"
d91828a6-3437-4605-9090-8afe8e184025,PROJ-1255,2025-05-01T00:00:00+00:00,961.8,961.8,83,83,0,0,2150919971.59,215091997.16,"{""SURVEY"": 0, ""VERIFICATION"": 0, ""OBJECTION"": 0, ""AWARD"": 0, ""COMPENSATION"": 0}","{""officers_count"": 9, ""sla_breaches"": 2, ""disputes_count"": 3, ""avg_days_per_stage"": 32.5, ""stage_complexity"": 0.2211}"
33c37446-2e9b-46ba-8a2a-443dd311ff1f,PROJ-1255,2025-05-16T00:00:00+00:00,961.8,961.8,83,83,0,0,2150919971.59,215091997.16,"{""SURVEY"": 0, ""VERIFICATION"": 0, ""OBJECTION"": 0, ""AWARD"": 0, ""COMPENSATION"": 0}","{""officers_count"": 11, ""sla_breaches"": 0, ""disputes_count"": 3, ""avg_days_per_stage"": 34.1, ""stage_complexity"": 0.3653}"
f7faacc0-3dca-4ec6-8ced-60d3529b8874,PROJ-1256,2025-01-01T00:00:00+00:00,457.61,0.67,688,1,677,10,237167077.08,738366930.39,"{""SURVEY"": 203, ""VERIFICATION"": 203, ""OBJECTION"": 6, ""AWARD"": 135, ""COMPENSATION"": 135}","{""officers_count"": 5, ""sla_breaches"": 4, ""disputes_count"": 19, ""avg_days_per_stage"": 113.9, ""stage_complexity"": 0.9118}"
c90391a0-8495-4b62-a12a-4925cb46e9bc,PROJ-1256,2025-01-16T00:00:00+00:00,457.61,2.66,688,4,662,22,333640688.59,667192623.54,"{""SURVEY"": 198, ""VERIFICATION"": 198, ""OBJECTION"": 13, ""AWARD"": 132, ""COMPENSATION"": 132}","{""officers_count"": 4, ""sla_breaches"": 7, ""disputes_count"": 32, ""avg_days_per_stage"": 87.3, ""stage_complexity"": 0.8379}"
9a1324de-822c-45bd-9113-872e36ae4042,PROJ-1256,2025-01-31T00:00:00+00:00,457.61,5.32,688,8,651,29,379129041.4,896637784.03,"{""SURVEY"": 195, ""VERIFICATION"": 195, ""OBJECTION"": 17, ""AWARD"": 130, ""COMPENSATION"": 130}","{""officers_count"": 4, ""sla_breaches"": 6, ""disputes_count"": 32, ""avg_days_per_stage"": 74.5, ""stage_complexity"": 0.867}"
82b24dd2-e938-422e-809a-0102b04e95fa,PROJ-1256,2025-02-15T00:00:00+00:00,457.61,5.99,688,9,641,38,171980624.86,639508048.4,"{""SURVEY"": 192, ""VERIFICATION"": 192, ""OBJECTION"": 22, ""AWARD"": 128, ""COMPENSATION"": 128}","{""officers_count"": 5, ""sla_breaches"": 10, ""disputes_count"": 48, ""avg_days_per_stage"": 69.8, ""stage_complexity"": 0.9182}"
aa96b38c-cd30-47cf-8979-cf6fcb808294,PROJ-1256,2025-03-02T00:00:00+00:00,457.61,6.65,688,10,632,46,339628164.6,794690729.94,"{""SURVEY"": 189, ""VERIFICATION"": 189, ""OBJECTION"": 27, ""AWARD"": 126, ""COMPENSATION"": 126}","{""officers_count"": 3, ""sla_breaches"": 4, ""disputes_count"": 49, ""avg_days_per_stage"": 79.8, ""stage_complexity"": 0.9442}"
cecbe77f-ddab-4689-9f62-26bda299f5bd,PROJ-1256,2025-03-17T00:00:00+00:00,457.61,7.32,688,11,624,53,232262113.51,858544496.61,"{""SURVEY"": 187, ""VERIFICATION"": 187, ""OBJECTION"": 31, ""AWARD"": 124, ""COMPENSATION"": 124}","{""officers_count"": 2, ""sla_breaches"": 7, ""disputes_count"": 60, ""avg_days_per_stage"": 130.9, ""stage_complexity"": 0.8977}"
e025fd0e-63d9-43ea-860e-de3cb6abc769,PROJ-1256,2025-04-01T00:00:00+00:00,457.61,9.31,688,14,614,60,262542139.93,588593366.31,"{""SURVEY"": 184, ""VERIFICATION"": 184, ""OBJECTION"": 36, ""AWARD"": 122, ""COMPENSATION"": 122}","{""officers_count"": 4, ""sla_breaches"": 9, ""disputes_count"": 70, ""avg_days_per_stage"": 135.9, ""stage_complexity"": 0.7728}"
58e9b24b-8598-49ef-ac38-e0965b43d93d,PROJ-1256,2025-04-16T00:00:00+00:00,457.61,9.98,688,15,602,71,375390581.55,732464238.58,"{""SURVEY"": 180, ""VERIFICATION"": 180, ""OBJECTION"": 42, ""AWARD"": 120, ""COMPENSATION"": 120}","{""officers_count"": 3, ""sla_breaches"": 7, ""disputes_count"": 74, ""avg_days_per_stage"": 139.9, ""stage_complexity"": 0.804}"
666345df-30e6-4f8a-8dea-76b7541d4123,PROJ-1256,2025-05-01T00:00:00+00:00,457.61,11.31,688,17,590,81,341716771.68,765032563.27,"{""SURVEY"": 177, ""VERIFICATION"": 177, ""OBJECTION"": 48, ""AWARD"": 118, ""COMPENSATION"": 118}","{""officers_count"": 2, ""sla_breaches"": 4, ""disputes_count"": 85, ""avg_days_per_stage"": 84.0, ""stage_complexity"": 0.7515}"
dc375aa8-d0db-49e7-aad7-0553d13abae5,PROJ-1256,2025-05-16T00:00:00+00:00,457.61,13.3,688,20,577,91,259353105.04,988025251.63,"{""SURVEY"": 173, ""VERIFICATION"": 173, ""OBJECTION"": 54, ""AWARD"": 115, ""COMPENSATION"": 115}","{""officers_count"": 2, ""sla_breaches"": 7, ""disputes_count"": 98, ""avg_days_per_stage"": 75.3, ""stage_complexity"": 0.8051}"
7b138f2d-f9db-4493-8683-4a0385e8d742,PROJ-1256,2025-05-31T00:00:00+00:00,457.61,14.63,688,22,566,100,249865505.48,864010285.91,"{""SURVEY"": 169, ""VERIFICATION"": 169, ""OBJECTION"": 60, ""AWARD"": 113, ""COMPENSATION"": 113}","{""officers_count"": 2, ""sla_breaches"": 6, ""disputes_count"": 110, ""avg_days_per_stage"": 113.3, ""stage_complexity"": 0.8891}"
3e43bc4e-2d1b-46c5-8a9c-b6b24161043f,PROJ-1257,2025-01-01T00:00:00+00:00,740.78,5.33,417,3,411,6,698552269.98,2877102407.91,"{""SURVEY"": 123, ""VERIFICATION"": 123, ""OBJECTION"": 3, ""AWARD"": 82, ""COMPENSATION"": 82}","{""officers_count"": 2, ""sla_breaches"": 8, ""disputes_count"": 6, ""avg_days_per_stage"": 114.1, ""stage_complexity"": 0.6462}"
24a7f0b2-5f5a-440a-9565-e1be2b37b5d8,PROJ-1257,2025-01-16T00:00:00+00:00,740.78,8.88,417,5,406,10,968747290.98,2404402729.09,"{""SURVEY"": 121, ""VERIFICATION"": 121, ""OBJECTION"": 6, ""AWARD"": 81, ""COMPENSATION"": 81}","{""officers_count"": 2, ""sla_breaches"": 10, ""disputes_count"": 4, ""avg_days_per_stage"": 140.5, ""stage_complexity"": 0.7564}"
0e2c00a2-14d6-47df-b88a-33739b3495f0,PROJ-1257,2025-01-31T00:00:00+00:00,740.78,14.21,417,8,399,11,528873868.11,2293981900.78,"{""SURVEY"": 119, ""VERIFICATION"": 119, ""OBJECTION"": 6, ""AWARD"": 79, ""COMPENSATION"": 79}","{""officers_count"": 2, ""sla_breaches"": 7, ""disputes_count"": 3, ""avg_days_per_stage"": 85.3, ""stage_complexity"": 0.7044}"
6812950f-f25c-4fe6-9a99-c0b1f139b8bd,PROJ-1257,2025-02-15T00:00:00+00:00,740.78,17.76,417,10,396,13,992333860.83,2580213003.54,"{""SURVEY"": 118, ""VERIFICATION"": 118, ""OBJECTION"": 7, ""AWARD"": 79, ""COMPENSATION"": 79}","{""officers_count"": 2, ""sla_breaches"": 12, ""disputes_count"": 3, ""avg_days_per_stage"": 122.9, ""stage_complexity"": 0.664}"
428cdea6-a9c3-4546-b5da-67e53c528aa3,PROJ-1257,2025-03-02T00:00:00+00:00,740.78,19.54,417,11,393,16,612035022.46,3051136709.29,"{""SURVEY"": 117, ""VERIFICATION"": 117, ""OBJECTION"": 9, ""AWARD"": 78, ""COMPENSATION"": 78}","{""officers_count"": 1, ""sla_breaches"": 9, ""disputes_count"": 2, ""avg_days_per_stage"": 140.2, ""stage_complexity"": 0.5678}"
a03e2097-26fc-48da-9cc4-151e5ac01315,PROJ-1257,2025-03-17T00:00:00+00:00,740.78,19.54,417,11,390,18,460003295.97,2132914731.18,"{""SURVEY"": 117, ""VERIFICATION"": 117, ""OBJECTION"": 10, ""AWARD"": 78, ""COMPENSATION"": 78}","{""officers_count"": 1, ""sla_breaches"": 12, ""disputes_count"": 5, ""avg_days_per_stage"": 122.4, ""stage_complexity"": 0.6582}"
ebf5fa37-566c-4bad-83e2-361df937da7e,PROJ-1258,2025-01-01T00:00:00+00:00,219.96,10.86,162,8,145,9,197982840.4,771727124.83,"{""SURVEY"": 43, ""VERIFICATION"": 43, ""OBJECTION"": 5, ""AWARD"": 29, ""COMPENSATION"": 29}","{""officers_count"": 5, ""sla_breaches"": 10, ""disputes_count"": 5, ""avg_days_per_stage"": 56.8, ""stage_complexity"": 0.7414}"
1cdef030-f5d3-4564-a727-499a777a8fbd,PROJ-1258,2025-01-16T00:00:00+00:00,219.96,17.65,162,13,134,15,250863354.93,803192835.07,"{""SURVEY"": 40, ""VERIFICATION"": 40, ""OBJECTION"": 9, ""AWARD"": 26, ""COMPENSATION"": 26}","{""officers_count"": 4, ""sla_breaches"": 6, ""disputes_count"": 5, ""avg_days_per_stage"": 98.2, ""stage_complexity"": 0.7398}"
70fc9945-7666-4eb9-b21f-21ceda80337a,PROJ-1258,2025-01-31T00:00:00+00:00,219.96,27.16,162,20,123,19,169978835.38,758164429.05,"{""SURVEY"": 36, ""VERIFICATION"": 36, ""OBJECTION"": 11, ""AWARD"": 24, ""COMPENSATION"": 24}","{""officers_count"": 3, ""sla_breaches"": 5, ""disputes_count"": 7, ""avg_days_per_stage"": 102.0, ""stage_complexity"": 0.7526}"
799d9399-980c-484b-841e-9de2b99c4d7f,PROJ-1258,2025-02-15T00:00:00+00:00,219.96,29.87,162,22,119,21,182927149.19,951219190.82,"{""SURVEY"": 35, ""VERIFICATION"": 35, ""OBJECTION"": 12, ""AWARD"": 23, ""COMPENSATION"": 23}","{""officers_count"": 6, ""sla_breaches"": 10, ""disputes_count"": 6, ""avg_days_per_stage"": 59.1, ""stage_complexity"": 0.8711}"
1838f0db-253c-4b17-ac7f-d72f5659f94a,PROJ-1258,2025-03-02T00:00:00+00:00,219.96,32.59,162,24,112,26,90806292.74,732057411.26,"{""SURVEY"": 33, ""VERIFICATION"": 33, ""OBJECTION"": 15, ""AWARD"": 22, ""COMPENSATION"": 22}","{""officers_count"": 6, ""sla_breaches"": 6, ""disputes_count"": 7, ""avg_days_per_stage"": 108.6, ""stage_complexity"": 0.7944}"
28076d40-c0ca-4e94-bd2a-8237235e1eaf,PROJ-1258,2025-03-17T00:00:00+00:00,219.96,38.02,162,28,106,28,226555087.29,784634974.36,"{""SURVEY"": 31, ""VERIFICATION"": 31, ""OBJECTION"": 16, ""AWARD"": 21, ""COMPENSATION"": 21}","{""officers_count"": 5, ""sla_breaches"": 7, ""disputes_count"": 8, ""avg_days_per_stage"": 68.8, ""stage_complexity"": 0.7012}"
d46c6913-e514-48cb-9b50-ba601acc85b4,PROJ-1258,2025-04-01T00:00:00+00:00,219.96,43.45,162,32,99,31,152216367.44,1025478100.76,"{""SURVEY"": 29, ""VERIFICATION"": 29, ""OBJECTION"": 18, ""AWARD"": 19, ""COMPENSATION"": 19}","{""officers_count"": 6, ""sla_breaches"": 6, ""disputes_count"": 7, ""avg_days_per_stage"": 84.4, ""stage_complexity"": 0.8916}"
aae4144a-0194-4d64-8783-8e00248f473f,PROJ-1258,2025-04-16T00:00:00+00:00,219.96,54.31,162,40,86,36,274699476.65,947660039.65,"{""SURVEY"": 25, ""VERIFICATION"": 25, ""OBJECTION"": 21, ""AWARD"": 17, ""COMPENSATION"": 17}","{""officers_count"": 6, ""sla_breaches"": 9, ""disputes_count"": 5, ""avg_days_per_stage"": 87.2, ""stage_complexity"": 0.7746}"
bdb75d17-3fb6-4d67-af05-f25e9e081acf,PROJ-1258,2025-05-01T00:00:00+00:00,219.96,61.1,162,45,75,42,119037936.51,1000891822.43,"{""SURVEY"": 22, ""VERIFICATION"": 22, ""OBJECTION"": 25, ""AWARD"": 15, ""COMPENSATION"": 15}","{""officers_count"": 6, ""sla_breaches"": 10, ""disputes_count"": 7, ""avg_days_per_stage"": 58.2, ""stage_complexity"": 0.823}"
d49ef22e-73a8-46d7-aea4-6f04dbbbbf05,PROJ-1258,2025-05-16T00:00:00+00:00,219.96,71.96,162,53,65,44,62225762.71,823769565.97,"{""SURVEY"": 19, ""VERIFICATION"": 19, ""OBJECTION"": 26, ""AWARD"": 13, ""COMPENSATION"": 13}","{""officers_count"": 6, ""sla_breaches"": 9, ""disputes_count"": 5, ""avg_days_per_stage"": 59.4, ""stage_complexity"": 0.8145}"
db1de8ae-2405-485c-bedc-a1d7107f4da4,PROJ-1258,2025-05-31T00:00:00+00:00,219.96,80.11,162,59,55,48,81095518.05,903373156.6,"{""SURVEY"": 16, ""VERIFICATION"": 16, ""OBJECTION"": 28, ""AWARD"": 11, ""COMPENSATION"": 11}","{""officers_count"": 3, ""sla_breaches"": 6, ""disputes_count"": 4, ""avg_days_per_stage"": 87.8, ""stage_complexity"": 0.727}"
8478398b-6499-4ab8-b963-f01fa2285e45,PROJ-1258,2025-06-15T00:00:00+00:00,219.96,90.97,162,67,47,48,98622664.46,963539969.29,"{""SURVEY"": 14, ""VERIFICATION"": 14, ""OBJECTION"": 28, ""AWARD"": 9, ""COMPENSATION"": 9}","{""officers_count"": 4, ""sla_breaches"": 8, ""disputes_count"": 6, ""avg_days_per_stage"": 65.7, ""stage_complexity"": 0.7038}"
ec92e824-e580-48b9-a535-5b0bf3cdf0e8,PROJ-1258,2025-06-30T00:00:00+00:00,219.96,95.04,162,70,44,48,222681087.89,831873753.48,"{""SURVEY"": 13, ""VERIFICATION"": 13, ""OBJECTION"": 28, ""AWARD"": 8, ""COMPENSATION"": 8}","{""officers_count"": 4, ""sla_breaches"": 9, ""disputes_count"": 6, ""avg_days_per_stage"": 65.4, ""stage_complexity"": 0.8639}"
4626f7b9-46b0-4a92-a9e8-68bd44d9baa9,PROJ-1258,2025-07-15T00:00:00+00:00,219.96,104.55,162,77,37,48,128809135.48,785714905.71,"{""SURVEY"": 11, ""VERIFICATION"": 11, ""OBJECTION"": 28, ""AWARD"": 7, ""COMPENSATION"": 7}","{""officers_count"": 6, ""sla_breaches"": 5, ""disputes_count"": 7, ""avg_days_per_stage"": 108.8, ""stage_complexity"": 0.78}"
dd4a040a-7e90-454d-941d-490c600e1b8d,PROJ-1258,2025-07-30T00:00:00+00:00,219.96,109.98,162,81,33,48,81573295.89,945248342.02,"{""SURVEY"": 9, ""VERIFICATION"": 9, ""OBJECTION"": 28, ""AWARD"": 6, ""COMPENSATION"": 6}","{""officers_count"": 4, ""sla_breaches"": 10, ""disputes_count"": 7, ""avg_days_per_stage"": 83.1, ""stage_complexity"": 0.7551}"
15e02435-e8bd-4492-936a-e8c133a793b4,PROJ-1259,2025-01-01T00:00:00+00:00,509.15,66.81,221,29,192,0,0.0,510391405.33,"{""SURVEY"": 57, ""VERIFICATION"": 57, ""OBJECTION"": 0, ""AWARD"": 38, ""COMPENSATION"": 38}","{""officers_count"": 5, ""sla_breaches"": 1, ""disputes_count"": 0, ""avg_days_per_stage"": 33.7, ""stage_complexity"": 0.3059}"
0a4bf55e-6e37-45ed-8577-6db0ba9027aa,PROJ-1259,2025-01-16T00:00:00+00:00,509.15,131.32,221,57,164,1,85065234.22,493378358.49,"{""SURVEY"": 49, ""VERIFICATION"": 49, ""OBJECTION"": 0, ""AWARD"": 32, ""COMPENSATION"": 32}","{""officers_count"": 8, ""sla_breaches"": 1, ""disputes_count"": 3, ""avg_days_per_stage"": 30.5, ""stage_complexity"": 0.3758}"
93f9c10f-1498-4a2b-a22a-1bf60b759ff4,PROJ-1259,2025-01-31T00:00:00+00:00,509.15,179.7,221,78,142,1,255195702.67,459352264.8,"{""SURVEY"": 42, ""VERIFICATION"": 42, ""OBJECTION"": 0, ""AWARD"": 28, ""COMPENSATION"": 28}","{""officers_count"": 8, ""sla_breaches"": 1, ""disputes_count"": 2, ""avg_days_per_stage"": 23.7, ""stage_complexity"": 0.3915}"
cb6aeaa7-bddf-44e5-b959-ddcb286787c0,PROJ-1259,2025-02-15T00:00:00+00:00,509.15,221.17,221,96,124,0,510391405.33,408313124.26,"{""SURVEY"": 37, ""VERIFICATION"": 37, ""OBJECTION"": 0, ""AWARD"": 24, ""COMPENSATION"": 24}","{""officers_count"": 8, ""sla_breaches"": 0, ""disputes_count"": 0, ""avg_days_per_stage"": 31.9, ""stage_complexity"": 0.4319}"
c4521318-142d-4de7-8bcc-e434b6ecb696,PROJ-1259,2025-03-02T00:00:00+00:00,509.15,276.46,221,120,101,0,850652342.22,340260936.89,"{""SURVEY"": 30, ""VERIFICATION"": 30, ""OBJECTION"": 0, ""AWARD"": 20, ""COMPENSATION"": 20}","{""officers_count"": 10, ""sla_breaches"": 2, ""disputes_count"": 2, ""avg_days_per_stage"": 31.5, ""stage_complexity"": 0.2222}"
2050438f-65c2-4f88-a2f3-e892d6296f7d,PROJ-1259,2025-03-17T00:00:00+00:00,509.15,336.36,221,146,75,0,1275978513.33,255195702.67,"{""SURVEY"": 22, ""VERIFICATION"": 22, ""OBJECTION"": 0, ""AWARD"": 15, ""COMPENSATION"": 15}","{""officers_count"": 11, ""sla_breaches"": 1, ""disputes_count"": 2, ""avg_days_per_stage"": 20.4, ""stage_complexity"": 0.3455}"
25500021-ccc3-4f78-88dc-319d64008ab3,PROJ-1259,2025-04-01T00:00:00+00:00,509.15,400.87,221,174,47,1,1701304684.43,170130468.44,"{""SURVEY"": 14, ""VERIFICATION"": 14, ""OBJECTION"": 0, ""AWARD"": 9, ""COMPENSATION"": 9}","{""officers_count"": 9, ""sla_breaches"": 0, ""disputes_count"": 3, ""avg_days_per_stage"": 19.8, ""stage_complexity"": 0.3733}"
57ed4ec7-7b0b-4174-9e7c-8379b8dfa899,PROJ-1259,2025-04-16T00:00:00+00:00,509.15,463.07,221,201,19,2,1701304684.43,170130468.44,"{""SURVEY"": 5, ""VERIFICATION"": 5, ""OBJECTION"": 1, ""AWARD"": 3, ""COMPENSATION"": 3}","{""officers_count"": 10, ""sla_breaches"": 2, ""disputes_count"": 3, ""avg_days_per_stage"": 34.2, ""stage_complexity"": 0.2429}"
